Row ID,Order ID,Order Date,Ship Date,Ship Mode,Customer ID,Customer Name,Segment,State,Region,Product ID,Category,Sub-Category,Product Name,Sales,Quantity,Discount,Profit
1,CA-2022-599219,2022-05-08,2022-05-14,Same Day,CU-1125,Ahmed Moore,Home Office,Mississippi,South,PRD-OFF-4986,Office Supplies,Appliances,Appliances Item 413,20.84,1,0.1,1.71
2,CA-2023-680358,2023-01-26,2023-01-30,Same Day,CU-1169,David Thomas,Corporate,Wisconsin,Central,PRD-OFF-5118,Office Supplies,Storage,Storage Item 336,312.75,9,0.5,6.85
3,CA-2022-878967,2022-10-09,2022-10-10,Second Class,CU-1030,Susan Davis,Consumer,Ohio,Central,PRD-OFF-9595,Office Supplies,Fasteners,Fasteners Item 711,476.9,4,0.2,107.81
4,CA-2022-338533,2022-02-02,2022-02-05,First Class,CU-1072,Barbara Jackson,Home Office,Illinois,Central,PRD-FUR-1893,Furniture,Tables,Tables Item 666,1070.79,1,0,25.1
5,CA-2024-889359,2024-07-30,2024-08-06,Standard Class,CU-1074,Mary Young,Home Office,Washington,West,PRD-FUR-4020,Furniture,Chairs,Chairs Item 152,2239.9,10,0.5,219.98
6,CA-2021-168517,2021-08-22,2021-08-29,Standard Class,CU-1064,Michael Thompson,Corporate,Florida,East,PRD-FUR-5978,Furniture,Furnishings,Furnishings Item 187,9552.9,10,0,-303.05
7,CA-2024-536390,2024-02-17,2024-02-24,Same Day,CU-1063,Chen Brown,Consumer,New York,East,PRD-OFF-8025,Office Supplies,Envelopes,Envelopes Item 412,1165.82,8,0.2,334.68
8,CA-2021-876039,2021-05-04,2021-05-09,Second Class,CU-1145,Fatima White,Home Office,Wisconsin,Central,PRD-TEC-2229,Technology,Accessories,Accessories Item 260,6689.15,5,0,53.11
9,CA-2023-722656,2023-07-12,2023-07-18,Standard Class,CU-1000,Anna Brown,Consumer,Alabama,South,PRD-FUR-8438,Furniture,Bookcases,Bookcases Item 172,1451.23,4,0.2,313.97
10,CA-2022-929683,2022-06-26,2022-07-03,Same Day,CU-1175,Linda Jones,Corporate,Washington,West,PRD-OFF-3330,Office Supplies,Envelopes,Envelopes Item 173,222.38,2,0,68.67
11,CA-2022-885339,2022-09-22,2022-09-27,Same Day,CU-1015,Mary Davis,Corporate,Washington,West,PRD-OFF-5460,Office Supplies,Labels,Labels Item 612,154.24,2,0.2,33.14
12,CA-2023-727086,2023-06-16,2023-06-17,First Class,CU-1138,Joseph Jackson,Home Office,Florida,East,PRD-TEC-1339,Technology,Copiers,Copiers Item 883,5382.2,10,0,16.23
13,CA-2024-900177,2024-03-26,2024-03-27,Same Day,CU-1172,Linda Williams,Home Office,Oregon,West,PRD-TEC-9056,Technology,Copiers,Copiers Item 193,1211.7,5,0.4,224.96
14,CA-2023-436653,2023-04-17,2023-04-20,Second Class,CU-1120,Jessica Lee,Home Office,Oregon,West,PRD-OFF-7561,Office Supplies,Paper,Paper Item 933,255.81,6,0.5,7.6
15,CA-2021-192337,2021-03-17,2021-03-21,First Class,CU-1194,David Smith,Corporate,Mississippi,South,PRD-FUR-1018,Furniture,Bookcases,Bookcases Item 773,1747.4,2,0.4,505.37
16,CA-2023-296694,2023-04-27,2023-04-28,Same Day,CU-1138,Joseph Jackson,Home Office,Florida,East,PRD-OFF-3146,Office Supplies,Storage,Storage Item 394,1103.04,8,0.1,22.25
17,CA-2021-760626,2021-09-06,2021-09-07,Second Class,CU-1112,Michael White,Corporate,Alabama,South,PRD-OFF-2858,Office Supplies,Envelopes,Envelopes Item 572,337.23,5,0.4,-19.58
18,CA-2023-406039,2023-10-18,2023-10-24,Same Day,CU-1030,Susan Davis,Consumer,Ohio,Central,PRD-OFF-3369,Office Supplies,Labels,Labels Item 492,1412.28,8,0.1,149.07
19,CA-2023-243139,2023-11-07,2023-11-13,Same Day,CU-1048,Michael Thompson,Home Office,North Carolina,East,PRD-TEC-5634,Technology,Machines,Machines Item 843,8984.54,6,0.2,2419.06
20,CA-2024-613425,2024-04-02,2024-04-08,Same Day,CU-1076,Charles Harris,Home Office,North Carolina,East,PRD-TEC-6272,Technology,Copiers,Copiers Item 990,2513.74,6,0.4,263.7
21,CA-2024-344907,2024-03-17,2024-03-21,First Class,CU-1048,Michael Thompson,Home Office,Pennsylvania,East,PRD-FUR-3492,Furniture,Chairs,Chairs Item 607,5120.06,8,0.4,377.53
22,CA-2023-448121,2023-10-26,2023-10-31,Standard Class,CU-1009,Fatima Taylor,Consumer,Washington,West,PRD-TEC-7717,Technology,Copiers,Copiers Item 991,16428.24,9,0,3697.99
23,CA-2021-919488,2021-06-03,2021-06-07,Same Day,CU-1167,Jennifer Johnson,Corporate,Ohio,Central,PRD-FUR-8994,Furniture,Bookcases,Bookcases Item 993,1538.51,2,0.4,506.73
24,CA-2024-346174,2024-06-18,2024-06-19,Second Class,CU-1138,Joseph Jackson,Home Office,New York,East,PRD-OFF-2646,Office Supplies,Labels,Labels Item 554,179.24,2,0,43.41
25,CA-2021-440131,2021-03-01,2021-03-02,First Class,CU-1042,Lisa Taylor,Corporate,Oregon,West,PRD-TEC-3950,Technology,Machines,Machines Item 274,4805.14,6,0.1,668.03
26,CA-2024-501126,2024-06-02,2024-06-09,Same Day,CU-1044,Mary Davis,Home Office,California,West,PRD-OFF-8529,Office Supplies,Envelopes,Envelopes Item 361,164.55,10,0.5,30.78
27,CA-2023-810526,2023-08-11,2023-08-14,Standard Class,CU-1170,William Williams,Corporate,California,West,PRD-OFF-7951,Office Supplies,Fasteners,Fasteners Item 806,1211.65,8,0.2,227.21
28,CA-2022-503380,2022-09-11,2022-09-13,Second Class,CU-1064,Michael Thompson,Corporate,Florida,East,PRD-FUR-5837,Furniture,Chairs,Chairs Item 122,4876.09,7,0.2,1690.6
29,CA-2022-693419,2022-07-17,2022-07-18,Same Day,CU-1168,David Miller,Corporate,Alabama,South,PRD-OFF-6772,Office Supplies,Binders,Binders Item 324,703.22,5,0.1,121.78
30,CA-2024-810687,2024-06-25,2024-06-28,Standard Class,CU-1162,Sarah Smith,Corporate,Georgia,South,PRD-OFF-6977,Office Supplies,Fasteners,Fasteners Item 849,32.62,1,0.5,-2.77
31,CA-2022-883790,2022-08-28,2022-08-31,Second Class,CU-1033,Lisa Williams,Corporate,Illinois,Central,PRD-FUR-5465,Furniture,Tables,Tables Item 950,2490.96,3,0.3,345.95
32,CA-2023-409478,2023-09-14,2023-09-21,Standard Class,CU-1042,Lisa Taylor,Corporate,Oregon,West,PRD-OFF-4696,Office Supplies,Storage,Storage Item 980,1542.08,8,0,369.12
33,CA-2024-194689,2024-02-16,2024-02-19,First Class,CU-1173,Fatima Smith,Consumer,Florida,East,PRD-FUR-5295,Furniture,Chairs,Chairs Item 698,1333.58,9,0.3,270.41
34,CA-2021-345180,2021-08-10,2021-08-16,First Class,CU-1097,John Jackson,Corporate,Oregon,West,PRD-FUR-8606,Furniture,Chairs,Chairs Item 817,3554.1,10,0,660.82
35,CA-2021-147549,2021-08-27,2021-08-29,Same Day,CU-1077,Mary Martin,Consumer,Florida,East,PRD-TEC-7078,Technology,Machines,Machines Item 786,479.04,2,0,35.88
36,CA-2023-878325,2023-05-09,2023-05-14,Same Day,CU-1190,Jessica Young,Corporate,Mississippi,South,PRD-OFF-5583,Office Supplies,Fasteners,Fasteners Item 133,201.08,2,0.4,64.86
37,CA-2022-566297,2022-03-21,2022-03-25,Standard Class,CU-1176,Charles Miller,Corporate,Tennessee,South,PRD-TEC-5520,Technology,Machines,Machines Item 294,4669.18,6,0.3,-339.69
38,CA-2021-322409,2021-07-07,2021-07-13,Standard Class,CU-1031,John Johnson,Consumer,Florida,East,PRD-OFF-4362,Office Supplies,Binders,Binders Item 170,315.0,6,0,80.05
39,CA-2022-326441,2022-03-01,2022-03-06,Second Class,CU-1195,Jennifer Harris,Consumer,Mississippi,South,PRD-TEC-9850,Technology,Machines,Machines Item 356,555.3,10,0,191.24
40,CA-2024-127032,2024-09-15,2024-09-22,First Class,CU-1044,Mary Davis,Home Office,California,West,PRD-TEC-1858,Technology,Phones,Phones Item 229,4793.04,4,0,-103.48
41,CA-2023-881886,2023-12-14,2023-12-15,Same Day,CU-1189,Lisa Thompson,Corporate,Minnesota,Central,PRD-TEC-4629,Technology,Copiers,Copiers Item 729,6304.86,6,0,651.94
42,CA-2022-774591,2022-09-10,2022-09-14,Same Day,CU-1011,Lisa Wilson,Consumer,Wisconsin,Central,PRD-TEC-8267,Technology,Phones,Phones Item 175,6168.61,7,0,744.06
43,CA-2024-168872,2024-05-30,2024-06-01,First Class,CU-1020,Lisa Garcia,Home Office,Virginia,East,PRD-TEC-8048,Technology,Machines,Machines Item 201,11141.31,7,0.2,1160.61
44,CA-2024-906315,2024-09-02,2024-09-08,Same Day,CU-1179,Charles Smith,Corporate,Illinois,Central,PRD-OFF-8430,Office Supplies,Envelopes,Envelopes Item 508,855.26,8,0.4,44.92
45,CA-2022-427704,2022-10-03,2022-10-07,First Class,CU-1106,Susan Thompson,Corporate,New York,East,PRD-OFF-2398,Office Supplies,Labels,Labels Item 195,208.4,3,0.5,-14.54
46,CA-2023-236435,2023-02-03,2023-02-10,First Class,CU-1110,William Garcia,Home Office,California,West,PRD-OFF-1842,Office Supplies,Binders,Binders Item 394,102.13,2,0.4,29.68
47,CA-2022-705991,2022-12-22,2022-12-23,Second Class,CU-1153,Robert Davis,Corporate,Virginia,East,PRD-OFF-7022,Office Supplies,Envelopes,Envelopes Item 217,389.84,8,0,22.44
48,CA-2024-946432,2024-03-21,2024-03-23,First Class,CU-1195,Jennifer Harris,Consumer,Tennessee,South,PRD-FUR-6751,Furniture,Chairs,Chairs Item 106,236.17,1,0.2,74.32
49,CA-2024-520252,2024-03-05,2024-03-11,Standard Class,CU-1046,Robert Harris,Home Office,Pennsylvania,East,PRD-TEC-8432,Technology,Accessories,Accessories Item 449,2708.86,2,0.1,187.69
50,CA-2022-440140,2022-10-01,2022-10-07,Standard Class,CU-1040,Yuki Moore,Home Office,Virginia,East,PRD-OFF-5458,Office Supplies,Paper,Paper Item 553,107.07,3,0,21.77
51,CA-2023-563516,2023-09-22,2023-09-27,Second Class,CU-1169,David Thomas,Corporate,Minnesota,Central,PRD-FUR-8972,Furniture,Bookcases,Bookcases Item 639,1065.47,9,0.4,-53.38
52,CA-2021-514463,2021-04-04,2021-04-06,Standard Class,CU-1170,William Williams,Corporate,Oregon,West,PRD-OFF-5186,Office Supplies,Binders,Binders Item 396,229.61,4,0.1,56.33
53,CA-2021-883301,2021-01-16,2021-01-20,Second Class,CU-1083,Linda Wilson,Corporate,New York,East,PRD-FUR-6802,Furniture,Tables,Tables Item 173,5121.27,7,0.1,640.76
54,CA-2023-582087,2023-06-13,2023-06-14,Same Day,CU-1101,Priya Jones,Home Office,California,West,PRD-TEC-7636,Technology,Machines,Machines Item 121,5031.72,10,0.4,152.37
55,CA-2024-972442,2024-06-19,2024-06-23,Standard Class,CU-1083,Linda Wilson,Corporate,Pennsylvania,East,PRD-OFF-7560,Office Supplies,Storage,Storage Item 636,1068.92,7,0.1,102.67
56,CA-2022-456005,2022-09-28,2022-10-04,Second Class,CU-1020,Lisa Garcia,Home Office,Florida,East,PRD-TEC-4176,Technology,Machines,Machines Item 894,2090.88,2,0,290.16
57,CA-2024-254864,2024-08-14,2024-08-21,Second Class,CU-1089,Susan Moore,Consumer,Michigan,Central,PRD-TEC-2234,Technology,Phones,Phones Item 281,2173.4,5,0,526.17
58,CA-2023-691119,2023-08-09,2023-08-16,First Class,CU-1197,Priya Lee,Home Office,Alabama,South,PRD-OFF-5961,Office Supplies,Appliances,Appliances Item 915,206.64,6,0,22.94
59,CA-2021-631981,2021-04-26,2021-04-29,Same Day,CU-1070,Priya Johnson,Consumer,Wisconsin,Central,PRD-TEC-2257,Technology,Machines,Machines Item 760,690.65,8,0.3,189.42
60,CA-2024-503159,2024-05-01,2024-05-06,Same Day,CU-1023,Wei Johnson,Consumer,Arizona,West,PRD-FUR-9214,Furniture,Chairs,Chairs Item 254,6917.4,10,0.3,1191.54
61,CA-2021-978053,2021-07-31,2021-08-07,Second Class,CU-1015,Mary Davis,Corporate,Nevada,West,PRD-FUR-9586,Furniture,Chairs,Chairs Item 635,197.09,1,0.5,68.18
62,CA-2023-396635,2023-01-16,2023-01-19,First Class,CU-1156,Jessica Johnson,Consumer,Ohio,Central,PRD-FUR-2548,Furniture,Furnishings,Furnishings Item 671,748.86,10,0.3,-52.67
63,CA-2022-858889,2022-08-05,2022-08-08,First Class,CU-1173,Fatima Smith,Consumer,Florida,East,PRD-OFF-6082,Office Supplies,Fasteners,Fasteners Item 771,237.26,2,0,74.15
64,CA-2021-843266,2021-09-22,2021-09-27,Same Day,CU-1178,Fatima Garcia,Corporate,Nevada,West,PRD-TEC-7937,Technology,Machines,Machines Item 620,9814.26,6,0,1871.69
65,CA-2023-289019,2023-01-13,2023-01-16,Same Day,CU-1092,Omar Brown,Consumer,Texas,South,PRD-TEC-5846,Technology,Machines,Machines Item 964,1967.04,4,0,-59.55
66,CA-2024-874524,2024-01-11,2024-01-18,First Class,CU-1025,John Miller,Home Office,Mississippi,South,PRD-OFF-3962,Office Supplies,Binders,Binders Item 951,183.3,10,0.4,-5.61
67,CA-2021-558933,2021-12-06,2021-12-12,First Class,CU-1177,Fatima Anderson,Consumer,Arizona,West,PRD-TEC-8355,Technology,Copiers,Copiers Item 339,6210.24,4,0.2,1481.61
68,CA-2022-922471,2022-09-26,2022-10-03,First Class,CU-1136,Linda Miller,Consumer,Washington,West,PRD-FUR-7256,Furniture,Tables,Tables Item 614,7385.65,10,0.5,1818.7
69,CA-2021-309398,2021-11-28,2021-12-05,First Class,CU-1135,John Davis,Home Office,Alabama,South,PRD-OFF-2680,Office Supplies,Fasteners,Fasteners Item 828,91.02,1,0.3,13.61
70,CA-2022-900185,2022-08-07,2022-08-08,Same Day,CU-1132,Joseph White,Corporate,New York,East,PRD-TEC-4637,Technology,Machines,Machines Item 936,1821.58,9,0.4,-106.98
71,CA-2021-155843,2021-02-24,2021-02-28,Second Class,CU-1115,William Williams,Corporate,Tennessee,South,PRD-FUR-6221,Furniture,Bookcases,Bookcases Item 201,7310.55,7,0.3,7.62
72,CA-2021-140163,2021-10-27,2021-10-29,Second Class,CU-1182,Chen Young,Consumer,Tennessee,South,PRD-FUR-1311,Furniture,Furnishings,Furnishings Item 362,5515.52,8,0,1696.77
73,CA-2024-738457,2024-01-29,2024-02-04,Standard Class,CU-1055,Priya Johnson,Corporate,Washington,West,PRD-OFF-7878,Office Supplies,Art,Art Item 754,256.7,5,0,-20.15
74,CA-2021-977330,2021-05-09,2021-05-10,Second Class,CU-1159,James Anderson,Corporate,Minnesota,Central,PRD-FUR-4941,Furniture,Chairs,Chairs Item 684,1374.51,3,0,242.83
75,CA-2024-189772,2024-09-22,2024-09-28,Standard Class,CU-1106,Susan Thompson,Corporate,Pennsylvania,East,PRD-OFF-8702,Office Supplies,Storage,Storage Item 144,999.9,9,0,75.7
76,CA-2023-883618,2023-02-04,2023-02-07,Standard Class,CU-1162,Sarah Smith,Corporate,Alabama,South,PRD-TEC-6447,Technology,Machines,Machines Item 236,3121.2,6,0,771.48
77,CA-2024-953025,2024-01-24,2024-01-27,Same Day,CU-1011,Lisa Wilson,Consumer,Michigan,Central,PRD-OFF-8498,Office Supplies,Fasteners,Fasteners Item 137,1025.52,8,0,-73.43
78,CA-2021-309159,2021-03-31,2021-04-07,First Class,CU-1075,Ahmed Taylor,Consumer,Washington,West,PRD-TEC-4131,Technology,Machines,Machines Item 392,3719.43,9,0.5,52.04
79,CA-2024-386488,2024-09-04,2024-09-07,Same Day,CU-1091,Lisa Martin,Consumer,Texas,South,PRD-TEC-4060,Technology,Machines,Machines Item 608,6297.69,7,0.4,331.05
80,CA-2023-644500,2023-01-23,2023-01-30,Same Day,CU-1177,Fatima Anderson,Consumer,Nevada,West,PRD-FUR-6262,Furniture,Chairs,Chairs Item 205,1325.98,2,0,192.88
81,CA-2024-421384,2024-09-15,2024-09-18,Second Class,CU-1020,Lisa Garcia,Home Office,Virginia,East,PRD-FUR-6776,Furniture,Furnishings,Furnishings Item 729,4374.16,8,0,993.23
82,CA-2024-160144,2024-08-02,2024-08-09,First Class,CU-1111,Richard Johnson,Corporate,Virginia,East,PRD-TEC-3339,Technology,Copiers,Copiers Item 969,14509.26,9,0,4770.0
83,CA-2021-170499,2021-03-13,2021-03-15,First Class,CU-1155,Jessica Taylor,Home Office,Minnesota,Central,PRD-TEC-8371,Technology,Machines,Machines Item 479,13310.22,7,0,2293.25
84,CA-2021-244383,2021-06-07,2021-06-12,Same Day,CU-1095,Maria Taylor,Consumer,Alabama,South,PRD-OFF-1424,Office Supplies,Storage,Storage Item 853,710.96,6,0.1,236.21
85,CA-2023-688956,2023-11-27,2023-12-01,First Class,CU-1047,William Martin,Home Office,Minnesota,Central,PRD-TEC-9047,Technology,Machines,Machines Item 304,2997.82,8,0.2,636.41
86,CA-2021-281043,2021-06-01,2021-06-05,Standard Class,CU-1031,John Johnson,Consumer,Pennsylvania,East,PRD-OFF-5757,Office Supplies,Appliances,Appliances Item 407,811.38,6,0,119.68
87,CA-2023-335134,2023-01-11,2023-01-16,Second Class,CU-1040,Yuki Moore,Home Office,Pennsylvania,East,PRD-TEC-7044,Technology,Accessories,Accessories Item 578,6364.92,4,0,397.19
88,CA-2024-168941,2024-06-07,2024-06-08,Same Day,CU-1141,Priya Brown,Corporate,Pennsylvania,East,PRD-FUR-2208,Furniture,Furnishings,Furnishings Item 228,3422.9,9,0.4,925.9
89,CA-2023-813145,2023-07-11,2023-07-15,Second Class,CU-1081,Jessica Young,Home Office,Texas,South,PRD-OFF-3114,Office Supplies,Storage,Storage Item 543,1167.84,9,0,286.71
90,CA-2021-260448,2021-09-12,2021-09-17,Second Class,CU-1128,Michael Jackson,Home Office,Illinois,Central,PRD-FUR-9501,Furniture,Tables,Tables Item 390,7581.92,6,0.1,422.39
91,CA-2022-677599,2022-02-07,2022-02-13,First Class,CU-1020,Lisa Garcia,Home Office,Virginia,East,PRD-FUR-3526,Furniture,Tables,Tables Item 275,8142.1,10,0,1354.14
92,CA-2024-983456,2024-05-24,2024-05-27,Standard Class,CU-1168,David Miller,Corporate,Mississippi,South,PRD-OFF-7825,Office Supplies,Binders,Binders Item 732,22.19,2,0.2,4.28
93,CA-2023-672079,2023-10-17,2023-10-23,Same Day,CU-1163,Carlos Thomas,Home Office,New York,East,PRD-FUR-2195,Furniture,Bookcases,Bookcases Item 805,2910.94,4,0.4,98.52
94,CA-2023-607774,2023-06-20,2023-06-24,First Class,CU-1015,Mary Davis,Corporate,Washington,West,PRD-FUR-6658,Furniture,Tables,Tables Item 508,1688.33,10,0.3,388.97
95,CA-2023-211341,2023-11-21,2023-11-26,Same Day,CU-1033,Lisa Williams,Corporate,Michigan,Central,PRD-FUR-1829,Furniture,Tables,Tables Item 397,761.72,2,0.1,-27.88
96,CA-2023-267457,2023-05-07,2023-05-09,Second Class,CU-1098,James Taylor,Consumer,Mississippi,South,PRD-FUR-6055,Furniture,Bookcases,Bookcases Item 609,1143.68,3,0.5,142.32
97,CA-2023-579441,2023-03-17,2023-03-22,First Class,CU-1005,Karen Miller,Home Office,Illinois,Central,PRD-TEC-8710,Technology,Accessories,Accessories Item 392,74.28,1,0.5,12.54
98,CA-2021-240440,2021-08-09,2021-08-13,Same Day,CU-1137,Mary Davis,Corporate,California,West,PRD-FUR-4189,Furniture,Bookcases,Bookcases Item 471,579.06,6,0,90.7
99,CA-2021-628750,2021-05-31,2021-06-04,Standard Class,CU-1141,Priya Brown,Corporate,Virginia,East,PRD-FUR-6555,Furniture,Bookcases,Bookcases Item 671,2634.07,3,0.4,178.96
100,CA-2022-633853,2022-02-12,2022-02-17,Standard Class,CU-1093,Patricia Brown,Home Office,Pennsylvania,East,PRD-FUR-9508,Furniture,Chairs,Chairs Item 567,162.01,1,0.3,42.41
101,CA-2023-443897,2023-11-22,2023-11-24,Second Class,CU-1038,Joseph Smith,Home Office,Mississippi,South,PRD-OFF-9311,Office Supplies,Storage,Storage Item 948,1109.75,7,0.2,185.52
102,CA-2023-690268,2023-10-01,2023-10-07,Standard Class,CU-1130,Richard Thompson,Consumer,Mississippi,South,PRD-FUR-6040,Furniture,Furnishings,Furnishings Item 915,3101.52,6,0,1057.48
103,CA-2024-378428,2024-05-07,2024-05-11,Standard Class,CU-1185,James Jackson,Corporate,California,West,PRD-OFF-4968,Office Supplies,Envelopes,Envelopes Item 132,592.14,10,0.4,-19.84
104,CA-2022-562462,2022-01-26,2022-01-27,Second Class,CU-1146,Wei Thompson,Corporate,New York,East,PRD-FUR-8726,Furniture,Furnishings,Furnishings Item 993,4389.17,7,0.4,552.24
105,CA-2024-643878,2024-12-16,2024-12-18,Same Day,CU-1188,Ahmed Martin,Home Office,Texas,South,PRD-TEC-9734,Technology,Machines,Machines Item 450,7063.29,9,0,754.7
106,CA-2024-855944,2024-10-16,2024-10-23,Same Day,CU-1139,Maria Thomas,Corporate,Michigan,Central,PRD-OFF-4684,Office Supplies,Labels,Labels Item 404,613.38,4,0.2,92.71
107,CA-2024-823769,2024-12-14,2024-12-16,First Class,CU-1197,Priya Lee,Home Office,Tennessee,South,PRD-OFF-9899,Office Supplies,Appliances,Appliances Item 488,467.33,8,0.2,13.79
108,CA-2021-144109,2021-10-27,2021-10-30,First Class,CU-1101,Priya Jones,Home Office,Oregon,West,PRD-FUR-9824,Furniture,Chairs,Chairs Item 377,3977.12,8,0.5,-14.74
109,CA-2021-745584,2021-10-09,2021-10-10,Second Class,CU-1143,Karen Davis,Consumer,Michigan,Central,PRD-OFF-1860,Office Supplies,Envelopes,Envelopes Item 202,122.06,1,0.1,22.83
110,CA-2023-814281,2023-08-26,2023-08-27,Second Class,CU-1105,Carlos Davis,Home Office,Oregon,West,PRD-TEC-4267,Technology,Phones,Phones Item 874,4630.99,7,0.5,531.88
111,CA-2022-162036,2022-08-08,2022-08-14,Standard Class,CU-1073,Robert Miller,Corporate,Virginia,East,PRD-TEC-1595,Technology,Accessories,Accessories Item 956,2594.64,3,0,830.97
112,CA-2022-403528,2022-01-17,2022-01-23,First Class,CU-1101,Priya Jones,Home Office,Nevada,West,PRD-TEC-9901,Technology,Phones,Phones Item 636,8578.01,10,0.3,240.64
113,CA-2023-386090,2023-10-30,2023-11-03,First Class,CU-1126,Carlos Jackson,Corporate,Ohio,Central,PRD-TEC-1230,Technology,Phones,Phones Item 854,3541.63,3,0.2,791.09
114,CA-2024-894068,2024-03-08,2024-03-14,Same Day,CU-1086,Lisa Young,Consumer,Oregon,West,PRD-TEC-2562,Technology,Accessories,Accessories Item 289,7383.6,7,0,593.46
115,CA-2022-107161,2022-10-25,2022-10-27,Second Class,CU-1035,Karen Smith,Home Office,Nevada,West,PRD-FUR-1187,Furniture,Furnishings,Furnishings Item 367,6372.91,8,0.3,228.63
116,CA-2024-165142,2024-11-19,2024-11-21,Same Day,CU-1167,Jennifer Johnson,Corporate,Michigan,Central,PRD-OFF-5833,Office Supplies,Paper,Paper Item 476,144.56,5,0.2,30.45
117,CA-2022-601410,2022-03-25,2022-03-27,First Class,CU-1157,Richard Young,Home Office,Washington,West,PRD-TEC-4578,Technology,Copiers,Copiers Item 880,4965.73,7,0.5,1195.79
118,CA-2021-568449,2021-06-17,2021-06-22,Standard Class,CU-1063,Chen Brown,Consumer,North Carolina,East,PRD-OFF-3455,Office Supplies,Storage,Storage Item 268,241.92,10,0.1,38.15
119,CA-2023-813341,2023-06-24,2023-06-25,Standard Class,CU-1083,Linda Wilson,Corporate,North Carolina,East,PRD-TEC-9409,Technology,Copiers,Copiers Item 525,8268.21,9,0,860.26
120,CA-2021-584838,2021-04-29,2021-05-04,Standard Class,CU-1116,Anna Martin,Corporate,Mississippi,South,PRD-OFF-2196,Office Supplies,Labels,Labels Item 146,382.34,7,0,90.08
121,CA-2024-667451,2024-12-05,2024-12-06,Same Day,CU-1108,Priya Jackson,Consumer,Virginia,East,PRD-TEC-7887,Technology,Phones,Phones Item 483,609.83,1,0,150.04
122,CA-2023-184148,2023-02-13,2023-02-17,First Class,CU-1097,John Jackson,Corporate,Nevada,West,PRD-OFF-4648,Office Supplies,Fasteners,Fasteners Item 954,47.76,2,0.4,6.59
123,CA-2022-806215,2022-09-04,2022-09-08,Same Day,CU-1000,Anna Brown,Consumer,Texas,South,PRD-OFF-4088,Office Supplies,Art,Art Item 996,149.13,4,0.3,-4.5
124,CA-2021-792267,2021-03-07,2021-03-14,Second Class,CU-1185,James Jackson,Corporate,California,West,PRD-FUR-1797,Furniture,Chairs,Chairs Item 350,515.68,4,0,52.03
125,CA-2023-345722,2023-04-04,2023-04-08,Standard Class,CU-1189,Lisa Thompson,Corporate,Illinois,Central,PRD-OFF-6224,Office Supplies,Envelopes,Envelopes Item 691,247.82,3,0.2,1.33
126,CA-2022-250219,2022-05-01,2022-05-04,Same Day,CU-1153,Robert Davis,Corporate,Virginia,East,PRD-OFF-7999,Office Supplies,Envelopes,Envelopes Item 669,293.3,5,0,53.29
127,CA-2022-803953,2022-12-07,2022-12-13,Same Day,CU-1126,Carlos Jackson,Corporate,Illinois,Central,PRD-FUR-9813,Furniture,Bookcases,Bookcases Item 584,1047.27,7,0.4,-18.07
128,CA-2022-841948,2022-09-08,2022-09-15,Standard Class,CU-1061,Yuki Johnson,Home Office,Washington,West,PRD-TEC-3196,Technology,Copiers,Copiers Item 497,4615.49,9,0.4,695.92
129,CA-2022-778120,2022-02-21,2022-02-24,First Class,CU-1062,Mary Thomas,Home Office,Tennessee,South,PRD-TEC-7179,Technology,Copiers,Copiers Item 789,1970.08,2,0.1,-151.32
130,CA-2021-176319,2021-03-22,2021-03-29,Same Day,CU-1154,Maria Miller,Consumer,Wisconsin,Central,PRD-TEC-1251,Technology,Accessories,Accessories Item 316,4887.32,4,0.3,178.07
131,CA-2023-829417,2023-09-08,2023-09-10,Same Day,CU-1048,Michael Thompson,Home Office,New York,East,PRD-OFF-9743,Office Supplies,Envelopes,Envelopes Item 764,360.51,4,0.2,25.7
132,CA-2022-637727,2022-06-20,2022-06-23,Standard Class,CU-1091,Lisa Martin,Consumer,Tennessee,South,PRD-FUR-7073,Furniture,Furnishings,Furnishings Item 420,6437.7,8,0.3,2005.01
133,CA-2024-332022,2024-02-27,2024-03-05,Standard Class,CU-1105,Carlos Davis,Home Office,California,West,PRD-OFF-4214,Office Supplies,Fasteners,Fasteners Item 437,338.7,5,0.4,11.12
134,CA-2024-357666,2024-03-12,2024-03-19,First Class,CU-1058,Linda Harris,Corporate,Florida,East,PRD-FUR-6770,Furniture,Bookcases,Bookcases Item 273,5803.08,8,0.5,623.09
135,CA-2023-668471,2023-09-28,2023-09-30,Standard Class,CU-1035,Karen Smith,Home Office,Arizona,West,PRD-OFF-7756,Office Supplies,Binders,Binders Item 240,378.62,2,0,92.37
136,CA-2021-258366,2021-05-20,2021-05-26,Same Day,CU-1161,Sarah Davis,Corporate,Ohio,Central,PRD-TEC-1257,Technology,Accessories,Accessories Item 106,503.64,6,0.5,99.05
137,CA-2023-117538,2023-04-23,2023-04-24,First Class,CU-1136,Linda Miller,Consumer,Arizona,West,PRD-OFF-3937,Office Supplies,Labels,Labels Item 209,61.76,1,0.4,16.23
138,CA-2021-301255,2021-11-01,2021-11-03,First Class,CU-1024,Chen Taylor,Corporate,Mississippi,South,PRD-OFF-7652,Office Supplies,Labels,Labels Item 570,800.05,5,0,54.3
139,CA-2024-414546,2024-11-28,2024-11-30,Standard Class,CU-1144,Robert White,Home Office,Georgia,South,PRD-OFF-1919,Office Supplies,Paper,Paper Item 752,100.84,2,0.4,15.0
140,CA-2021-986392,2021-06-19,2021-06-23,Standard Class,CU-1002,Carlos Thompson,Consumer,Ohio,Central,PRD-FUR-8790,Furniture,Bookcases,Bookcases Item 377,11187.32,9,0.1,-54.4
141,CA-2024-669408,2024-11-02,2024-11-05,Second Class,CU-1011,Lisa Wilson,Consumer,Illinois,Central,PRD-OFF-7525,Office Supplies,Binders,Binders Item 178,43.47,6,0.1,7.14
142,CA-2024-694223,2024-02-29,2024-03-02,Same Day,CU-1076,Charles Harris,Home Office,Pennsylvania,East,PRD-FUR-6666,Furniture,Bookcases,Bookcases Item 154,3576.09,3,0,448.29
143,CA-2022-179710,2022-04-21,2022-04-28,First Class,CU-1025,John Miller,Home Office,Alabama,South,PRD-FUR-6829,Furniture,Furnishings,Furnishings Item 666,481.08,1,0.5,58.1
144,CA-2022-714334,2022-01-16,2022-01-22,Standard Class,CU-1096,Thomas Harris,Corporate,Nevada,West,PRD-OFF-2344,Office Supplies,Art,Art Item 374,563.4,10,0.1,124.45
145,CA-2024-764693,2024-12-28,2025-01-04,First Class,CU-1039,Thomas Garcia,Home Office,Nevada,West,PRD-TEC-8286,Technology,Copiers,Copiers Item 468,1546.62,6,0,501.62
146,CA-2021-191537,2021-07-29,2021-07-31,Same Day,CU-1194,David Smith,Corporate,Tennessee,South,PRD-TEC-2468,Technology,Copiers,Copiers Item 462,6111.4,9,0.4,-327.07
147,CA-2024-922543,2024-05-07,2024-05-12,Standard Class,CU-1141,Priya Brown,Corporate,New York,East,PRD-FUR-4977,Furniture,Furnishings,Furnishings Item 685,3191.5,5,0,721.85
148,CA-2024-277735,2024-11-04,2024-11-08,First Class,CU-1133,Thomas Harris,Home Office,Pennsylvania,East,PRD-TEC-5521,Technology,Machines,Machines Item 531,5057.95,5,0,-125.22
149,CA-2021-363926,2021-06-07,2021-06-10,Second Class,CU-1076,Charles Harris,Home Office,Florida,East,PRD-TEC-7483,Technology,Copiers,Copiers Item 440,1655.04,8,0.2,-160.46
150,CA-2022-450996,2022-11-06,2022-11-10,First Class,CU-1158,Yuki Young,Corporate,Minnesota,Central,PRD-FUR-3910,Furniture,Tables,Tables Item 507,4950.29,6,0.1,572.03
151,CA-2024-614858,2024-11-24,2024-11-30,First Class,CU-1081,Jessica Young,Home Office,Tennessee,South,PRD-OFF-4273,Office Supplies,Envelopes,Envelopes Item 706,250.57,7,0.4,16.1
152,CA-2024-676820,2024-10-28,2024-11-04,Second Class,CU-1139,Maria Thomas,Corporate,Ohio,Central,PRD-TEC-7703,Technology,Copiers,Copiers Item 789,12843.92,8,0,3449.04
153,CA-2024-353777,2024-07-21,2024-07-24,Same Day,CU-1127,Maria Moore,Home Office,Pennsylvania,East,PRD-FUR-9755,Furniture,Tables,Tables Item 618,485.55,7,0.5,78.66
154,CA-2024-929130,2024-01-19,2024-01-20,Standard Class,CU-1177,Fatima Anderson,Consumer,Nevada,West,PRD-FUR-1725,Furniture,Chairs,Chairs Item 676,2790.68,4,0.3,-70.18
155,CA-2022-551365,2022-11-11,2022-11-18,Standard Class,CU-1165,Omar Thomas,Home Office,Nevada,West,PRD-TEC-7408,Technology,Phones,Phones Item 574,2173.05,5,0.1,218.61
156,CA-2024-258067,2024-11-15,2024-11-20,Same Day,CU-1197,Priya Lee,Home Office,Mississippi,South,PRD-FUR-3321,Furniture,Chairs,Chairs Item 456,928.58,2,0,-44.36
157,CA-2023-316916,2023-07-22,2023-07-29,First Class,CU-1079,Richard Brown,Home Office,Virginia,East,PRD-OFF-5919,Office Supplies,Appliances,Appliances Item 145,96.16,8,0.5,4.18
158,CA-2021-459743,2021-02-16,2021-02-23,Second Class,CU-1181,Patricia Moore,Home Office,California,West,PRD-OFF-7985,Office Supplies,Paper,Paper Item 573,422.48,4,0,20.68
159,CA-2024-295440,2024-07-13,2024-07-15,Same Day,CU-1059,Patricia Brown,Home Office,Minnesota,Central,PRD-OFF-8037,Office Supplies,Art,Art Item 498,133.91,1,0.1,13.7
160,CA-2022-888870,2022-02-26,2022-03-01,Standard Class,CU-1001,Linda Davis,Consumer,Washington,West,PRD-OFF-2867,Office Supplies,Paper,Paper Item 368,261.2,9,0.3,-2.96
161,CA-2023-428628,2023-12-17,2023-12-23,Same Day,CU-1171,Ahmed Thompson,Consumer,Alabama,South,PRD-OFF-3826,Office Supplies,Art,Art Item 933,190.96,10,0.3,53.56
162,CA-2024-188868,2024-06-12,2024-06-17,First Class,CU-1172,Linda Williams,Home Office,Oregon,West,PRD-OFF-3316,Office Supplies,Fasteners,Fasteners Item 623,103.04,2,0,-1.82
163,CA-2024-702727,2024-05-06,2024-05-08,Second Class,CU-1099,Jennifer White,Home Office,Minnesota,Central,PRD-FUR-9022,Furniture,Furnishings,Furnishings Item 395,7713.52,8,0,1154.8
164,CA-2022-572908,2022-10-07,2022-10-14,First Class,CU-1035,Karen Smith,Home Office,Washington,West,PRD-OFF-9281,Office Supplies,Binders,Binders Item 768,89.55,1,0.1,23.9
165,CA-2024-535820,2024-11-03,2024-11-07,Same Day,CU-1126,Carlos Jackson,Corporate,Minnesota,Central,PRD-OFF-4613,Office Supplies,Appliances,Appliances Item 399,63.36,3,0,16.36
166,CA-2022-402692,2022-04-06,2022-04-11,Same Day,CU-1008,David Wilson,Consumer,Virginia,East,PRD-TEC-9898,Technology,Copiers,Copiers Item 943,9414.63,9,0,193.47
167,CA-2021-853905,2021-03-27,2021-04-03,Same Day,CU-1093,Patricia Brown,Home Office,North Carolina,East,PRD-FUR-1528,Furniture,Tables,Tables Item 560,2001.42,2,0.1,67.99
168,CA-2021-223088,2021-06-28,2021-07-02,First Class,CU-1067,Mary Thompson,Consumer,Oregon,West,PRD-TEC-4385,Technology,Accessories,Accessories Item 933,12839.0,10,0,2275.94
169,CA-2024-658136,2024-03-13,2024-03-16,First Class,CU-1052,James Young,Home Office,New York,East,PRD-FUR-9428,Furniture,Tables,Tables Item 795,1821.28,5,0.2,598.43
170,CA-2023-390794,2023-04-23,2023-04-24,Second Class,CU-1024,Chen Taylor,Corporate,Georgia,South,PRD-OFF-7434,Office Supplies,Fasteners,Fasteners Item 601,93.86,4,0.3,25.61
171,CA-2024-758309,2024-07-19,2024-07-22,Same Day,CU-1036,Carlos Thompson,Corporate,Mississippi,South,PRD-FUR-5558,Furniture,Furnishings,Furnishings Item 811,1922.86,2,0,156.3
172,CA-2023-710224,2023-09-27,2023-09-30,Same Day,CU-1094,William Moore,Home Office,Florida,East,PRD-TEC-8039,Technology,Phones,Phones Item 944,6147.76,6,0.4,-12.15
173,CA-2022-968581,2022-07-04,2022-07-07,Second Class,CU-1054,Maria Johnson,Consumer,Nevada,West,PRD-FUR-1793,Furniture,Bookcases,Bookcases Item 147,8981.42,10,0.3,2715.71
174,CA-2021-999312,2021-02-03,2021-02-04,Same Day,CU-1025,John Miller,Home Office,Alabama,South,PRD-TEC-3161,Technology,Copiers,Copiers Item 765,1190.45,1,0.4,-10.66
175,CA-2022-786385,2022-07-16,2022-07-17,Standard Class,CU-1077,Mary Martin,Consumer,Pennsylvania,East,PRD-FUR-6005,Furniture,Bookcases,Bookcases Item 843,6040.98,6,0,-463.32
176,CA-2023-195629,2023-05-30,2023-06-05,Standard Class,CU-1179,Charles Smith,Corporate,Ohio,Central,PRD-OFF-9510,Office Supplies,Paper,Paper Item 796,391.92,4,0,65.51
177,CA-2021-460263,2021-01-17,2021-01-23,Second Class,CU-1113,Wei Davis,Consumer,California,West,PRD-TEC-2678,Technology,Copiers,Copiers Item 205,902.98,8,0.4,-54.0
178,CA-2022-501312,2022-09-05,2022-09-07,Standard Class,CU-1080,Charles Lee,Consumer,Oregon,West,PRD-TEC-4490,Technology,Accessories,Accessories Item 743,10335.78,9,0,1013.37
179,CA-2023-819916,2023-04-24,2023-04-29,Standard Class,CU-1191,Yuki Davis,Consumer,Georgia,South,PRD-FUR-7291,Furniture,Tables,Tables Item 459,471.64,2,0,77.97
180,CA-2021-390421,2021-10-14,2021-10-16,Second Class,CU-1109,Ahmed Taylor,Corporate,Virginia,East,PRD-OFF-1439,Office Supplies,Paper,Paper Item 968,879.77,9,0.2,220.41
181,CA-2022-736408,2022-02-25,2022-03-02,Same Day,CU-1168,David Miller,Corporate,Tennessee,South,PRD-OFF-2847,Office Supplies,Envelopes,Envelopes Item 346,589.5,5,0.1,72.33
182,CA-2021-112653,2021-05-26,2021-05-31,Second Class,CU-1127,Maria Moore,Home Office,North Carolina,East,PRD-FUR-3830,Furniture,Bookcases,Bookcases Item 881,5440.68,7,0.4,350.57
183,CA-2021-170813,2021-02-04,2021-02-09,Second Class,CU-1120,Jessica Lee,Home Office,California,West,PRD-TEC-9209,Technology,Machines,Machines Item 885,1109.42,1,0.4,141.98
184,CA-2024-186431,2024-12-08,2024-12-12,First Class,CU-1106,Susan Thompson,Corporate,Florida,East,PRD-OFF-3545,Office Supplies,Fasteners,Fasteners Item 649,117.77,2,0.1,39.86
185,CA-2024-900298,2024-04-16,2024-04-22,First Class,CU-1083,Linda Wilson,Corporate,Florida,East,PRD-OFF-2412,Office Supplies,Paper,Paper Item 544,928.24,7,0.1,-68.64
186,CA-2024-157701,2024-06-07,2024-06-12,Standard Class,CU-1029,Ahmed Young,Corporate,Minnesota,Central,PRD-FUR-6680,Furniture,Tables,Tables Item 635,1070.61,1,0,-28.13
187,CA-2021-233096,2021-12-08,2021-12-11,Standard Class,CU-1132,Joseph White,Corporate,Virginia,East,PRD-OFF-2046,Office Supplies,Labels,Labels Item 369,42.2,1,0.4,0.94
188,CA-2024-620248,2024-07-09,2024-07-10,Standard Class,CU-1182,Chen Young,Consumer,Mississippi,South,PRD-FUR-5179,Furniture,Bookcases,Bookcases Item 891,10346.08,8,0,677.25
189,CA-2024-220936,2024-10-12,2024-10-18,Standard Class,CU-1026,Michael Harris,Corporate,Wisconsin,Central,PRD-TEC-3458,Technology,Phones,Phones Item 283,263.44,1,0.5,16.8
190,CA-2024-335421,2024-09-04,2024-09-08,Same Day,CU-1009,Fatima Taylor,Consumer,Arizona,West,PRD-FUR-2956,Furniture,Tables,Tables Item 614,2572.5,6,0,404.37
191,CA-2022-943409,2022-01-03,2022-01-05,Same Day,CU-1172,Linda Williams,Home Office,California,West,PRD-OFF-6090,Office Supplies,Binders,Binders Item 435,281.62,2,0.2,69.87
192,CA-2023-486839,2023-07-25,2023-07-26,First Class,CU-1022,Omar Thompson,Consumer,Mississippi,South,PRD-TEC-9083,Technology,Machines,Machines Item 891,3661.28,10,0.3,608.73
193,CA-2024-934638,2024-01-25,2024-02-01,Standard Class,CU-1198,Karen Smith,Home Office,Pennsylvania,East,PRD-TEC-1157,Technology,Accessories,Accessories Item 443,473.44,7,0.3,88.14
194,CA-2022-315161,2022-09-22,2022-09-23,Same Day,CU-1000,Anna Brown,Consumer,Alabama,South,PRD-OFF-2524,Office Supplies,Envelopes,Envelopes Item 144,1539.44,8,0,339.05
195,CA-2023-490586,2023-04-26,2023-05-02,Standard Class,CU-1059,Patricia Brown,Home Office,Wisconsin,Central,PRD-FUR-2020,Furniture,Chairs,Chairs Item 545,1221.86,9,0.4,-81.04
196,CA-2022-373668,2022-04-30,2022-05-03,First Class,CU-1169,David Thomas,Corporate,Ohio,Central,PRD-FUR-4321,Furniture,Furnishings,Furnishings Item 239,3755.97,6,0.1,-249.36
197,CA-2021-210790,2021-08-12,2021-08-14,Same Day,CU-1199,John Davis,Home Office,Wisconsin,Central,PRD-TEC-4401,Technology,Copiers,Copiers Item 562,3539.34,6,0.3,1182.44
198,CA-2022-225738,2022-06-27,2022-07-04,First Class,CU-1078,John Lee,Consumer,Florida,East,PRD-TEC-5066,Technology,Accessories,Accessories Item 464,900.48,10,0.3,-29.94
199,CA-2021-413357,2021-04-11,2021-04-17,Standard Class,CU-1101,Priya Jones,Home Office,Arizona,West,PRD-FUR-2669,Furniture,Tables,Tables Item 923,8103.44,7,0.1,-464.92
200,CA-2021-970708,2021-01-25,2021-01-26,Second Class,CU-1035,Karen Smith,Home Office,California,West,PRD-TEC-5240,Technology,Accessories,Accessories Item 932,5431.09,7,0,880.08
201,CA-2021-777366,2021-05-13,2021-05-15,Standard Class,CU-1019,Carlos Wilson,Home Office,California,West,PRD-FUR-8096,Furniture,Tables,Tables Item 941,630.36,6,0.5,-48.67
202,CA-2023-501320,2023-10-14,2023-10-15,Second Class,CU-1185,James Jackson,Corporate,Nevada,West,PRD-OFF-8307,Office Supplies,Art,Art Item 252,281.22,6,0,6.68
203,CA-2024-357724,2024-06-22,2024-06-27,Same Day,CU-1008,David Wilson,Consumer,North Carolina,East,PRD-OFF-5583,Office Supplies,Labels,Labels Item 492,619.99,7,0.5,-44.99
204,CA-2022-935922,2022-02-13,2022-02-19,Standard Class,CU-1035,Karen Smith,Home Office,Nevada,West,PRD-OFF-8940,Office Supplies,Envelopes,Envelopes Item 452,771.6,7,0.3,89.4
205,CA-2022-383572,2022-10-21,2022-10-25,First Class,CU-1144,Robert White,Home Office,Mississippi,South,PRD-TEC-8728,Technology,Phones,Phones Item 642,3816.72,10,0.2,-281.04
206,CA-2022-204998,2022-04-22,2022-04-24,First Class,CU-1091,Lisa Martin,Consumer,Mississippi,South,PRD-TEC-4594,Technology,Accessories,Accessories Item 689,14775.84,9,0,3602.68
207,CA-2021-348041,2021-12-22,2021-12-24,First Class,CU-1099,Jennifer White,Home Office,Michigan,Central,PRD-OFF-3328,Office Supplies,Storage,Storage Item 676,73.5,10,0.3,23.99
208,CA-2024-284084,2024-01-16,2024-01-19,Standard Class,CU-1048,Michael Thompson,Home Office,Florida,East,PRD-FUR-8831,Furniture,Chairs,Chairs Item 100,334.76,1,0.1,-30.47
209,CA-2022-236828,2022-02-17,2022-02-24,First Class,CU-1084,Carlos Moore,Corporate,Mississippi,South,PRD-FUR-9622,Furniture,Tables,Tables Item 981,62.21,1,0,15.46
210,CA-2023-794303,2023-02-05,2023-02-11,First Class,CU-1093,Patricia Brown,Home Office,New York,East,PRD-FUR-8157,Furniture,Chairs,Chairs Item 910,2521.15,5,0,578.75
211,CA-2024-282664,2024-08-22,2024-08-25,Second Class,CU-1163,Carlos Thomas,Home Office,Florida,East,PRD-OFF-5825,Office Supplies,Storage,Storage Item 230,982.92,10,0.4,37.42
212,CA-2024-510623,2024-12-08,2024-12-13,Second Class,CU-1045,John Harris,Consumer,New York,East,PRD-OFF-2705,Office Supplies,Binders,Binders Item 608,603.45,10,0.1,113.35
213,CA-2021-463656,2021-06-09,2021-06-11,Standard Class,CU-1036,Carlos Thompson,Corporate,Tennessee,South,PRD-FUR-2110,Furniture,Tables,Tables Item 458,3295.44,6,0.2,-18.59
214,CA-2021-504684,2021-01-03,2021-01-04,Second Class,CU-1065,Jessica Garcia,Corporate,Illinois,Central,PRD-FUR-7149,Furniture,Furnishings,Furnishings Item 203,3170.29,7,0.4,184.05
215,CA-2024-820539,2024-08-26,2024-09-02,Same Day,CU-1122,Mary Jackson,Consumer,North Carolina,East,PRD-TEC-6221,Technology,Accessories,Accessories Item 367,3216.86,2,0,105.22
216,CA-2022-493696,2022-12-02,2022-12-04,Standard Class,CU-1026,Michael Harris,Corporate,Illinois,Central,PRD-TEC-8066,Technology,Phones,Phones Item 769,3625.08,6,0.5,786.74
217,CA-2023-156157,2023-06-09,2023-06-11,Second Class,CU-1042,Lisa Taylor,Corporate,Arizona,West,PRD-TEC-5872,Technology,Machines,Machines Item 343,2713.92,4,0.2,535.37
218,CA-2023-676363,2023-03-16,2023-03-21,Standard Class,CU-1024,Chen Taylor,Corporate,Texas,South,PRD-FUR-8869,Furniture,Tables,Tables Item 304,213.66,6,0,6.95
219,CA-2022-769191,2022-02-28,2022-03-02,Same Day,CU-1024,Chen Taylor,Corporate,Texas,South,PRD-FUR-5341,Furniture,Chairs,Chairs Item 193,579.94,2,0.4,64.91
220,CA-2023-489043,2023-03-05,2023-03-07,Second Class,CU-1164,Wei White,Consumer,Arizona,West,PRD-FUR-4706,Furniture,Bookcases,Bookcases Item 957,382.36,8,0.5,41.78
221,CA-2021-888775,2021-05-07,2021-05-09,Standard Class,CU-1068,Omar Davis,Consumer,Wisconsin,Central,PRD-OFF-4727,Office Supplies,Paper,Paper Item 666,585.36,6,0.4,197.16
222,CA-2023-661527,2023-12-07,2023-12-11,Second Class,CU-1015,Mary Davis,Corporate,Nevada,West,PRD-OFF-1568,Office Supplies,Appliances,Appliances Item 614,303.74,8,0.4,93.02
223,CA-2024-750403,2024-03-16,2024-03-22,Same Day,CU-1146,Wei Thompson,Corporate,North Carolina,East,PRD-TEC-4157,Technology,Phones,Phones Item 229,5702.01,3,0,1924.28
224,CA-2021-556542,2021-06-10,2021-06-16,First Class,CU-1010,Richard Brown,Corporate,Alabama,South,PRD-TEC-7510,Technology,Accessories,Accessories Item 665,10956.42,6,0,-666.56
225,CA-2023-112964,2023-12-01,2023-12-05,Standard Class,CU-1083,Linda Wilson,Corporate,Virginia,East,PRD-OFF-2654,Office Supplies,Art,Art Item 904,239.26,7,0,75.66
226,CA-2022-376967,2022-12-06,2022-12-10,Same Day,CU-1073,Robert Miller,Corporate,North Carolina,East,PRD-FUR-7581,Furniture,Furnishings,Furnishings Item 139,169.88,1,0.4,-5.99
227,CA-2024-151685,2024-11-15,2024-11-17,First Class,CU-1101,Priya Jones,Home Office,Oregon,West,PRD-OFF-9054,Office Supplies,Appliances,Appliances Item 978,42.96,6,0.2,1.72
228,CA-2022-415076,2022-04-12,2022-04-14,First Class,CU-1178,Fatima Garcia,Corporate,California,West,PRD-OFF-4463,Office Supplies,Appliances,Appliances Item 943,735.6,5,0,-11.35
229,CA-2023-492073,2023-11-24,2023-12-01,Standard Class,CU-1104,Susan Johnson,Corporate,Florida,East,PRD-TEC-9589,Technology,Accessories,Accessories Item 682,4300.98,5,0.4,-167.56
230,CA-2022-310477,2022-01-30,2022-02-06,Standard Class,CU-1007,Chen Smith,Consumer,Ohio,Central,PRD-TEC-5488,Technology,Accessories,Accessories Item 477,832.1,8,0.3,180.64
231,CA-2023-229890,2023-03-24,2023-03-30,Second Class,CU-1118,Charles Wilson,Consumer,Arizona,West,PRD-OFF-8775,Office Supplies,Binders,Binders Item 700,300.93,6,0.5,-6.04
232,CA-2022-978343,2022-12-07,2022-12-09,First Class,CU-1141,Priya Brown,Corporate,Virginia,East,PRD-FUR-4511,Furniture,Chairs,Chairs Item 977,598.25,1,0,170.03
233,CA-2024-382154,2024-10-19,2024-10-21,Standard Class,CU-1056,Thomas Davis,Corporate,Ohio,Central,PRD-OFF-1138,Office Supplies,Art,Art Item 329,97.45,1,0,18.64
234,CA-2022-843826,2022-09-18,2022-09-24,Same Day,CU-1064,Michael Thompson,Corporate,North Carolina,East,PRD-OFF-8646,Office Supplies,Labels,Labels Item 409,598.71,7,0.5,8.02
235,CA-2024-712879,2024-07-01,2024-07-05,First Class,CU-1173,Fatima Smith,Consumer,North Carolina,East,PRD-TEC-2771,Technology,Phones,Phones Item 593,9448.7,9,0.2,324.22
236,CA-2022-440930,2022-07-21,2022-07-27,First Class,CU-1016,Yuki Davis,Consumer,Michigan,Central,PRD-FUR-7620,Furniture,Bookcases,Bookcases Item 776,901.44,4,0.1,274.81
237,CA-2021-621533,2021-02-22,2021-02-28,Same Day,CU-1081,Jessica Young,Home Office,Georgia,South,PRD-FUR-4111,Furniture,Bookcases,Bookcases Item 451,4205.32,7,0,682.78
238,CA-2024-769320,2024-11-06,2024-11-11,First Class,CU-1185,James Jackson,Corporate,Washington,West,PRD-FUR-8713,Furniture,Bookcases,Bookcases Item 231,3797.22,3,0,122.28
239,CA-2024-291961,2024-02-19,2024-02-26,Standard Class,CU-1189,Lisa Thompson,Corporate,Michigan,Central,PRD-OFF-6428,Office Supplies,Storage,Storage Item 480,237.7,4,0.2,21.21
240,CA-2022-992562,2022-08-26,2022-08-30,Standard Class,CU-1066,Linda Williams,Corporate,Arizona,West,PRD-TEC-4187,Technology,Copiers,Copiers Item 612,11816.1,10,0,1329.3
241,CA-2023-533174,2023-12-22,2023-12-25,Second Class,CU-1030,Susan Davis,Consumer,Minnesota,Central,PRD-TEC-3954,Technology,Accessories,Accessories Item 897,1436.42,4,0.5,-51.06
242,CA-2022-285413,2022-11-13,2022-11-19,Standard Class,CU-1020,Lisa Garcia,Home Office,Florida,East,PRD-FUR-3595,Furniture,Chairs,Chairs Item 601,3456.72,8,0,550.74
243,CA-2021-554779,2021-09-23,2021-09-28,Same Day,CU-1195,Jennifer Harris,Consumer,Texas,South,PRD-OFF-9745,Office Supplies,Art,Art Item 304,811.61,7,0.4,-79.46
244,CA-2021-893612,2021-01-29,2021-02-01,Standard Class,CU-1187,Maria Jones,Corporate,Virginia,East,PRD-OFF-6641,Office Supplies,Envelopes,Envelopes Item 419,114.48,1,0.1,0.21
245,CA-2023-717265,2023-02-25,2023-03-02,Standard Class,CU-1033,Lisa Williams,Corporate,Illinois,Central,PRD-FUR-9524,Furniture,Tables,Tables Item 710,374.69,1,0.2,39.4
246,CA-2023-240288,2023-06-08,2023-06-14,First Class,CU-1134,Carlos Williams,Corporate,Tennessee,South,PRD-FUR-4675,Furniture,Furnishings,Furnishings Item 844,653.71,4,0.4,-59.75
247,CA-2021-629146,2021-02-14,2021-02-19,First Class,CU-1033,Lisa Williams,Corporate,Ohio,Central,PRD-TEC-1796,Technology,Phones,Phones Item 708,625.3,1,0.2,154.49
248,CA-2024-120700,2024-08-31,2024-09-07,Same Day,CU-1012,Karen Brown,Corporate,California,West,PRD-TEC-3508,Technology,Phones,Phones Item 310,5065.54,8,0.2,574.83
249,CA-2022-793805,2022-09-09,2022-09-13,Second Class,CU-1177,Fatima Anderson,Consumer,California,West,PRD-TEC-2928,Technology,Machines,Machines Item 389,11688.39,7,0,1521.98
250,CA-2023-738584,2023-10-17,2023-10-19,Second Class,CU-1029,Ahmed Young,Corporate,Illinois,Central,PRD-TEC-9980,Technology,Machines,Machines Item 608,6824.16,6,0.2,-189.93
251,CA-2022-102871,2022-11-09,2022-11-11,Standard Class,CU-1053,Charles Davis,Consumer,Nevada,West,PRD-TEC-9383,Technology,Phones,Phones Item 176,13545.9,10,0,4432.91
252,CA-2022-342389,2022-06-09,2022-06-15,First Class,CU-1185,James Jackson,Corporate,California,West,PRD-FUR-5760,Furniture,Bookcases,Bookcases Item 468,828.96,8,0,243.19
253,CA-2023-221531,2023-05-23,2023-05-29,Standard Class,CU-1173,Fatima Smith,Consumer,Virginia,East,PRD-TEC-8171,Technology,Phones,Phones Item 736,4030.62,3,0,193.06
254,CA-2023-459370,2023-02-03,2023-02-10,Same Day,CU-1068,Omar Davis,Consumer,Illinois,Central,PRD-TEC-8835,Technology,Phones,Phones Item 919,10788.4,7,0.2,2978.34
255,CA-2021-829987,2021-08-20,2021-08-22,Second Class,CU-1107,Omar Davis,Consumer,Pennsylvania,East,PRD-OFF-8178,Office Supplies,Binders,Binders Item 285,86.13,2,0.5,22.48
256,CA-2023-130216,2023-01-05,2023-01-10,Same Day,CU-1156,Jessica Johnson,Consumer,Minnesota,Central,PRD-OFF-2037,Office Supplies,Fasteners,Fasteners Item 367,129.7,8,0.4,12.75
257,CA-2021-810859,2021-01-26,2021-02-01,First Class,CU-1167,Jennifer Johnson,Corporate,Michigan,Central,PRD-OFF-5072,Office Supplies,Envelopes,Envelopes Item 593,963.09,9,0,91.28
258,CA-2021-966582,2021-11-01,2021-11-08,Standard Class,CU-1088,Robert Anderson,Consumer,Florida,East,PRD-OFF-3709,Office Supplies,Binders,Binders Item 176,155.38,3,0.5,44.03
259,CA-2022-446968,2022-10-19,2022-10-21,Second Class,CU-1192,Priya White,Consumer,Minnesota,Central,PRD-FUR-2291,Furniture,Chairs,Chairs Item 570,5268.67,9,0.4,1410.4
260,CA-2023-998198,2023-07-07,2023-07-08,First Class,CU-1113,Wei Davis,Consumer,Arizona,West,PRD-FUR-7755,Furniture,Furnishings,Furnishings Item 136,2943.18,2,0,-158.37
261,CA-2021-195310,2021-01-01,2021-01-08,Second Class,CU-1142,Jennifer Martin,Corporate,Arizona,West,PRD-OFF-4652,Office Supplies,Labels,Labels Item 964,1065.79,8,0.3,289.24
262,CA-2024-749863,2024-02-22,2024-02-29,First Class,CU-1116,Anna Martin,Corporate,Tennessee,South,PRD-OFF-6818,Office Supplies,Appliances,Appliances Item 949,196.06,8,0.1,-19.41
263,CA-2024-492052,2024-01-27,2024-02-01,Standard Class,CU-1162,Sarah Smith,Corporate,Tennessee,South,PRD-OFF-4209,Office Supplies,Paper,Paper Item 292,181.84,3,0.4,-9.43
264,CA-2022-964607,2022-03-18,2022-03-22,Standard Class,CU-1030,Susan Davis,Consumer,Minnesota,Central,PRD-TEC-8381,Technology,Machines,Machines Item 568,984.76,7,0,243.69
265,CA-2023-623059,2023-10-30,2023-11-01,Same Day,CU-1168,David Miller,Corporate,Mississippi,South,PRD-TEC-3845,Technology,Phones,Phones Item 848,9917.2,10,0,2095.68
266,CA-2023-729718,2023-03-05,2023-03-11,Same Day,CU-1032,Anna Garcia,Home Office,Illinois,Central,PRD-OFF-6617,Office Supplies,Storage,Storage Item 401,1234.8,7,0.1,28.55
267,CA-2021-731792,2021-10-10,2021-10-14,First Class,CU-1115,William Williams,Corporate,Georgia,South,PRD-OFF-5760,Office Supplies,Labels,Labels Item 803,1039.63,9,0.1,-5.85
268,CA-2024-286450,2024-12-25,2024-12-31,Standard Class,CU-1088,Robert Anderson,Consumer,Pennsylvania,East,PRD-OFF-9747,Office Supplies,Storage,Storage Item 392,412.7,6,0.4,83.95
269,CA-2023-126499,2023-12-07,2023-12-08,Standard Class,CU-1108,Priya Jackson,Consumer,New York,East,PRD-FUR-5105,Furniture,Tables,Tables Item 249,323.86,1,0,110.95
270,CA-2022-667460,2022-02-22,2022-03-01,Same Day,CU-1015,Mary Davis,Corporate,Oregon,West,PRD-TEC-7371,Technology,Machines,Machines Item 343,2252.54,2,0.1,527.29
271,CA-2024-149261,2024-11-20,2024-11-26,Same Day,CU-1130,Richard Thompson,Consumer,Tennessee,South,PRD-FUR-5117,Furniture,Furnishings,Furnishings Item 307,8698.62,6,0,-819.11
272,CA-2022-838857,2022-04-07,2022-04-13,Second Class,CU-1158,Yuki Young,Corporate,Minnesota,Central,PRD-OFF-2220,Office Supplies,Storage,Storage Item 291,249.44,4,0,85.45
273,CA-2021-142608,2021-09-02,2021-09-06,First Class,CU-1044,Mary Davis,Home Office,Arizona,West,PRD-FUR-8640,Furniture,Bookcases,Bookcases Item 826,639.77,3,0.2,-62.35
274,CA-2021-725874,2021-11-11,2021-11-14,Same Day,CU-1039,Thomas Garcia,Home Office,California,West,PRD-TEC-6207,Technology,Machines,Machines Item 638,11228.1,10,0,2838.62
275,CA-2023-924451,2023-12-03,2023-12-04,Same Day,CU-1056,Thomas Davis,Corporate,Ohio,Central,PRD-OFF-4495,Office Supplies,Fasteners,Fasteners Item 779,987.48,9,0,56.51
276,CA-2023-329056,2023-01-09,2023-01-12,Standard Class,CU-1084,Carlos Moore,Corporate,Tennessee,South,PRD-OFF-4994,Office Supplies,Appliances,Appliances Item 140,135.44,2,0.5,1.1
277,CA-2023-218881,2023-02-21,2023-02-28,First Class,CU-1174,Wei Smith,Home Office,Virginia,East,PRD-FUR-9335,Furniture,Bookcases,Bookcases Item 556,958.76,1,0.3,126.02
278,CA-2022-301863,2022-08-31,2022-09-06,Standard Class,CU-1124,Lisa Taylor,Home Office,California,West,PRD-FUR-4453,Furniture,Chairs,Chairs Item 786,4374.87,3,0,796.75
279,CA-2024-976258,2024-11-04,2024-11-08,Same Day,CU-1161,Sarah Davis,Corporate,Ohio,Central,PRD-TEC-6434,Technology,Accessories,Accessories Item 138,3012.88,2,0,-269.08
280,CA-2021-932794,2021-04-22,2021-04-24,Second Class,CU-1022,Omar Thompson,Consumer,Texas,South,PRD-FUR-8094,Furniture,Chairs,Chairs Item 423,1573.05,5,0.5,288.81
281,CA-2024-660814,2024-10-10,2024-10-11,Standard Class,CU-1004,Linda Martin,Home Office,Nevada,West,PRD-TEC-5937,Technology,Phones,Phones Item 721,1495.04,2,0,45.49
282,CA-2023-514306,2023-06-16,2023-06-20,Same Day,CU-1022,Omar Thompson,Consumer,Tennessee,South,PRD-OFF-9941,Office Supplies,Binders,Binders Item 402,327.09,3,0,77.21
283,CA-2022-933635,2022-09-03,2022-09-09,Standard Class,CU-1162,Sarah Smith,Corporate,Georgia,South,PRD-OFF-1082,Office Supplies,Storage,Storage Item 686,1580.22,9,0,-70.39
284,CA-2024-189261,2024-01-06,2024-01-11,First Class,CU-1152,Priya Thompson,Consumer,Florida,East,PRD-FUR-4617,Furniture,Tables,Tables Item 731,2546.4,4,0,-70.21
285,CA-2021-803571,2021-08-23,2021-08-25,Same Day,CU-1064,Michael Thompson,Corporate,Pennsylvania,East,PRD-OFF-4234,Office Supplies,Binders,Binders Item 843,173.34,9,0,2.22
286,CA-2022-234443,2022-11-09,2022-11-12,Standard Class,CU-1148,Fatima Davis,Home Office,Alabama,South,PRD-OFF-8383,Office Supplies,Envelopes,Envelopes Item 436,566.14,5,0.1,24.35
287,CA-2024-259797,2024-11-21,2024-11-26,First Class,CU-1157,Richard Young,Home Office,Oregon,West,PRD-OFF-4629,Office Supplies,Storage,Storage Item 829,185.61,7,0.3,2.0
288,CA-2022-476948,2022-07-21,2022-07-28,Same Day,CU-1189,Lisa Thompson,Corporate,Minnesota,Central,PRD-TEC-2783,Technology,Machines,Machines Item 279,5878.08,8,0.2,700.3
289,CA-2021-394247,2021-06-17,2021-06-24,First Class,CU-1165,Omar Thomas,Home Office,Arizona,West,PRD-TEC-1511,Technology,Accessories,Accessories Item 932,2936.96,2,0,829.15
290,CA-2023-718697,2023-04-10,2023-04-17,First Class,CU-1148,Fatima Davis,Home Office,Mississippi,South,PRD-TEC-3435,Technology,Phones,Phones Item 474,8069.72,9,0.5,1567.61
291,CA-2024-998801,2024-04-22,2024-04-28,Same Day,CU-1100,Karen Smith,Consumer,Washington,West,PRD-FUR-1173,Furniture,Tables,Tables Item 778,4213.67,9,0.4,268.58
292,CA-2024-893988,2024-11-02,2024-11-04,Same Day,CU-1061,Yuki Johnson,Home Office,Arizona,West,PRD-OFF-8921,Office Supplies,Fasteners,Fasteners Item 467,119.79,3,0,27.69
293,CA-2023-165914,2023-09-26,2023-09-28,Second Class,CU-1010,Richard Brown,Corporate,Georgia,South,PRD-FUR-8448,Furniture,Bookcases,Bookcases Item 147,708.97,1,0.3,52.92
294,CA-2021-646699,2021-07-31,2021-08-06,First Class,CU-1010,Richard Brown,Corporate,Tennessee,South,PRD-OFF-7201,Office Supplies,Labels,Labels Item 474,1111.5,10,0,77.25
295,CA-2023-494609,2023-11-25,2023-11-28,First Class,CU-1150,William White,Consumer,Texas,South,PRD-TEC-1108,Technology,Copiers,Copiers Item 613,2998.14,6,0.5,897.13
296,CA-2021-180832,2021-12-06,2021-12-08,Second Class,CU-1035,Karen Smith,Home Office,Nevada,West,PRD-OFF-2938,Office Supplies,Labels,Labels Item 776,87.05,3,0.3,14.88
297,CA-2022-218844,2022-11-08,2022-11-14,Same Day,CU-1058,Linda Harris,Corporate,Florida,East,PRD-FUR-1706,Furniture,Furnishings,Furnishings Item 230,2156.3,4,0.4,-193.85
298,CA-2021-760120,2021-11-26,2021-11-28,Second Class,CU-1146,Wei Thompson,Corporate,North Carolina,East,PRD-OFF-7642,Office Supplies,Binders,Binders Item 713,37.44,1,0,4.96
299,CA-2024-397223,2024-09-17,2024-09-24,Same Day,CU-1144,Robert White,Home Office,Texas,South,PRD-TEC-7730,Technology,Accessories,Accessories Item 715,9929.55,10,0.5,-230.81
300,CA-2022-791691,2022-01-08,2022-01-13,Second Class,CU-1036,Carlos Thompson,Corporate,Mississippi,South,PRD-OFF-7315,Office Supplies,Labels,Labels Item 235,1109.16,6,0,3.79
301,CA-2022-628859,2022-02-19,2022-02-24,Second Class,CU-1027,Robert Wilson,Consumer,New York,East,PRD-OFF-1639,Office Supplies,Art,Art Item 998,118.9,10,0.5,36.35
302,CA-2021-605666,2021-08-29,2021-08-30,Standard Class,CU-1136,Linda Miller,Consumer,Arizona,West,PRD-OFF-9680,Office Supplies,Fasteners,Fasteners Item 539,523.32,7,0.3,153.68
303,CA-2023-717661,2023-02-20,2023-02-23,Same Day,CU-1058,Linda Harris,Corporate,Florida,East,PRD-OFF-2373,Office Supplies,Paper,Paper Item 390,147.5,3,0.1,45.66
304,CA-2023-298202,2023-04-17,2023-04-20,Standard Class,CU-1153,Robert Davis,Corporate,North Carolina,East,PRD-TEC-6175,Technology,Phones,Phones Item 518,518.64,9,0.1,108.65
305,CA-2021-783226,2021-11-13,2021-11-17,First Class,CU-1092,Omar Brown,Consumer,Texas,South,PRD-OFF-7511,Office Supplies,Labels,Labels Item 873,551.82,9,0.3,96.76
306,CA-2024-684646,2024-02-05,2024-02-12,First Class,CU-1052,James Young,Home Office,Florida,East,PRD-FUR-6641,Furniture,Tables,Tables Item 892,6089.18,9,0.2,2099.72
307,CA-2021-791308,2021-10-10,2021-10-17,Same Day,CU-1180,Richard Miller,Consumer,Florida,East,PRD-TEC-1852,Technology,Accessories,Accessories Item 264,441.97,3,0.4,112.14
308,CA-2021-252387,2021-07-06,2021-07-13,Standard Class,CU-1099,Jennifer White,Home Office,Illinois,Central,PRD-FUR-1618,Furniture,Furnishings,Furnishings Item 841,583.45,2,0.3,-37.33
309,CA-2024-646313,2024-06-11,2024-06-17,Second Class,CU-1098,James Taylor,Consumer,Alabama,South,PRD-FUR-9489,Furniture,Chairs,Chairs Item 392,4862.09,8,0.1,1374.78
310,CA-2024-640869,2024-05-12,2024-05-17,Second Class,CU-1049,Maria Moore,Corporate,Texas,South,PRD-OFF-2422,Office Supplies,Envelopes,Envelopes Item 382,75.15,1,0,25.48
311,CA-2022-514337,2022-12-25,2022-12-31,Standard Class,CU-1199,John Davis,Home Office,Minnesota,Central,PRD-FUR-6703,Furniture,Tables,Tables Item 455,2209.9,2,0.2,501.12
312,CA-2024-576849,2024-05-26,2024-05-28,First Class,CU-1070,Priya Johnson,Consumer,Ohio,Central,PRD-FUR-9243,Furniture,Chairs,Chairs Item 401,1885.47,3,0,285.43
313,CA-2023-664032,2023-11-18,2023-11-21,Same Day,CU-1087,Karen Miller,Home Office,Texas,South,PRD-OFF-8517,Office Supplies,Labels,Labels Item 797,723.37,7,0.1,174.23
314,CA-2021-221916,2021-02-26,2021-03-02,Same Day,CU-1117,James Brown,Corporate,North Carolina,East,PRD-FUR-7757,Furniture,Chairs,Chairs Item 461,3690.22,4,0.1,959.73
315,CA-2021-972600,2021-01-20,2021-01-26,First Class,CU-1132,Joseph White,Corporate,North Carolina,East,PRD-FUR-3924,Furniture,Tables,Tables Item 587,863.0,2,0.3,-56.77
316,CA-2022-382146,2022-03-24,2022-03-29,Same Day,CU-1080,Charles Lee,Consumer,Oregon,West,PRD-TEC-4387,Technology,Accessories,Accessories Item 334,1828.73,4,0.1,535.33
317,CA-2024-263573,2024-06-20,2024-06-23,Standard Class,CU-1051,Linda Davis,Consumer,Georgia,South,PRD-TEC-7081,Technology,Phones,Phones Item 735,9975.68,8,0,2809.2
318,CA-2024-388078,2024-03-22,2024-03-29,First Class,CU-1080,Charles Lee,Consumer,Nevada,West,PRD-FUR-7933,Furniture,Tables,Tables Item 589,2495.36,7,0,-188.73
319,CA-2023-512842,2023-10-27,2023-10-30,Same Day,CU-1138,Joseph Jackson,Home Office,New York,East,PRD-OFF-1137,Office Supplies,Fasteners,Fasteners Item 112,141.16,2,0.5,5.93
320,CA-2023-205641,2023-02-17,2023-02-22,First Class,CU-1172,Linda Williams,Home Office,Washington,West,PRD-FUR-6621,Furniture,Bookcases,Bookcases Item 474,2258.25,3,0.1,47.95
321,CA-2023-539450,2023-05-19,2023-05-21,First Class,CU-1047,William Martin,Home Office,Minnesota,Central,PRD-OFF-4744,Office Supplies,Storage,Storage Item 933,416.71,7,0,65.48
322,CA-2022-553214,2022-04-28,2022-05-03,Second Class,CU-1025,John Miller,Home Office,Tennessee,South,PRD-FUR-9185,Furniture,Tables,Tables Item 237,2175.87,3,0,-44.66
323,CA-2023-431064,2023-12-30,2024-01-05,First Class,CU-1161,Sarah Davis,Corporate,Wisconsin,Central,PRD-FUR-3676,Furniture,Bookcases,Bookcases Item 161,11628.0,9,0,921.88
324,CA-2023-760458,2023-09-03,2023-09-10,First Class,CU-1055,Priya Johnson,Corporate,Oregon,West,PRD-TEC-7746,Technology,Copiers,Copiers Item 224,3015.52,5,0.2,165.44
325,CA-2022-703869,2022-02-12,2022-02-17,First Class,CU-1089,Susan Moore,Consumer,Wisconsin,Central,PRD-OFF-8322,Office Supplies,Fasteners,Fasteners Item 180,205.17,6,0.5,51.01
326,CA-2022-762398,2022-08-10,2022-08-14,First Class,CU-1097,John Jackson,Corporate,Arizona,West,PRD-TEC-2168,Technology,Accessories,Accessories Item 181,5380.12,7,0.4,1517.22
327,CA-2022-432270,2022-04-13,2022-04-16,First Class,CU-1041,Robert Anderson,Consumer,Oregon,West,PRD-OFF-6950,Office Supplies,Labels,Labels Item 865,1045.68,10,0.2,313.14
328,CA-2023-275445,2023-07-12,2023-07-16,Second Class,CU-1150,William White,Consumer,Mississippi,South,PRD-TEC-7505,Technology,Phones,Phones Item 205,5363.76,4,0,-28.12
329,CA-2023-156440,2023-08-28,2023-09-02,Standard Class,CU-1024,Chen Taylor,Corporate,Texas,South,PRD-TEC-7387,Technology,Copiers,Copiers Item 416,1123.56,2,0,-69.73
330,CA-2022-756912,2022-08-05,2022-08-09,Second Class,CU-1058,Linda Harris,Corporate,Pennsylvania,East,PRD-TEC-6328,Technology,Accessories,Accessories Item 984,82.98,1,0.3,23.83
331,CA-2024-675191,2024-01-13,2024-01-16,Second Class,CU-1121,Richard Young,Consumer,Alabama,South,PRD-FUR-9745,Furniture,Tables,Tables Item 417,5450.7,10,0.4,738.88
332,CA-2024-943797,2024-01-11,2024-01-13,First Class,CU-1088,Robert Anderson,Consumer,Florida,East,PRD-TEC-1001,Technology,Copiers,Copiers Item 635,5122.8,6,0,187.53
333,CA-2022-591989,2022-12-06,2022-12-09,Same Day,CU-1194,David Smith,Corporate,Georgia,South,PRD-OFF-4788,Office Supplies,Binders,Binders Item 915,304.42,8,0.4,78.87
334,CA-2023-531736,2023-02-05,2023-02-07,Same Day,CU-1001,Linda Davis,Consumer,Arizona,West,PRD-OFF-4614,Office Supplies,Art,Art Item 369,88.42,4,0.4,24.12
335,CA-2024-641704,2024-07-04,2024-07-06,First Class,CU-1020,Lisa Garcia,Home Office,Florida,East,PRD-OFF-2121,Office Supplies,Labels,Labels Item 286,878.69,9,0.4,-13.53
336,CA-2021-577461,2021-08-15,2021-08-21,First Class,CU-1034,Lisa White,Home Office,Tennessee,South,PRD-OFF-1813,Office Supplies,Appliances,Appliances Item 647,706.58,10,0.3,-64.49
337,CA-2021-382271,2021-07-29,2021-08-01,Standard Class,CU-1005,Karen Miller,Home Office,Ohio,Central,PRD-TEC-6601,Technology,Copiers,Copiers Item 530,903.52,4,0,110.33
338,CA-2023-830789,2023-01-31,2023-02-04,Standard Class,CU-1079,Richard Brown,Home Office,Florida,East,PRD-TEC-8702,Technology,Machines,Machines Item 285,286.69,3,0.4,-19.46
339,CA-2023-113228,2023-02-21,2023-02-28,Same Day,CU-1049,Maria Moore,Corporate,Tennessee,South,PRD-TEC-2539,Technology,Accessories,Accessories Item 633,4255.76,8,0,-44.13
340,CA-2023-814544,2023-08-27,2023-08-31,Second Class,CU-1170,William Williams,Corporate,Washington,West,PRD-FUR-5895,Furniture,Bookcases,Bookcases Item 303,1124.75,1,0,15.74
341,CA-2024-218414,2024-09-27,2024-09-29,First Class,CU-1092,Omar Brown,Consumer,Texas,South,PRD-TEC-7484,Technology,Copiers,Copiers Item 908,301.08,1,0.2,49.11
342,CA-2021-921533,2021-03-28,2021-04-02,Second Class,CU-1062,Mary Thomas,Home Office,Texas,South,PRD-OFF-2497,Office Supplies,Appliances,Appliances Item 802,838.67,6,0.1,-24.35
343,CA-2024-162678,2024-07-04,2024-07-05,Standard Class,CU-1158,Yuki Young,Corporate,Michigan,Central,PRD-FUR-6690,Furniture,Tables,Tables Item 924,1568.97,3,0.3,536.2
344,CA-2021-496119,2021-02-13,2021-02-19,First Class,CU-1112,Michael White,Corporate,Georgia,South,PRD-FUR-9892,Furniture,Tables,Tables Item 813,371.69,1,0.5,56.33
345,CA-2024-670027,2024-03-06,2024-03-08,Same Day,CU-1125,Ahmed Moore,Home Office,Georgia,South,PRD-FUR-3539,Furniture,Bookcases,Bookcases Item 560,6527.3,5,0,-450.42
346,CA-2024-576136,2024-01-15,2024-01-18,Second Class,CU-1075,Ahmed Taylor,Consumer,Oregon,West,PRD-TEC-4912,Technology,Copiers,Copiers Item 428,880.94,1,0.3,219.54
347,CA-2024-958835,2024-09-10,2024-09-15,Same Day,CU-1184,John Martin,Home Office,Texas,South,PRD-FUR-6276,Furniture,Tables,Tables Item 213,1847.3,9,0.2,83.44
348,CA-2024-145903,2024-09-11,2024-09-12,Standard Class,CU-1024,Chen Taylor,Corporate,Mississippi,South,PRD-TEC-7366,Technology,Accessories,Accessories Item 773,931.54,4,0.1,-51.76
349,CA-2024-718975,2024-07-01,2024-07-07,First Class,CU-1125,Ahmed Moore,Home Office,Mississippi,South,PRD-FUR-4419,Furniture,Chairs,Chairs Item 771,3683.0,4,0,-346.61
350,CA-2023-769952,2023-08-17,2023-08-24,Same Day,CU-1125,Ahmed Moore,Home Office,Texas,South,PRD-TEC-5355,Technology,Machines,Machines Item 641,9592.74,6,0,2596.17
351,CA-2022-326387,2022-09-15,2022-09-16,Standard Class,CU-1010,Richard Brown,Corporate,Texas,South,PRD-OFF-5075,Office Supplies,Paper,Paper Item 683,391.21,4,0.1,-5.12
352,CA-2024-685253,2024-02-18,2024-02-24,First Class,CU-1160,Yuki Jackson,Home Office,Pennsylvania,East,PRD-FUR-3733,Furniture,Chairs,Chairs Item 911,5101.2,8,0.4,1516.44
353,CA-2023-453907,2023-04-03,2023-04-08,Same Day,CU-1046,Robert Harris,Home Office,North Carolina,East,PRD-OFF-7755,Office Supplies,Fasteners,Fasteners Item 882,760.12,6,0.3,212.97
354,CA-2022-352415,2022-10-25,2022-10-30,Same Day,CU-1162,Sarah Smith,Corporate,Alabama,South,PRD-OFF-8412,Office Supplies,Envelopes,Envelopes Item 558,1336.32,9,0.2,82.86
355,CA-2021-724702,2021-03-12,2021-03-15,First Class,CU-1101,Priya Jones,Home Office,California,West,PRD-TEC-6159,Technology,Accessories,Accessories Item 122,572.09,1,0.1,-1.9
356,CA-2024-683347,2024-02-08,2024-02-13,Standard Class,CU-1197,Priya Lee,Home Office,Tennessee,South,PRD-OFF-7014,Office Supplies,Fasteners,Fasteners Item 696,94.77,1,0,-3.57
357,CA-2022-414889,2022-06-09,2022-06-16,Second Class,CU-1063,Chen Brown,Consumer,Pennsylvania,East,PRD-TEC-2562,Technology,Copiers,Copiers Item 709,1460.98,2,0.5,-32.42
358,CA-2021-947607,2021-03-18,2021-03-24,Standard Class,CU-1164,Wei White,Consumer,Oregon,West,PRD-OFF-8115,Office Supplies,Art,Art Item 526,129.33,1,0.3,7.32
359,CA-2024-731559,2024-08-29,2024-09-05,Standard Class,CU-1030,Susan Davis,Consumer,Ohio,Central,PRD-TEC-3450,Technology,Copiers,Copiers Item 434,3753.92,5,0.3,536.69
360,CA-2021-806357,2021-11-10,2021-11-11,Same Day,CU-1128,Michael Jackson,Home Office,Ohio,Central,PRD-OFF-5747,Office Supplies,Art,Art Item 905,1171.7,10,0,-0.07
361,CA-2021-186554,2021-09-28,2021-10-01,Same Day,CU-1100,Karen Smith,Consumer,Washington,West,PRD-FUR-3136,Furniture,Chairs,Chairs Item 880,465.21,5,0.4,115.48
362,CA-2024-611559,2024-02-20,2024-02-22,Second Class,CU-1034,Lisa White,Home Office,Alabama,South,PRD-FUR-2467,Furniture,Tables,Tables Item 215,324.77,4,0.4,14.79
363,CA-2023-465227,2023-05-18,2023-05-21,First Class,CU-1171,Ahmed Thompson,Consumer,Alabama,South,PRD-TEC-6729,Technology,Machines,Machines Item 731,10624.4,10,0.2,-253.23
364,CA-2021-147057,2021-10-26,2021-10-30,First Class,CU-1113,Wei Davis,Consumer,Arizona,West,PRD-TEC-1893,Technology,Accessories,Accessories Item 348,4582.74,3,0,-226.54
365,CA-2022-459946,2022-08-13,2022-08-14,First Class,CU-1158,Yuki Young,Corporate,Ohio,Central,PRD-OFF-9814,Office Supplies,Paper,Paper Item 316,542.53,8,0.3,-3.23
366,CA-2023-371222,2023-12-08,2023-12-15,Second Class,CU-1052,James Young,Home Office,North Carolina,East,PRD-OFF-1984,Office Supplies,Appliances,Appliances Item 390,78.44,1,0,1.17
367,CA-2022-587546,2022-07-10,2022-07-11,Standard Class,CU-1051,Linda Davis,Consumer,Mississippi,South,PRD-OFF-1312,Office Supplies,Binders,Binders Item 399,655.47,7,0.3,189.38
368,CA-2022-633243,2022-04-19,2022-04-23,First Class,CU-1166,John Jackson,Consumer,Minnesota,Central,PRD-OFF-9202,Office Supplies,Paper,Paper Item 568,1392.16,8,0,-22.43
369,CA-2021-655132,2021-03-23,2021-03-25,Same Day,CU-1143,Karen Davis,Consumer,Illinois,Central,PRD-FUR-6765,Furniture,Bookcases,Bookcases Item 463,7869.75,7,0,441.11
370,CA-2022-389279,2022-04-29,2022-05-04,Same Day,CU-1160,Yuki Jackson,Home Office,Virginia,East,PRD-TEC-6599,Technology,Machines,Machines Item 502,1512.86,1,0.2,2.29
371,CA-2021-500773,2021-06-29,2021-07-05,Same Day,CU-1168,David Miller,Corporate,Georgia,South,PRD-OFF-6395,Office Supplies,Envelopes,Envelopes Item 559,280.13,4,0.4,94.33
372,CA-2022-245308,2022-02-28,2022-03-06,Second Class,CU-1138,Joseph Jackson,Home Office,Pennsylvania,East,PRD-OFF-3378,Office Supplies,Envelopes,Envelopes Item 771,696.3,5,0,65.12
373,CA-2022-684413,2022-10-13,2022-10-14,Second Class,CU-1144,Robert White,Home Office,Georgia,South,PRD-OFF-6221,Office Supplies,Paper,Paper Item 523,1012.26,6,0,229.97
374,CA-2023-961613,2023-06-27,2023-07-03,Second Class,CU-1105,Carlos Davis,Home Office,Oregon,West,PRD-OFF-5372,Office Supplies,Labels,Labels Item 720,103.28,4,0,-9.11
375,CA-2022-343461,2022-04-18,2022-04-23,First Class,CU-1145,Fatima White,Home Office,Wisconsin,Central,PRD-TEC-8680,Technology,Phones,Phones Item 829,1391.88,2,0.5,-55.2
376,CA-2022-506281,2022-01-12,2022-01-19,Second Class,CU-1166,John Jackson,Consumer,Michigan,Central,PRD-FUR-1245,Furniture,Furnishings,Furnishings Item 376,942.27,3,0,79.02
377,CA-2024-894586,2024-10-06,2024-10-08,Second Class,CU-1105,Carlos Davis,Home Office,Washington,West,PRD-TEC-8496,Technology,Phones,Phones Item 352,6963.6,8,0.5,1459.14
378,CA-2021-871051,2021-03-27,2021-04-01,Same Day,CU-1109,Ahmed Taylor,Corporate,Florida,East,PRD-FUR-8399,Furniture,Bookcases,Bookcases Item 567,14105.3,10,0,1894.23
379,CA-2023-514828,2023-11-29,2023-12-04,Same Day,CU-1010,Richard Brown,Corporate,Georgia,South,PRD-OFF-8201,Office Supplies,Binders,Binders Item 507,1387.89,9,0,-20.22
380,CA-2023-542983,2023-08-03,2023-08-05,Second Class,CU-1077,Mary Martin,Consumer,Virginia,East,PRD-FUR-9202,Furniture,Chairs,Chairs Item 215,4999.76,8,0.5,-296.49
381,CA-2024-241879,2024-11-26,2024-12-01,First Class,CU-1046,Robert Harris,Home Office,North Carolina,East,PRD-FUR-4308,Furniture,Furnishings,Furnishings Item 565,266.48,8,0.5,44.14
382,CA-2022-780081,2022-10-26,2022-11-01,Standard Class,CU-1023,Wei Johnson,Consumer,Oregon,West,PRD-OFF-2397,Office Supplies,Fasteners,Fasteners Item 636,27.26,2,0.5,5.05
383,CA-2023-267666,2023-11-14,2023-11-19,Standard Class,CU-1181,Patricia Moore,Home Office,Nevada,West,PRD-FUR-3369,Furniture,Furnishings,Furnishings Item 283,4113.03,3,0,-111.23
384,CA-2023-424553,2023-05-10,2023-05-13,First Class,CU-1196,Chen Wilson,Corporate,Texas,South,PRD-OFF-1057,Office Supplies,Appliances,Appliances Item 737,83.76,3,0,27.82
385,CA-2021-621800,2021-01-26,2021-01-30,Same Day,CU-1195,Jennifer Harris,Consumer,Tennessee,South,PRD-FUR-8239,Furniture,Chairs,Chairs Item 181,697.6,4,0.5,72.68
386,CA-2021-673929,2021-01-14,2021-01-16,Standard Class,CU-1153,Robert Davis,Corporate,North Carolina,East,PRD-FUR-1531,Furniture,Tables,Tables Item 783,520.67,3,0.3,-43.46
387,CA-2022-191962,2022-09-04,2022-09-07,Same Day,CU-1147,Ahmed Harris,Corporate,Mississippi,South,PRD-TEC-3906,Technology,Phones,Phones Item 566,875.04,3,0.2,153.12
388,CA-2023-197649,2023-01-08,2023-01-09,First Class,CU-1191,Yuki Davis,Consumer,Mississippi,South,PRD-FUR-2063,Furniture,Bookcases,Bookcases Item 399,5190.32,7,0.4,1450.64
389,CA-2021-387748,2021-09-07,2021-09-13,Second Class,CU-1120,Jessica Lee,Home Office,Washington,West,PRD-FUR-9666,Furniture,Furnishings,Furnishings Item 189,3718.88,4,0,584.29
390,CA-2024-547798,2024-12-18,2024-12-21,First Class,CU-1123,Susan Jackson,Consumer,Mississippi,South,PRD-OFF-9132,Office Supplies,Storage,Storage Item 632,738.05,9,0.3,234.11
391,CA-2023-288646,2023-10-06,2023-10-13,First Class,CU-1186,Jessica Anderson,Home Office,Minnesota,Central,PRD-OFF-2932,Office Supplies,Envelopes,Envelopes Item 855,21.24,4,0,2.32
392,CA-2023-147702,2023-04-30,2023-05-04,Second Class,CU-1053,Charles Davis,Consumer,Arizona,West,PRD-FUR-2111,Furniture,Bookcases,Bookcases Item 415,777.37,1,0.2,11.26
393,CA-2024-904291,2024-02-01,2024-02-04,First Class,CU-1076,Charles Harris,Home Office,North Carolina,East,PRD-TEC-4178,Technology,Phones,Phones Item 438,4933.8,6,0,1353.93
394,CA-2023-137285,2023-08-30,2023-09-06,Same Day,CU-1086,Lisa Young,Consumer,Nevada,West,PRD-OFF-7782,Office Supplies,Fasteners,Fasteners Item 860,267.33,3,0.3,28.9
395,CA-2022-860180,2022-09-06,2022-09-11,Standard Class,CU-1014,Charles Miller,Home Office,Arizona,West,PRD-OFF-6793,Office Supplies,Storage,Storage Item 167,329.25,4,0.3,85.54
396,CA-2021-493468,2021-03-05,2021-03-08,Same Day,CU-1038,Joseph Smith,Home Office,Tennessee,South,PRD-OFF-6152,Office Supplies,Fasteners,Fasteners Item 826,290.54,3,0.2,63.15
397,CA-2023-621199,2023-04-28,2023-04-29,Same Day,CU-1008,David Wilson,Consumer,Virginia,East,PRD-TEC-7131,Technology,Machines,Machines Item 903,1885.88,5,0.2,-40.06
398,CA-2021-630573,2021-07-09,2021-07-13,Second Class,CU-1009,Fatima Taylor,Consumer,Washington,West,PRD-TEC-9579,Technology,Copiers,Copiers Item 417,1426.46,4,0.5,327.51
399,CA-2021-203024,2021-10-21,2021-10-28,Second Class,CU-1198,Karen Smith,Home Office,Virginia,East,PRD-OFF-1721,Office Supplies,Fasteners,Fasteners Item 803,94.58,1,0,-9.28
400,CA-2022-148381,2022-11-14,2022-11-18,Standard Class,CU-1152,Priya Thompson,Consumer,New York,East,PRD-TEC-4154,Technology,Machines,Machines Item 393,13761.54,10,0.1,610.96
401,CA-2022-562543,2022-10-16,2022-10-23,First Class,CU-1070,Priya Johnson,Consumer,Wisconsin,Central,PRD-OFF-9422,Office Supplies,Paper,Paper Item 204,107.13,3,0,-9.98
402,CA-2022-433955,2022-12-19,2022-12-24,First Class,CU-1052,James Young,Home Office,North Carolina,East,PRD-FUR-6549,Furniture,Tables,Tables Item 653,3898.9,10,0,156.42
403,CA-2021-593602,2021-09-24,2021-09-25,Standard Class,CU-1113,Wei Davis,Consumer,California,West,PRD-OFF-8304,Office Supplies,Binders,Binders Item 731,65.06,7,0.4,4.97
404,CA-2022-307772,2022-11-12,2022-11-19,Same Day,CU-1091,Lisa Martin,Consumer,Tennessee,South,PRD-OFF-6085,Office Supplies,Paper,Paper Item 800,153.5,10,0.5,-8.63
405,CA-2023-334665,2023-08-22,2023-08-24,First Class,CU-1164,Wei White,Consumer,Nevada,West,PRD-TEC-6320,Technology,Machines,Machines Item 564,1996.95,7,0.3,509.12
406,CA-2021-218370,2021-05-14,2021-05-18,Same Day,CU-1124,Lisa Taylor,Home Office,California,West,PRD-FUR-3087,Furniture,Furnishings,Furnishings Item 620,934.33,3,0.3,160.7
407,CA-2021-683165,2021-08-08,2021-08-11,First Class,CU-1026,Michael Harris,Corporate,Minnesota,Central,PRD-OFF-4992,Office Supplies,Paper,Paper Item 661,512.41,9,0.4,3.77
408,CA-2023-457264,2023-02-26,2023-02-27,Same Day,CU-1040,Yuki Moore,Home Office,Florida,East,PRD-TEC-2276,Technology,Copiers,Copiers Item 857,14267.61,10,0.1,-315.48
409,CA-2023-720928,2023-09-24,2023-09-25,First Class,CU-1182,Chen Young,Consumer,Mississippi,South,PRD-OFF-7648,Office Supplies,Appliances,Appliances Item 171,108.18,9,0.5,-2.24
410,CA-2024-725376,2024-11-04,2024-11-11,Same Day,CU-1153,Robert Davis,Corporate,New York,East,PRD-FUR-1003,Furniture,Bookcases,Bookcases Item 875,163.08,1,0,48.8
411,CA-2023-405663,2023-07-17,2023-07-22,Second Class,CU-1037,Patricia Moore,Corporate,Pennsylvania,East,PRD-FUR-5989,Furniture,Furnishings,Furnishings Item 545,2889.12,4,0.3,100.78
412,CA-2021-108513,2021-07-02,2021-07-07,Second Class,CU-1183,Karen Jackson,Home Office,Tennessee,South,PRD-OFF-6885,Office Supplies,Art,Art Item 212,85.85,5,0,-8.55
413,CA-2022-836333,2022-04-27,2022-05-01,First Class,CU-1072,Barbara Jackson,Home Office,Illinois,Central,PRD-OFF-3841,Office Supplies,Art,Art Item 586,353.56,7,0.4,51.37
414,CA-2024-984293,2024-02-12,2024-02-16,Second Class,CU-1035,Karen Smith,Home Office,Washington,West,PRD-FUR-2175,Furniture,Furnishings,Furnishings Item 763,7481.3,5,0,-296.07
415,CA-2023-557949,2023-09-24,2023-09-30,Second Class,CU-1004,Linda Martin,Home Office,Washington,West,PRD-TEC-8444,Technology,Phones,Phones Item 621,7254.66,7,0.4,1309.19
416,CA-2023-472566,2023-07-11,2023-07-15,Same Day,CU-1108,Priya Jackson,Consumer,North Carolina,East,PRD-TEC-4878,Technology,Accessories,Accessories Item 829,322.45,10,0.5,90.63
417,CA-2023-704349,2023-04-22,2023-04-27,Standard Class,CU-1128,Michael Jackson,Home Office,Michigan,Central,PRD-FUR-8889,Furniture,Chairs,Chairs Item 807,5182.8,10,0.3,-254.35
418,CA-2023-887042,2023-12-15,2023-12-22,Standard Class,CU-1020,Lisa Garcia,Home Office,Pennsylvania,East,PRD-FUR-2279,Furniture,Furnishings,Furnishings Item 800,12043.62,9,0,124.7
419,CA-2024-742818,2024-04-02,2024-04-05,Standard Class,CU-1162,Sarah Smith,Corporate,Mississippi,South,PRD-TEC-6431,Technology,Machines,Machines Item 531,3741.48,8,0.5,592.22
420,CA-2022-137042,2022-08-16,2022-08-18,First Class,CU-1090,Wei Thompson,Home Office,Tennessee,South,PRD-OFF-5780,Office Supplies,Labels,Labels Item 928,127.71,1,0,20.15
421,CA-2021-608307,2021-02-25,2021-02-28,Standard Class,CU-1188,Ahmed Martin,Home Office,Mississippi,South,PRD-TEC-5209,Technology,Accessories,Accessories Item 114,2166.0,5,0.2,51.65
422,CA-2024-720515,2024-05-21,2024-05-23,Same Day,CU-1189,Lisa Thompson,Corporate,Illinois,Central,PRD-OFF-4869,Office Supplies,Fasteners,Fasteners Item 596,780.14,6,0.2,196.7
423,CA-2021-188501,2021-03-09,2021-03-12,Same Day,CU-1046,Robert Harris,Home Office,North Carolina,East,PRD-TEC-3740,Technology,Accessories,Accessories Item 315,9778.99,7,0.1,1929.4
424,CA-2021-377238,2021-04-22,2021-04-28,Second Class,CU-1147,Ahmed Harris,Corporate,Tennessee,South,PRD-TEC-9724,Technology,Phones,Phones Item 339,5296.32,8,0.2,605.47
425,CA-2023-252200,2023-08-30,2023-09-02,Standard Class,CU-1097,John Jackson,Corporate,Nevada,West,PRD-OFF-6172,Office Supplies,Art,Art Item 642,464.52,5,0.5,33.4
426,CA-2021-768387,2021-07-19,2021-07-24,First Class,CU-1174,Wei Smith,Home Office,New York,East,PRD-FUR-7408,Furniture,Furnishings,Furnishings Item 572,2564.28,6,0,38.22
427,CA-2024-907924,2024-10-08,2024-10-13,Second Class,CU-1197,Priya Lee,Home Office,Georgia,South,PRD-TEC-1195,Technology,Machines,Machines Item 521,6707.04,6,0,1839.47
428,CA-2021-567604,2021-08-01,2021-08-07,First Class,CU-1025,John Miller,Home Office,Mississippi,South,PRD-FUR-1931,Furniture,Tables,Tables Item 708,1569.15,5,0,280.45
429,CA-2024-227706,2024-05-12,2024-05-18,Standard Class,CU-1168,David Miller,Corporate,Georgia,South,PRD-OFF-4018,Office Supplies,Paper,Paper Item 359,303.3,10,0,91.96
430,CA-2024-769809,2024-09-14,2024-09-15,Same Day,CU-1075,Ahmed Taylor,Consumer,Nevada,West,PRD-FUR-2022,Furniture,Bookcases,Bookcases Item 491,2449.68,6,0,60.7
431,CA-2021-952283,2021-05-04,2021-05-07,Same Day,CU-1099,Jennifer White,Home Office,Michigan,Central,PRD-FUR-3923,Furniture,Tables,Tables Item 760,1355.09,2,0.1,236.65
432,CA-2021-906048,2021-10-22,2021-10-27,Standard Class,CU-1125,Ahmed Moore,Home Office,Texas,South,PRD-FUR-2153,Furniture,Tables,Tables Item 685,8653.12,8,0,-729.57
433,CA-2023-621877,2023-07-03,2023-07-04,Standard Class,CU-1186,Jessica Anderson,Home Office,Michigan,Central,PRD-TEC-1060,Technology,Phones,Phones Item 627,2790.79,7,0.3,856.99
434,CA-2023-523533,2023-09-07,2023-09-11,Second Class,CU-1181,Patricia Moore,Home Office,Nevada,West,PRD-OFF-9770,Office Supplies,Paper,Paper Item 467,39.98,1,0.5,-1.82
435,CA-2023-762985,2023-04-01,2023-04-02,First Class,CU-1085,Omar Williams,Consumer,Michigan,Central,PRD-OFF-8530,Office Supplies,Paper,Paper Item 878,1079.82,9,0.3,-68.89
436,CA-2024-285197,2024-08-19,2024-08-21,Same Day,CU-1196,Chen Wilson,Corporate,Tennessee,South,PRD-OFF-6886,Office Supplies,Binders,Binders Item 598,151.87,4,0.4,46.08
437,CA-2022-137432,2022-01-24,2022-01-26,Second Class,CU-1021,Jennifer White,Corporate,Alabama,South,PRD-TEC-8361,Technology,Phones,Phones Item 116,5171.84,8,0.2,645.74
438,CA-2021-926045,2021-04-25,2021-04-28,Same Day,CU-1009,Fatima Taylor,Consumer,Oregon,West,PRD-OFF-9791,Office Supplies,Binders,Binders Item 252,46.28,2,0.5,14.95
439,CA-2022-138669,2022-04-23,2022-04-24,Same Day,CU-1189,Lisa Thompson,Corporate,Wisconsin,Central,PRD-OFF-3138,Office Supplies,Fasteners,Fasteners Item 114,96.89,1,0,0.89
440,CA-2022-932251,2022-09-22,2022-09-29,Second Class,CU-1044,Mary Davis,Home Office,California,West,PRD-TEC-4613,Technology,Copiers,Copiers Item 164,1747.2,10,0,-84.95
441,CA-2022-976500,2022-11-22,2022-11-29,First Class,CU-1051,Linda Davis,Consumer,Alabama,South,PRD-OFF-4493,Office Supplies,Art,Art Item 882,390.58,2,0,17.46
442,CA-2021-166292,2021-12-22,2021-12-25,Second Class,CU-1011,Lisa Wilson,Consumer,Wisconsin,Central,PRD-TEC-8187,Technology,Machines,Machines Item 349,1850.73,7,0.3,275.82
443,CA-2021-929478,2021-10-01,2021-10-02,Second Class,CU-1148,Fatima Davis,Home Office,Texas,South,PRD-OFF-3939,Office Supplies,Art,Art Item 191,176.53,1,0,-17.15
444,CA-2022-827191,2022-08-05,2022-08-09,Second Class,CU-1180,Richard Miller,Consumer,North Carolina,East,PRD-FUR-3859,Furniture,Tables,Tables Item 725,1455.81,3,0.5,124.35
445,CA-2024-852037,2024-05-06,2024-05-08,First Class,CU-1177,Fatima Anderson,Consumer,California,West,PRD-FUR-9686,Furniture,Chairs,Chairs Item 197,3486.35,6,0.1,-47.57
446,CA-2024-329927,2024-01-11,2024-01-16,First Class,CU-1158,Yuki Young,Corporate,Michigan,Central,PRD-FUR-8772,Furniture,Tables,Tables Item 609,314.77,1,0,65.59
447,CA-2024-156652,2024-10-04,2024-10-05,First Class,CU-1045,John Harris,Consumer,Pennsylvania,East,PRD-OFF-8424,Office Supplies,Storage,Storage Item 144,251.33,4,0.3,44.63
448,CA-2024-265722,2024-01-06,2024-01-08,Standard Class,CU-1026,Michael Harris,Corporate,Illinois,Central,PRD-TEC-6340,Technology,Copiers,Copiers Item 529,1795.4,2,0.5,299.33
449,CA-2022-215482,2022-04-17,2022-04-24,Standard Class,CU-1050,Joseph Martin,Corporate,Oregon,West,PRD-FUR-4615,Furniture,Tables,Tables Item 175,4012.16,4,0.1,276.8
450,CA-2023-557037,2023-09-20,2023-09-21,Same Day,CU-1120,Jessica Lee,Home Office,Arizona,West,PRD-TEC-4181,Technology,Accessories,Accessories Item 747,2415.87,3,0,256.04
451,CA-2022-233391,2022-02-19,2022-02-22,First Class,CU-1091,Lisa Martin,Consumer,Tennessee,South,PRD-TEC-3804,Technology,Phones,Phones Item 878,399.99,3,0.5,42.54
452,CA-2022-264404,2022-08-28,2022-09-02,Second Class,CU-1087,Karen Miller,Home Office,Georgia,South,PRD-OFF-4546,Office Supplies,Fasteners,Fasteners Item 705,85.28,2,0.5,24.56
453,CA-2022-865479,2022-07-26,2022-07-27,Second Class,CU-1121,Richard Young,Consumer,Alabama,South,PRD-FUR-3440,Furniture,Tables,Tables Item 687,3609.09,6,0.1,1087.49
454,CA-2021-593515,2021-04-01,2021-04-02,Same Day,CU-1001,Linda Davis,Consumer,Nevada,West,PRD-OFF-4940,Office Supplies,Binders,Binders Item 185,737.01,9,0,76.35
455,CA-2024-526369,2024-11-20,2024-11-26,First Class,CU-1142,Jennifer Martin,Corporate,California,West,PRD-TEC-5994,Technology,Accessories,Accessories Item 265,2580.85,5,0,-239.58
456,CA-2024-712011,2024-03-14,2024-03-20,Same Day,CU-1180,Richard Miller,Consumer,Florida,East,PRD-TEC-7068,Technology,Copiers,Copiers Item 741,3158.44,3,0.4,-52.98
457,CA-2024-503575,2024-07-08,2024-07-09,Standard Class,CU-1118,Charles Wilson,Consumer,California,West,PRD-OFF-9887,Office Supplies,Storage,Storage Item 689,352.2,5,0.2,75.41
458,CA-2024-871501,2024-06-24,2024-06-27,Standard Class,CU-1053,Charles Davis,Consumer,California,West,PRD-TEC-6989,Technology,Machines,Machines Item 475,796.76,2,0.5,142.31
459,CA-2024-687997,2024-12-14,2024-12-15,Second Class,CU-1044,Mary Davis,Home Office,Arizona,West,PRD-OFF-4437,Office Supplies,Envelopes,Envelopes Item 871,309.18,6,0,59.38
460,CA-2022-380345,2022-10-19,2022-10-22,First Class,CU-1190,Jessica Young,Corporate,Georgia,South,PRD-OFF-9215,Office Supplies,Art,Art Item 639,12.15,1,0.3,1.26
461,CA-2024-811257,2024-12-24,2024-12-29,Same Day,CU-1031,John Johnson,Consumer,Florida,East,PRD-OFF-8501,Office Supplies,Labels,Labels Item 189,767.9,10,0,-11.7
462,CA-2022-180685,2022-01-02,2022-01-05,First Class,CU-1020,Lisa Garcia,Home Office,Florida,East,PRD-TEC-4346,Technology,Accessories,Accessories Item 633,1409.31,2,0.5,-45.49
463,CA-2022-815551,2022-08-24,2022-08-28,Same Day,CU-1160,Yuki Jackson,Home Office,New York,East,PRD-OFF-2031,Office Supplies,Fasteners,Fasteners Item 122,521.58,6,0,16.26
464,CA-2024-531690,2024-08-13,2024-08-16,First Class,CU-1059,Patricia Brown,Home Office,Wisconsin,Central,PRD-OFF-3161,Office Supplies,Storage,Storage Item 908,482.8,8,0.5,51.23
465,CA-2022-607765,2022-06-17,2022-06-19,Standard Class,CU-1078,John Lee,Consumer,Pennsylvania,East,PRD-FUR-3634,Furniture,Bookcases,Bookcases Item 828,823.63,3,0.5,272.04
466,CA-2022-980103,2022-01-09,2022-01-11,Second Class,CU-1137,Mary Davis,Corporate,Oregon,West,PRD-OFF-8223,Office Supplies,Fasteners,Fasteners Item 366,77.84,4,0.3,12.34
467,CA-2022-841484,2022-02-25,2022-03-02,First Class,CU-1094,William Moore,Home Office,Pennsylvania,East,PRD-TEC-2990,Technology,Machines,Machines Item 125,2331.54,3,0,326.74
468,CA-2021-435772,2021-10-25,2021-10-29,First Class,CU-1103,Jessica Jones,Consumer,Alabama,South,PRD-TEC-3409,Technology,Phones,Phones Item 918,3896.52,5,0.2,1310.49
469,CA-2022-217771,2022-11-25,2022-12-01,Standard Class,CU-1144,Robert White,Home Office,Alabama,South,PRD-OFF-7580,Office Supplies,Appliances,Appliances Item 732,411.63,3,0,15.9
470,CA-2023-442220,2023-01-02,2023-01-03,Second Class,CU-1056,Thomas Davis,Corporate,Minnesota,Central,PRD-TEC-8298,Technology,Accessories,Accessories Item 793,2158.25,5,0,307.09
471,CA-2023-303895,2023-11-15,2023-11-19,Standard Class,CU-1171,Ahmed Thompson,Consumer,Texas,South,PRD-FUR-7108,Furniture,Bookcases,Bookcases Item 112,2211.88,6,0.4,146.72
472,CA-2022-567220,2022-12-21,2022-12-24,Second Class,CU-1072,Barbara Jackson,Home Office,Michigan,Central,PRD-OFF-5728,Office Supplies,Paper,Paper Item 267,718.08,8,0.4,187.89
473,CA-2023-976097,2023-04-29,2023-05-01,Second Class,CU-1186,Jessica Anderson,Home Office,Minnesota,Central,PRD-OFF-7156,Office Supplies,Paper,Paper Item 190,179.56,4,0.3,-12.61
474,CA-2024-534649,2024-08-01,2024-08-04,Second Class,CU-1001,Linda Davis,Consumer,Nevada,West,PRD-TEC-9037,Technology,Copiers,Copiers Item 143,990.5,4,0.4,29.97
475,CA-2022-686448,2022-09-15,2022-09-19,Second Class,CU-1077,Mary Martin,Consumer,North Carolina,East,PRD-OFF-8742,Office Supplies,Appliances,Appliances Item 227,159.29,1,0,2.9
476,CA-2023-615780,2023-05-05,2023-05-07,Standard Class,CU-1167,Jennifer Johnson,Corporate,Michigan,Central,PRD-OFF-2093,Office Supplies,Envelopes,Envelopes Item 713,154.12,2,0.5,53.55
477,CA-2024-693047,2024-04-05,2024-04-09,Same Day,CU-1190,Jessica Young,Corporate,Tennessee,South,PRD-FUR-3668,Furniture,Bookcases,Bookcases Item 695,1157.22,2,0,324.46
478,CA-2022-826959,2022-10-17,2022-10-21,Second Class,CU-1014,Charles Miller,Home Office,Washington,West,PRD-TEC-6832,Technology,Machines,Machines Item 149,349.03,1,0.4,65.03
479,CA-2023-180558,2023-12-21,2023-12-27,Second Class,CU-1074,Mary Young,Home Office,Oregon,West,PRD-OFF-6180,Office Supplies,Envelopes,Envelopes Item 946,243.52,2,0,35.23
480,CA-2022-831871,2022-07-10,2022-07-16,Standard Class,CU-1175,Linda Jones,Corporate,Oregon,West,PRD-OFF-9489,Office Supplies,Storage,Storage Item 388,1062.99,9,0,-100.13
481,CA-2023-270948,2023-04-24,2023-04-27,Second Class,CU-1095,Maria Taylor,Consumer,Alabama,South,PRD-TEC-9612,Technology,Accessories,Accessories Item 966,3897.48,9,0.1,1004.76
482,CA-2024-941566,2024-12-09,2024-12-16,Same Day,CU-1136,Linda Miller,Consumer,Arizona,West,PRD-TEC-8856,Technology,Copiers,Copiers Item 456,554.6,2,0,175.0
483,CA-2021-563405,2021-10-12,2021-10-19,Second Class,CU-1079,Richard Brown,Home Office,Virginia,East,PRD-OFF-3332,Office Supplies,Storage,Storage Item 804,53.05,5,0,0.0
484,CA-2021-236543,2021-09-14,2021-09-16,Standard Class,CU-1058,Linda Harris,Corporate,Virginia,East,PRD-TEC-1696,Technology,Copiers,Copiers Item 301,86.67,2,0.5,20.87
485,CA-2024-721990,2024-09-13,2024-09-18,Standard Class,CU-1027,Robert Wilson,Consumer,New York,East,PRD-TEC-2581,Technology,Copiers,Copiers Item 901,537.6,5,0.2,107.74
486,CA-2022-309740,2022-02-25,2022-03-02,Standard Class,CU-1031,John Johnson,Consumer,North Carolina,East,PRD-TEC-6698,Technology,Machines,Machines Item 460,534.14,2,0.2,174.64
487,CA-2024-629435,2024-06-09,2024-06-11,Standard Class,CU-1041,Robert Anderson,Consumer,Arizona,West,PRD-OFF-5617,Office Supplies,Paper,Paper Item 275,1384.47,10,0.1,307.51
488,CA-2021-203479,2021-01-09,2021-01-15,First Class,CU-1193,Charles Lee,Home Office,Wisconsin,Central,PRD-TEC-6813,Technology,Copiers,Copiers Item 488,4110.0,10,0,-76.52
489,CA-2023-527376,2023-11-20,2023-11-22,Standard Class,CU-1108,Priya Jackson,Consumer,Pennsylvania,East,PRD-TEC-6918,Technology,Machines,Machines Item 821,2120.96,8,0,261.13
490,CA-2021-444053,2021-03-25,2021-03-26,Same Day,CU-1073,Robert Miller,Corporate,North Carolina,East,PRD-FUR-8273,Furniture,Chairs,Chairs Item 331,2806.84,5,0.2,587.11
491,CA-2022-548750,2022-08-19,2022-08-26,Same Day,CU-1141,Priya Brown,Corporate,Florida,East,PRD-TEC-7494,Technology,Phones,Phones Item 548,1198.89,6,0.5,242.71
492,CA-2021-513989,2021-09-02,2021-09-04,Second Class,CU-1133,Thomas Harris,Home Office,New York,East,PRD-FUR-7623,Furniture,Chairs,Chairs Item 225,1016.37,2,0.1,53.24
493,CA-2023-901968,2023-10-20,2023-10-23,Same Day,CU-1059,Patricia Brown,Home Office,Minnesota,Central,PRD-OFF-9379,Office Supplies,Labels,Labels Item 385,352.04,6,0.4,121.24
494,CA-2021-362867,2021-08-10,2021-08-11,Second Class,CU-1037,Patricia Moore,Corporate,Florida,East,PRD-FUR-9161,Furniture,Furnishings,Furnishings Item 794,221.07,3,0,60.49
495,CA-2023-812197,2023-02-23,2023-02-28,First Class,CU-1006,Linda White,Home Office,Georgia,South,PRD-FUR-9518,Furniture,Tables,Tables Item 885,9461.5,10,0,1868.52
496,CA-2022-794255,2022-02-18,2022-02-21,First Class,CU-1126,Carlos Jackson,Corporate,Minnesota,Central,PRD-FUR-1517,Furniture,Furnishings,Furnishings Item 540,4816.08,9,0,1582.86
497,CA-2023-994303,2023-07-11,2023-07-14,Same Day,CU-1030,Susan Davis,Consumer,Minnesota,Central,PRD-FUR-3689,Furniture,Furnishings,Furnishings Item 603,62.64,1,0.2,18.67
498,CA-2022-507980,2022-10-02,2022-10-08,Same Day,CU-1110,William Garcia,Home Office,Washington,West,PRD-FUR-3560,Furniture,Chairs,Chairs Item 618,4668.75,9,0.5,532.98
499,CA-2022-719755,2022-06-24,2022-06-28,First Class,CU-1014,Charles Miller,Home Office,Nevada,West,PRD-FUR-7003,Furniture,Bookcases,Bookcases Item 457,721.74,6,0,-30.54
500,CA-2021-755520,2021-02-25,2021-03-04,Standard Class,CU-1189,Lisa Thompson,Corporate,Wisconsin,Central,PRD-FUR-1924,Furniture,Furnishings,Furnishings Item 777,2633.06,7,0.3,224.78
501,CA-2022-427260,2022-04-26,2022-05-02,Standard Class,CU-1062,Mary Thomas,Home Office,Georgia,South,PRD-OFF-6343,Office Supplies,Paper,Paper Item 138,136.6,5,0,-12.45
502,CA-2024-541631,2024-03-09,2024-03-14,Same Day,CU-1117,James Brown,Corporate,Florida,East,PRD-FUR-7394,Furniture,Chairs,Chairs Item 430,438.83,10,0.3,30.71
503,CA-2023-824423,2023-09-28,2023-09-29,First Class,CU-1146,Wei Thompson,Corporate,New York,East,PRD-OFF-5907,Office Supplies,Envelopes,Envelopes Item 472,577.02,8,0.3,-14.44
504,CA-2023-988494,2023-10-15,2023-10-21,First Class,CU-1111,Richard Johnson,Corporate,Pennsylvania,East,PRD-TEC-2506,Technology,Accessories,Accessories Item 834,428.07,5,0.4,112.18
505,CA-2024-386643,2024-04-27,2024-04-30,Same Day,CU-1148,Fatima Davis,Home Office,Texas,South,PRD-TEC-5945,Technology,Copiers,Copiers Item 616,2909.08,4,0,562.01
506,CA-2024-428574,2024-09-20,2024-09-25,Same Day,CU-1076,Charles Harris,Home Office,Florida,East,PRD-TEC-9971,Technology,Copiers,Copiers Item 284,3171.7,5,0.5,641.32
507,CA-2022-623452,2022-01-18,2022-01-23,First Class,CU-1004,Linda Martin,Home Office,Arizona,West,PRD-TEC-1981,Technology,Copiers,Copiers Item 634,8788.07,9,0.4,2817.33
508,CA-2023-352050,2023-08-06,2023-08-08,Same Day,CU-1051,Linda Davis,Consumer,Tennessee,South,PRD-TEC-7757,Technology,Machines,Machines Item 373,4699.59,7,0,870.68
509,CA-2022-730437,2022-06-10,2022-06-16,Second Class,CU-1073,Robert Miller,Corporate,Pennsylvania,East,PRD-TEC-6087,Technology,Copiers,Copiers Item 575,684.86,2,0,7.2
510,CA-2023-778346,2023-06-13,2023-06-17,Second Class,CU-1124,Lisa Taylor,Home Office,Arizona,West,PRD-TEC-5551,Technology,Accessories,Accessories Item 774,1264.16,5,0.2,322.81
511,CA-2024-144283,2024-08-12,2024-08-19,Standard Class,CU-1140,Linda Jones,Home Office,Washington,West,PRD-OFF-5882,Office Supplies,Appliances,Appliances Item 987,172.62,1,0,7.12
512,CA-2023-789365,2023-01-15,2023-01-21,Second Class,CU-1016,Yuki Davis,Consumer,Minnesota,Central,PRD-TEC-9605,Technology,Copiers,Copiers Item 357,1073.08,4,0,144.74
513,CA-2022-228216,2022-05-03,2022-05-08,Same Day,CU-1127,Maria Moore,Home Office,New York,East,PRD-FUR-3869,Furniture,Bookcases,Bookcases Item 319,5058.68,4,0.1,-177.43
514,CA-2023-718115,2023-04-17,2023-04-20,First Class,CU-1070,Priya Johnson,Consumer,Minnesota,Central,PRD-TEC-5036,Technology,Copiers,Copiers Item 384,800.59,2,0.4,91.01
515,CA-2023-485602,2023-09-01,2023-09-07,Standard Class,CU-1037,Patricia Moore,Corporate,Virginia,East,PRD-FUR-7302,Furniture,Chairs,Chairs Item 416,940.77,1,0.1,13.02
516,CA-2024-660894,2024-11-04,2024-11-05,Same Day,CU-1163,Carlos Thomas,Home Office,Virginia,East,PRD-TEC-5186,Technology,Copiers,Copiers Item 408,1094.45,1,0.4,347.35
517,CA-2022-268010,2022-09-02,2022-09-04,Same Day,CU-1023,Wei Johnson,Consumer,Washington,West,PRD-FUR-9055,Furniture,Bookcases,Bookcases Item 582,432.83,1,0,117.05
518,CA-2022-542882,2022-11-13,2022-11-19,First Class,CU-1188,Ahmed Martin,Home Office,Alabama,South,PRD-TEC-9973,Technology,Accessories,Accessories Item 855,968.87,9,0.4,165.63
519,CA-2024-898989,2024-11-24,2024-11-25,Same Day,CU-1083,Linda Wilson,Corporate,Florida,East,PRD-TEC-6140,Technology,Accessories,Accessories Item 689,151.2,3,0.1,27.63
520,CA-2021-641448,2021-11-20,2021-11-22,Same Day,CU-1021,Jennifer White,Corporate,Texas,South,PRD-OFF-6367,Office Supplies,Fasteners,Fasteners Item 918,558.24,6,0,9.66
521,CA-2021-485456,2021-06-22,2021-06-26,Same Day,CU-1072,Barbara Jackson,Home Office,Ohio,Central,PRD-TEC-4747,Technology,Copiers,Copiers Item 191,4877.5,10,0,1538.37
522,CA-2022-993209,2022-06-21,2022-06-27,Same Day,CU-1118,Charles Wilson,Consumer,Washington,West,PRD-TEC-7028,Technology,Phones,Phones Item 274,7090.88,10,0.2,-232.84
523,CA-2021-651380,2021-01-29,2021-02-04,Same Day,CU-1145,Fatima White,Home Office,Illinois,Central,PRD-FUR-5361,Furniture,Furnishings,Furnishings Item 394,647.98,2,0.1,-9.24
524,CA-2023-552259,2023-02-22,2023-02-24,First Class,CU-1191,Yuki Davis,Consumer,Alabama,South,PRD-TEC-1471,Technology,Accessories,Accessories Item 397,2077.8,4,0.4,533.18
525,CA-2024-360380,2024-06-19,2024-06-23,Standard Class,CU-1067,Mary Thompson,Consumer,Washington,West,PRD-FUR-7513,Furniture,Furnishings,Furnishings Item 803,503.48,1,0.3,170.42
526,CA-2024-871861,2024-12-21,2024-12-25,Standard Class,CU-1054,Maria Johnson,Consumer,Nevada,West,PRD-OFF-4847,Office Supplies,Labels,Labels Item 582,227.22,2,0,11.31
527,CA-2024-727291,2024-10-05,2024-10-12,Standard Class,CU-1090,Wei Thompson,Home Office,Mississippi,South,PRD-OFF-7466,Office Supplies,Binders,Binders Item 787,310.17,5,0.4,11.21
528,CA-2024-708684,2024-02-20,2024-02-21,Second Class,CU-1094,William Moore,Home Office,Pennsylvania,East,PRD-TEC-3161,Technology,Machines,Machines Item 191,6369.55,9,0.3,1879.36
529,CA-2023-373055,2023-06-06,2023-06-08,Standard Class,CU-1081,Jessica Young,Home Office,Mississippi,South,PRD-TEC-8046,Technology,Machines,Machines Item 389,2456.3,3,0.2,580.97
530,CA-2022-428215,2022-06-25,2022-06-30,First Class,CU-1067,Mary Thompson,Consumer,Arizona,West,PRD-FUR-8208,Furniture,Tables,Tables Item 154,9220.8,8,0,1383.61
531,CA-2021-292037,2021-04-22,2021-04-24,First Class,CU-1048,Michael Thompson,Home Office,Pennsylvania,East,PRD-TEC-9108,Technology,Copiers,Copiers Item 141,2567.93,3,0.4,-122.72
532,CA-2024-608768,2024-12-23,2024-12-28,Standard Class,CU-1113,Wei Davis,Consumer,Oregon,West,PRD-FUR-5654,Furniture,Furnishings,Furnishings Item 284,635.31,3,0,-5.29
533,CA-2022-795350,2022-07-13,2022-07-18,Standard Class,CU-1043,Patricia Anderson,Corporate,North Carolina,East,PRD-OFF-2258,Office Supplies,Envelopes,Envelopes Item 352,1390.86,9,0,121.55
534,CA-2024-444622,2024-10-18,2024-10-19,Standard Class,CU-1196,Chen Wilson,Corporate,Alabama,South,PRD-TEC-3519,Technology,Machines,Machines Item 129,5449.08,7,0,1507.43
535,CA-2024-603164,2024-12-20,2024-12-26,Standard Class,CU-1020,Lisa Garcia,Home Office,Florida,East,PRD-FUR-3118,Furniture,Bookcases,Bookcases Item 316,4366.68,6,0.5,201.79
536,CA-2022-158232,2022-10-24,2022-10-31,Same Day,CU-1012,Karen Brown,Corporate,Oregon,West,PRD-OFF-7535,Office Supplies,Paper,Paper Item 191,165.56,2,0,1.33
537,CA-2021-917357,2021-11-30,2021-12-04,Second Class,CU-1005,Karen Miller,Home Office,Ohio,Central,PRD-FUR-6080,Furniture,Bookcases,Bookcases Item 801,562.63,2,0.4,130.05
538,CA-2023-200780,2023-01-06,2023-01-12,Same Day,CU-1154,Maria Miller,Consumer,Ohio,Central,PRD-FUR-7931,Furniture,Tables,Tables Item 192,5326.24,8,0.5,110.87
539,CA-2023-295408,2023-01-25,2023-01-30,Standard Class,CU-1193,Charles Lee,Home Office,Minnesota,Central,PRD-FUR-3540,Furniture,Furnishings,Furnishings Item 607,392.31,1,0.5,80.19
540,CA-2021-590963,2021-06-21,2021-06-24,Same Day,CU-1134,Carlos Williams,Corporate,Mississippi,South,PRD-FUR-5921,Furniture,Chairs,Chairs Item 961,1242.25,5,0,258.32
541,CA-2023-696152,2023-05-26,2023-05-29,Standard Class,CU-1063,Chen Brown,Consumer,North Carolina,East,PRD-TEC-8612,Technology,Phones,Phones Item 776,1403.35,9,0.4,120.49
542,CA-2022-367240,2022-06-03,2022-06-06,Standard Class,CU-1184,John Martin,Home Office,Mississippi,South,PRD-OFF-3985,Office Supplies,Paper,Paper Item 963,149.4,2,0.5,-2.87
543,CA-2021-838594,2021-06-20,2021-06-24,Same Day,CU-1100,Karen Smith,Consumer,California,West,PRD-FUR-4066,Furniture,Bookcases,Bookcases Item 316,6060.8,8,0.2,324.86
544,CA-2024-806120,2024-05-22,2024-05-25,Standard Class,CU-1047,William Martin,Home Office,Illinois,Central,PRD-TEC-8817,Technology,Copiers,Copiers Item 571,820.12,1,0,-18.63
545,CA-2024-731124,2024-09-09,2024-09-15,First Class,CU-1177,Fatima Anderson,Consumer,Nevada,West,PRD-OFF-7471,Office Supplies,Appliances,Appliances Item 923,1144.92,10,0.3,241.35
546,CA-2021-114549,2021-09-14,2021-09-16,Standard Class,CU-1077,Mary Martin,Consumer,New York,East,PRD-TEC-3378,Technology,Phones,Phones Item 765,6210.25,4,0.1,723.51
547,CA-2024-928387,2024-07-06,2024-07-13,Standard Class,CU-1061,Yuki Johnson,Home Office,Nevada,West,PRD-OFF-1357,Office Supplies,Envelopes,Envelopes Item 219,775.5,5,0,87.86
548,CA-2024-608608,2024-12-09,2024-12-13,Same Day,CU-1042,Lisa Taylor,Corporate,Washington,West,PRD-FUR-7418,Furniture,Chairs,Chairs Item 152,3093.36,10,0.2,483.32
549,CA-2021-988803,2021-07-30,2021-08-05,Same Day,CU-1085,Omar Williams,Consumer,Illinois,Central,PRD-OFF-7548,Office Supplies,Art,Art Item 597,951.87,8,0.2,-79.33
550,CA-2024-956360,2024-06-06,2024-06-12,Standard Class,CU-1131,Barbara Miller,Corporate,Mississippi,South,PRD-FUR-5388,Furniture,Tables,Tables Item 763,365.15,9,0.3,54.39
551,CA-2021-752944,2021-08-28,2021-09-01,Same Day,CU-1106,Susan Thompson,Corporate,Florida,East,PRD-OFF-8688,Office Supplies,Storage,Storage Item 452,50.74,7,0.2,11.51
552,CA-2023-716204,2023-11-06,2023-11-08,Same Day,CU-1112,Michael White,Corporate,Georgia,South,PRD-OFF-6902,Office Supplies,Storage,Storage Item 915,319.0,3,0.4,105.88
553,CA-2024-396177,2024-06-27,2024-06-29,Same Day,CU-1120,Jessica Lee,Home Office,Washington,West,PRD-OFF-2653,Office Supplies,Paper,Paper Item 912,116.37,3,0,20.08
554,CA-2022-319606,2022-09-14,2022-09-16,Standard Class,CU-1106,Susan Thompson,Corporate,Florida,East,PRD-OFF-3862,Office Supplies,Binders,Binders Item 947,742.48,6,0.3,151.92
555,CA-2021-551538,2021-05-11,2021-05-14,Standard Class,CU-1128,Michael Jackson,Home Office,Illinois,Central,PRD-TEC-6820,Technology,Accessories,Accessories Item 887,3506.33,9,0.2,1217.22
556,CA-2022-994863,2022-07-02,2022-07-04,Standard Class,CU-1011,Lisa Wilson,Consumer,Wisconsin,Central,PRD-OFF-2669,Office Supplies,Paper,Paper Item 943,1286.4,8,0,435.57
557,CA-2023-275160,2023-11-05,2023-11-06,Second Class,CU-1143,Karen Davis,Consumer,Illinois,Central,PRD-OFF-9288,Office Supplies,Paper,Paper Item 610,170.98,6,0.2,37.39
558,CA-2021-481405,2021-11-12,2021-11-18,Standard Class,CU-1187,Maria Jones,Corporate,New York,East,PRD-FUR-1107,Furniture,Tables,Tables Item 351,1621.18,4,0.4,399.05
559,CA-2022-279581,2022-08-11,2022-08-16,First Class,CU-1121,Richard Young,Consumer,Tennessee,South,PRD-TEC-9677,Technology,Machines,Machines Item 531,4745.48,7,0.1,-150.79
560,CA-2023-529191,2023-05-29,2023-06-02,Standard Class,CU-1058,Linda Harris,Corporate,Pennsylvania,East,PRD-FUR-9476,Furniture,Bookcases,Bookcases Item 171,1952.08,8,0,435.18
561,CA-2022-909891,2022-10-07,2022-10-11,Standard Class,CU-1021,Jennifer White,Corporate,Tennessee,South,PRD-TEC-1947,Technology,Copiers,Copiers Item 746,10713.01,7,0,3279.57
562,CA-2022-521530,2022-08-29,2022-09-02,First Class,CU-1182,Chen Young,Consumer,Mississippi,South,PRD-OFF-3406,Office Supplies,Labels,Labels Item 817,31.39,6,0.2,9.58
563,CA-2024-670871,2024-08-11,2024-08-13,First Class,CU-1103,Jessica Jones,Consumer,Alabama,South,PRD-OFF-9805,Office Supplies,Appliances,Appliances Item 442,874.72,7,0.2,-54.3
564,CA-2023-397719,2023-12-02,2023-12-07,First Class,CU-1099,Jennifer White,Home Office,Ohio,Central,PRD-TEC-9846,Technology,Phones,Phones Item 706,6429.42,9,0,-575.18
565,CA-2022-543281,2022-09-15,2022-09-21,Standard Class,CU-1066,Linda Williams,Corporate,Washington,West,PRD-OFF-3043,Office Supplies,Paper,Paper Item 559,233.73,6,0.3,-10.35
566,CA-2021-455446,2021-01-11,2021-01-15,First Class,CU-1076,Charles Harris,Home Office,North Carolina,East,PRD-TEC-9514,Technology,Accessories,Accessories Item 855,3024.2,5,0,669.73
567,CA-2022-710658,2022-11-03,2022-11-08,Same Day,CU-1063,Chen Brown,Consumer,New York,East,PRD-TEC-2342,Technology,Machines,Machines Item 194,402.94,2,0.4,109.92
568,CA-2021-325217,2021-09-24,2021-09-28,First Class,CU-1015,Mary Davis,Corporate,Nevada,West,PRD-FUR-9172,Furniture,Chairs,Chairs Item 751,3359.07,9,0.4,982.21
569,CA-2024-867260,2024-11-12,2024-11-16,Second Class,CU-1108,Priya Jackson,Consumer,Florida,East,PRD-FUR-9408,Furniture,Tables,Tables Item 983,975.91,9,0.5,-40.77
570,CA-2024-577555,2024-11-23,2024-11-25,Second Class,CU-1135,John Davis,Home Office,Texas,South,PRD-FUR-7694,Furniture,Chairs,Chairs Item 212,5156.28,9,0,880.28
571,CA-2024-142238,2024-03-16,2024-03-19,Standard Class,CU-1030,Susan Davis,Consumer,Michigan,Central,PRD-OFF-8961,Office Supplies,Fasteners,Fasteners Item 128,270.73,6,0.3,9.87
572,CA-2024-151014,2024-04-22,2024-04-26,Second Class,CU-1036,Carlos Thompson,Corporate,Georgia,South,PRD-FUR-9970,Furniture,Bookcases,Bookcases Item 457,1851.16,3,0.5,-183.38
573,CA-2023-700896,2023-05-06,2023-05-10,First Class,CU-1017,William White,Home Office,Texas,South,PRD-FUR-9270,Furniture,Furnishings,Furnishings Item 751,5100.06,7,0,1238.69
574,CA-2024-256219,2024-09-28,2024-10-02,Standard Class,CU-1117,James Brown,Corporate,Florida,East,PRD-OFF-7478,Office Supplies,Storage,Storage Item 447,807.48,10,0.4,59.96
575,CA-2024-871660,2024-10-05,2024-10-09,Second Class,CU-1138,Joseph Jackson,Home Office,New York,East,PRD-FUR-3028,Furniture,Chairs,Chairs Item 759,696.66,1,0.2,106.22
576,CA-2022-668154,2022-01-30,2022-02-04,Second Class,CU-1143,Karen Davis,Consumer,Illinois,Central,PRD-OFF-9713,Office Supplies,Binders,Binders Item 284,824.08,8,0,-37.8
577,CA-2022-969993,2022-02-26,2022-02-28,Standard Class,CU-1004,Linda Martin,Home Office,Oregon,West,PRD-OFF-9052,Office Supplies,Appliances,Appliances Item 982,666.04,9,0.4,109.9
578,CA-2023-535092,2023-06-15,2023-06-17,Same Day,CU-1005,Karen Miller,Home Office,Michigan,Central,PRD-TEC-5675,Technology,Machines,Machines Item 247,1137.5,5,0,163.57
579,CA-2021-421697,2021-07-03,2021-07-05,Standard Class,CU-1046,Robert Harris,Home Office,Virginia,East,PRD-FUR-1958,Furniture,Tables,Tables Item 405,14428.5,10,0,-1266.43
580,CA-2022-532876,2022-10-18,2022-10-20,Same Day,CU-1099,Jennifer White,Home Office,Illinois,Central,PRD-FUR-4874,Furniture,Bookcases,Bookcases Item 604,191.27,2,0.1,45.61
581,CA-2023-382368,2023-02-28,2023-03-01,Same Day,CU-1130,Richard Thompson,Consumer,Mississippi,South,PRD-TEC-4829,Technology,Machines,Machines Item 119,3797.1,9,0.5,-330.32
582,CA-2024-206440,2024-04-15,2024-04-21,First Class,CU-1068,Omar Davis,Consumer,Wisconsin,Central,PRD-TEC-9199,Technology,Accessories,Accessories Item 308,8431.5,10,0,2367.78
583,CA-2024-920011,2024-01-12,2024-01-14,Same Day,CU-1036,Carlos Thompson,Corporate,Tennessee,South,PRD-TEC-5739,Technology,Copiers,Copiers Item 768,25.98,1,0.5,8.64
584,CA-2021-386578,2021-05-04,2021-05-08,Same Day,CU-1042,Lisa Taylor,Corporate,California,West,PRD-OFF-9361,Office Supplies,Labels,Labels Item 388,914.11,6,0.1,149.29
585,CA-2023-173332,2023-12-30,2024-01-04,Same Day,CU-1011,Lisa Wilson,Consumer,Ohio,Central,PRD-FUR-4454,Furniture,Chairs,Chairs Item 725,2001.33,2,0.2,590.84
586,CA-2024-766023,2024-10-28,2024-10-31,First Class,CU-1129,Carlos Garcia,Home Office,Tennessee,South,PRD-FUR-8533,Furniture,Furnishings,Furnishings Item 713,2809.94,4,0.3,150.99
587,CA-2024-777844,2024-11-17,2024-11-19,Standard Class,CU-1084,Carlos Moore,Corporate,Texas,South,PRD-TEC-9011,Technology,Copiers,Copiers Item 880,817.07,1,0.4,122.65
588,CA-2021-780627,2021-06-16,2021-06-23,Standard Class,CU-1100,Karen Smith,Consumer,Arizona,West,PRD-OFF-7166,Office Supplies,Paper,Paper Item 947,762.1,8,0.3,257.15
589,CA-2023-979908,2023-03-04,2023-03-06,Standard Class,CU-1153,Robert Davis,Corporate,Virginia,East,PRD-OFF-4629,Office Supplies,Binders,Binders Item 860,556.13,8,0.1,55.65
590,CA-2024-475202,2024-10-25,2024-10-31,First Class,CU-1005,Karen Miller,Home Office,Michigan,Central,PRD-TEC-1602,Technology,Phones,Phones Item 387,1013.6,4,0.5,339.84
591,CA-2022-305611,2022-03-05,2022-03-06,Standard Class,CU-1126,Carlos Jackson,Corporate,Wisconsin,Central,PRD-OFF-4174,Office Supplies,Art,Art Item 775,289.93,5,0.5,-6.75
592,CA-2024-732262,2024-10-08,2024-10-14,Standard Class,CU-1189,Lisa Thompson,Corporate,Wisconsin,Central,PRD-OFF-4734,Office Supplies,Fasteners,Fasteners Item 635,300.1,10,0,-12.8
593,CA-2022-810912,2022-01-28,2022-02-04,Same Day,CU-1186,Jessica Anderson,Home Office,Michigan,Central,PRD-TEC-6292,Technology,Machines,Machines Item 542,1878.89,1,0,534.05
594,CA-2021-643471,2021-09-07,2021-09-13,First Class,CU-1104,Susan Johnson,Corporate,Virginia,East,PRD-FUR-7882,Furniture,Furnishings,Furnishings Item 645,9280.66,9,0.1,-731.93
595,CA-2021-304061,2021-01-11,2021-01-15,Standard Class,CU-1114,Carlos Miller,Corporate,Tennessee,South,PRD-FUR-5095,Furniture,Chairs,Chairs Item 301,3522.72,4,0.4,1166.02
596,CA-2022-756403,2022-09-29,2022-09-30,Standard Class,CU-1042,Lisa Taylor,Corporate,Oregon,West,PRD-OFF-6477,Office Supplies,Paper,Paper Item 960,713.84,8,0,118.95
597,CA-2021-349937,2021-08-09,2021-08-13,First Class,CU-1064,Michael Thompson,Corporate,Pennsylvania,East,PRD-FUR-8184,Furniture,Chairs,Chairs Item 882,10776.06,9,0,2684.18
598,CA-2024-189689,2024-03-31,2024-04-01,Same Day,CU-1024,Chen Taylor,Corporate,Alabama,South,PRD-TEC-2015,Technology,Phones,Phones Item 921,10713.96,6,0,2701.96
599,CA-2022-756602,2022-09-10,2022-09-15,Standard Class,CU-1113,Wei Davis,Consumer,California,West,PRD-FUR-7581,Furniture,Chairs,Chairs Item 198,681.69,1,0.2,192.56
600,CA-2022-728700,2022-04-23,2022-04-30,Same Day,CU-1158,Yuki Young,Corporate,Minnesota,Central,PRD-OFF-2659,Office Supplies,Binders,Binders Item 447,401.18,7,0.4,118.74
601,CA-2023-444136,2023-07-19,2023-07-24,Standard Class,CU-1166,John Jackson,Consumer,Illinois,Central,PRD-OFF-4172,Office Supplies,Envelopes,Envelopes Item 686,14.8,2,0,2.47
602,CA-2022-541457,2022-06-09,2022-06-12,Second Class,CU-1032,Anna Garcia,Home Office,Wisconsin,Central,PRD-FUR-6106,Furniture,Furnishings,Furnishings Item 698,929.52,4,0,-67.65
603,CA-2024-475121,2024-08-27,2024-09-03,Second Class,CU-1111,Richard Johnson,Corporate,North Carolina,East,PRD-FUR-1132,Furniture,Tables,Tables Item 630,2709.0,8,0.3,83.92
604,CA-2021-631741,2021-04-28,2021-04-30,Same Day,CU-1150,William White,Consumer,Georgia,South,PRD-OFF-4297,Office Supplies,Binders,Binders Item 904,232.74,6,0.1,43.81
605,CA-2022-598833,2022-01-23,2022-01-29,First Class,CU-1017,William White,Home Office,Tennessee,South,PRD-OFF-7859,Office Supplies,Appliances,Appliances Item 436,807.73,10,0.3,143.17
606,CA-2023-144241,2023-07-20,2023-07-27,Standard Class,CU-1041,Robert Anderson,Consumer,California,West,PRD-FUR-4916,Furniture,Tables,Tables Item 592,2098.06,4,0.5,379.25
607,CA-2023-519758,2023-02-09,2023-02-11,First Class,CU-1188,Ahmed Martin,Home Office,Tennessee,South,PRD-TEC-3333,Technology,Phones,Phones Item 397,193.78,1,0,28.99
608,CA-2024-902719,2024-07-16,2024-07-21,Standard Class,CU-1112,Michael White,Corporate,Georgia,South,PRD-FUR-5292,Furniture,Chairs,Chairs Item 836,1283.2,4,0,-1.89
609,CA-2024-287214,2024-02-10,2024-02-12,Second Class,CU-1044,Mary Davis,Home Office,Oregon,West,PRD-TEC-3248,Technology,Phones,Phones Item 488,9128.85,5,0,2502.68
610,CA-2022-419891,2022-11-25,2022-11-27,First Class,CU-1167,Jennifer Johnson,Corporate,Illinois,Central,PRD-FUR-2071,Furniture,Tables,Tables Item 221,3605.54,6,0.4,1064.62
611,CA-2022-658424,2022-01-24,2022-01-26,First Class,CU-1036,Carlos Thompson,Corporate,Georgia,South,PRD-FUR-4098,Furniture,Bookcases,Bookcases Item 974,5952.78,10,0.1,1871.89
612,CA-2021-359178,2021-11-01,2021-11-04,Second Class,CU-1137,Mary Davis,Corporate,Oregon,West,PRD-TEC-2333,Technology,Machines,Machines Item 903,8722.57,9,0.5,-50.97
613,CA-2021-633320,2021-05-13,2021-05-15,Same Day,CU-1120,Jessica Lee,Home Office,Arizona,West,PRD-FUR-9609,Furniture,Bookcases,Bookcases Item 811,4488.56,9,0.3,990.26
614,CA-2023-709418,2023-08-29,2023-09-01,Second Class,CU-1123,Susan Jackson,Consumer,Alabama,South,PRD-FUR-7486,Furniture,Chairs,Chairs Item 323,2690.96,4,0.5,776.14
615,CA-2023-264845,2023-02-12,2023-02-17,Standard Class,CU-1078,John Lee,Consumer,Florida,East,PRD-FUR-6760,Furniture,Bookcases,Bookcases Item 335,2723.74,3,0.2,272.45
616,CA-2023-751297,2023-08-11,2023-08-16,Same Day,CU-1149,Fatima Martin,Corporate,New York,East,PRD-FUR-6194,Furniture,Furnishings,Furnishings Item 379,3728.37,8,0.3,976.93
617,CA-2022-345147,2022-01-03,2022-01-07,First Class,CU-1097,John Jackson,Corporate,California,West,PRD-FUR-4731,Furniture,Chairs,Chairs Item 200,925.88,2,0,234.84
618,CA-2023-672549,2023-01-08,2023-01-09,Second Class,CU-1030,Susan Davis,Consumer,Illinois,Central,PRD-TEC-3258,Technology,Machines,Machines Item 975,2580.24,6,0.2,-36.67
619,CA-2022-907483,2022-06-19,2022-06-20,First Class,CU-1192,Priya White,Consumer,Wisconsin,Central,PRD-FUR-9399,Furniture,Bookcases,Bookcases Item 879,9942.45,7,0,1117.55
620,CA-2022-858472,2022-04-12,2022-04-14,Same Day,CU-1038,Joseph Smith,Home Office,Alabama,South,PRD-OFF-8559,Office Supplies,Envelopes,Envelopes Item 448,211.18,4,0.5,47.54
621,CA-2022-907540,2022-01-20,2022-01-24,Second Class,CU-1021,Jennifer White,Corporate,Tennessee,South,PRD-OFF-3102,Office Supplies,Art,Art Item 412,741.92,8,0,50.91
622,CA-2023-790852,2023-10-21,2023-10-28,Second Class,CU-1188,Ahmed Martin,Home Office,Texas,South,PRD-FUR-9808,Furniture,Bookcases,Bookcases Item 406,2754.4,7,0.4,670.09
623,CA-2021-923507,2021-02-17,2021-02-22,Second Class,CU-1083,Linda Wilson,Corporate,North Carolina,East,PRD-TEC-4345,Technology,Accessories,Accessories Item 500,4168.69,6,0.4,1421.85
624,CA-2023-597840,2023-03-03,2023-03-05,Same Day,CU-1016,Yuki Davis,Consumer,Wisconsin,Central,PRD-TEC-3910,Technology,Machines,Machines Item 132,1159.1,5,0,236.11
625,CA-2023-295760,2023-09-28,2023-09-29,Same Day,CU-1176,Charles Miller,Corporate,Mississippi,South,PRD-TEC-2146,Technology,Phones,Phones Item 565,1805.96,5,0.2,355.42
626,CA-2023-280172,2023-11-28,2023-11-29,Same Day,CU-1014,Charles Miller,Home Office,Oregon,West,PRD-FUR-8835,Furniture,Furnishings,Furnishings Item 860,4454.1,3,0,629.83
627,CA-2022-315667,2022-02-27,2022-03-01,Same Day,CU-1017,William White,Home Office,Alabama,South,PRD-FUR-9232,Furniture,Furnishings,Furnishings Item 833,2201.88,3,0.2,361.93
628,CA-2022-107804,2022-07-19,2022-07-21,Standard Class,CU-1175,Linda Jones,Corporate,Nevada,West,PRD-TEC-9043,Technology,Copiers,Copiers Item 571,7745.53,7,0.1,1058.31
629,CA-2021-195528,2021-03-22,2021-03-28,First Class,CU-1118,Charles Wilson,Consumer,Arizona,West,PRD-FUR-3942,Furniture,Furnishings,Furnishings Item 732,3024.5,5,0,262.45
630,CA-2023-791095,2023-07-27,2023-07-31,Same Day,CU-1187,Maria Jones,Corporate,Florida,East,PRD-TEC-9810,Technology,Phones,Phones Item 398,517.41,1,0,12.0
631,CA-2024-857501,2024-11-30,2024-12-06,Same Day,CU-1170,William Williams,Corporate,California,West,PRD-TEC-2723,Technology,Copiers,Copiers Item 616,1804.32,9,0.3,-118.29
632,CA-2023-272846,2023-04-20,2023-04-24,Standard Class,CU-1196,Chen Wilson,Corporate,Tennessee,South,PRD-FUR-7542,Furniture,Tables,Tables Item 976,277.12,8,0.5,19.82
633,CA-2021-362779,2021-03-19,2021-03-20,First Class,CU-1049,Maria Moore,Corporate,Alabama,South,PRD-TEC-4969,Technology,Accessories,Accessories Item 830,7962.24,8,0,-500.45
634,CA-2023-392701,2023-08-23,2023-08-30,Standard Class,CU-1112,Michael White,Corporate,Georgia,South,PRD-TEC-7403,Technology,Accessories,Accessories Item 272,1968.0,10,0.2,-86.85
635,CA-2024-260952,2024-10-19,2024-10-22,Second Class,CU-1019,Carlos Wilson,Home Office,California,West,PRD-FUR-1782,Furniture,Bookcases,Bookcases Item 956,3888.68,4,0.1,384.69
636,CA-2024-851210,2024-08-05,2024-08-11,Same Day,CU-1162,Sarah Smith,Corporate,Mississippi,South,PRD-OFF-7183,Office Supplies,Paper,Paper Item 885,457.9,5,0,-35.76
637,CA-2023-309700,2023-02-07,2023-02-09,Same Day,CU-1051,Linda Davis,Consumer,Georgia,South,PRD-TEC-2035,Technology,Phones,Phones Item 325,1385.38,1,0.3,373.0
638,CA-2021-535872,2021-12-09,2021-12-10,First Class,CU-1024,Chen Taylor,Corporate,Georgia,South,PRD-OFF-9875,Office Supplies,Paper,Paper Item 504,618.84,6,0.1,112.07
639,CA-2022-211028,2022-04-21,2022-04-23,Second Class,CU-1109,Ahmed Taylor,Corporate,New York,East,PRD-FUR-4485,Furniture,Bookcases,Bookcases Item 569,434.8,1,0.3,-41.14
640,CA-2024-391983,2024-09-09,2024-09-16,Standard Class,CU-1056,Thomas Davis,Corporate,Illinois,Central,PRD-OFF-9185,Office Supplies,Storage,Storage Item 204,213.19,2,0.4,7.61
641,CA-2024-364178,2024-03-11,2024-03-13,Same Day,CU-1182,Chen Young,Consumer,Mississippi,South,PRD-TEC-8899,Technology,Machines,Machines Item 169,1464.73,3,0.3,498.17
642,CA-2024-570717,2024-05-31,2024-06-05,Standard Class,CU-1085,Omar Williams,Consumer,Illinois,Central,PRD-FUR-8020,Furniture,Tables,Tables Item 875,244.72,4,0,9.54
643,CA-2021-244237,2021-06-12,2021-06-13,First Class,CU-1062,Mary Thomas,Home Office,Mississippi,South,PRD-FUR-4900,Furniture,Furnishings,Furnishings Item 842,910.66,4,0.1,172.04
644,CA-2022-391636,2022-11-05,2022-11-07,Same Day,CU-1153,Robert Davis,Corporate,Florida,East,PRD-FUR-6427,Furniture,Chairs,Chairs Item 450,5099.89,5,0.1,1433.68
645,CA-2024-797309,2024-01-10,2024-01-11,Same Day,CU-1062,Mary Thomas,Home Office,Georgia,South,PRD-TEC-2058,Technology,Accessories,Accessories Item 990,3047.36,9,0.5,558.89
646,CA-2022-765181,2022-01-30,2022-01-31,Second Class,CU-1125,Ahmed Moore,Home Office,Texas,South,PRD-TEC-2280,Technology,Accessories,Accessories Item 536,699.61,2,0.1,4.44
647,CA-2022-856729,2022-09-30,2022-10-02,Same Day,CU-1185,James Jackson,Corporate,Nevada,West,PRD-TEC-8344,Technology,Accessories,Accessories Item 750,2955.38,3,0.2,83.96
648,CA-2023-477048,2023-09-13,2023-09-14,Second Class,CU-1051,Linda Davis,Consumer,Tennessee,South,PRD-FUR-8897,Furniture,Furnishings,Furnishings Item 120,3258.34,8,0.4,788.99
649,CA-2023-187275,2023-05-26,2023-06-02,Second Class,CU-1195,Jennifer Harris,Consumer,Alabama,South,PRD-FUR-7146,Furniture,Tables,Tables Item 675,2357.04,5,0.2,245.42
650,CA-2021-243294,2021-05-28,2021-05-31,Second Class,CU-1155,Jessica Taylor,Home Office,Minnesota,Central,PRD-OFF-9203,Office Supplies,Appliances,Appliances Item 847,550.95,3,0,-51.91
651,CA-2023-536019,2023-10-04,2023-10-08,Same Day,CU-1185,James Jackson,Corporate,Oregon,West,PRD-FUR-1636,Furniture,Bookcases,Bookcases Item 227,3859.84,8,0,324.05
652,CA-2021-900011,2021-11-29,2021-12-01,First Class,CU-1098,James Taylor,Consumer,Mississippi,South,PRD-FUR-7313,Furniture,Bookcases,Bookcases Item 534,6756.25,9,0.3,1441.82
653,CA-2022-136183,2022-05-12,2022-05-16,Second Class,CU-1188,Ahmed Martin,Home Office,Georgia,South,PRD-FUR-3644,Furniture,Chairs,Chairs Item 112,4599.95,5,0,66.38
654,CA-2024-503017,2024-08-12,2024-08-18,Second Class,CU-1029,Ahmed Young,Corporate,Illinois,Central,PRD-FUR-5951,Furniture,Chairs,Chairs Item 612,1149.79,7,0.4,15.86
655,CA-2024-869584,2024-04-15,2024-04-18,Standard Class,CU-1136,Linda Miller,Consumer,Nevada,West,PRD-FUR-5407,Furniture,Chairs,Chairs Item 866,8202.18,10,0.3,2185.08
656,CA-2024-106732,2024-12-02,2024-12-05,Standard Class,CU-1053,Charles Davis,Consumer,Nevada,West,PRD-TEC-5724,Technology,Copiers,Copiers Item 850,223.43,2,0.4,30.44
657,CA-2021-295454,2021-12-28,2021-12-31,Second Class,CU-1110,William Garcia,Home Office,Washington,West,PRD-OFF-4482,Office Supplies,Fasteners,Fasteners Item 290,323.92,8,0,33.3
658,CA-2022-896041,2022-01-10,2022-01-17,Same Day,CU-1051,Linda Davis,Consumer,Texas,South,PRD-TEC-3721,Technology,Machines,Machines Item 181,10178.64,8,0,2959.57
659,CA-2023-390206,2023-02-13,2023-02-14,Standard Class,CU-1075,Ahmed Taylor,Consumer,California,West,PRD-TEC-2651,Technology,Machines,Machines Item 109,2539.1,10,0.5,514.83
660,CA-2021-710738,2021-01-15,2021-01-21,Second Class,CU-1015,Mary Davis,Corporate,Oregon,West,PRD-TEC-5355,Technology,Phones,Phones Item 597,8607.49,9,0.4,1474.83
661,CA-2024-452898,2024-05-22,2024-05-26,First Class,CU-1121,Richard Young,Consumer,Tennessee,South,PRD-FUR-1937,Furniture,Bookcases,Bookcases Item 464,3391.82,4,0.4,238.43
662,CA-2021-832229,2021-01-07,2021-01-11,Standard Class,CU-1084,Carlos Moore,Corporate,Texas,South,PRD-FUR-5072,Furniture,Tables,Tables Item 477,1685.2,10,0.2,552.71
663,CA-2024-598282,2024-11-06,2024-11-12,Second Class,CU-1115,William Williams,Corporate,Mississippi,South,PRD-OFF-6901,Office Supplies,Art,Art Item 994,138.12,1,0.3,-12.78
664,CA-2024-344903,2024-10-20,2024-10-24,Same Day,CU-1011,Lisa Wilson,Consumer,Michigan,Central,PRD-OFF-8800,Office Supplies,Appliances,Appliances Item 774,1118.74,10,0.3,103.55
665,CA-2023-736667,2023-02-28,2023-03-03,Standard Class,CU-1179,Charles Smith,Corporate,Illinois,Central,PRD-TEC-9990,Technology,Accessories,Accessories Item 995,3062.85,3,0,109.06
666,CA-2023-605590,2023-07-03,2023-07-04,Second Class,CU-1119,Lisa Jackson,Corporate,Georgia,South,PRD-OFF-1478,Office Supplies,Envelopes,Envelopes Item 264,152.92,4,0,-8.03
667,CA-2022-854109,2022-07-29,2022-07-31,Standard Class,CU-1083,Linda Wilson,Corporate,Florida,East,PRD-FUR-6452,Furniture,Furnishings,Furnishings Item 992,2079.63,3,0.5,-123.32
668,CA-2024-775268,2024-05-15,2024-05-16,Same Day,CU-1057,Michael Thompson,Consumer,Wisconsin,Central,PRD-FUR-4662,Furniture,Furnishings,Furnishings Item 365,7832.05,9,0.4,2066.11
669,CA-2021-193469,2021-06-29,2021-06-30,Standard Class,CU-1029,Ahmed Young,Corporate,Michigan,Central,PRD-FUR-1027,Furniture,Tables,Tables Item 418,3993.99,10,0.3,1315.34
670,CA-2024-988268,2024-01-02,2024-01-04,First Class,CU-1015,Mary Davis,Corporate,Arizona,West,PRD-FUR-4639,Furniture,Furnishings,Furnishings Item 209,7214.1,6,0,965.88
671,CA-2024-582977,2024-01-08,2024-01-15,First Class,CU-1101,Priya Jones,Home Office,California,West,PRD-FUR-5643,Furniture,Tables,Tables Item 249,1529.5,4,0.5,-51.48
672,CA-2024-423896,2024-05-11,2024-05-14,First Class,CU-1191,Yuki Davis,Consumer,Texas,South,PRD-OFF-7171,Office Supplies,Paper,Paper Item 160,884.43,10,0.1,108.57
673,CA-2022-868247,2022-03-08,2022-03-15,Second Class,CU-1085,Omar Williams,Consumer,Ohio,Central,PRD-TEC-3608,Technology,Phones,Phones Item 122,9397.89,8,0.2,3223.24
674,CA-2022-810828,2022-11-23,2022-11-27,Same Day,CU-1140,Linda Jones,Home Office,Nevada,West,PRD-FUR-4196,Furniture,Bookcases,Bookcases Item 817,759.25,7,0.2,20.55
675,CA-2021-439128,2021-07-19,2021-07-21,First Class,CU-1140,Linda Jones,Home Office,Nevada,West,PRD-OFF-8904,Office Supplies,Binders,Binders Item 398,1061.2,8,0,104.9
676,CA-2022-884735,2022-03-23,2022-03-30,First Class,CU-1037,Patricia Moore,Corporate,Pennsylvania,East,PRD-TEC-7997,Technology,Phones,Phones Item 795,2488.0,10,0,172.79
677,CA-2021-596894,2021-07-16,2021-07-19,Standard Class,CU-1043,Patricia Anderson,Corporate,New York,East,PRD-TEC-7619,Technology,Phones,Phones Item 350,7115.53,9,0.4,2393.5
678,CA-2022-612361,2022-05-09,2022-05-13,Same Day,CU-1008,David Wilson,Consumer,New York,East,PRD-FUR-8292,Furniture,Tables,Tables Item 476,1407.91,2,0.4,33.57
679,CA-2021-227980,2021-08-27,2021-08-28,Standard Class,CU-1002,Carlos Thompson,Consumer,Illinois,Central,PRD-FUR-2549,Furniture,Tables,Tables Item 913,4361.4,10,0.5,101.08
680,CA-2023-775908,2023-02-26,2023-03-02,First Class,CU-1151,Linda Wilson,Corporate,Georgia,South,PRD-OFF-9806,Office Supplies,Art,Art Item 289,205.94,10,0.3,-14.71
681,CA-2023-957171,2023-03-18,2023-03-23,Standard Class,CU-1103,Jessica Jones,Consumer,Texas,South,PRD-OFF-4399,Office Supplies,Appliances,Appliances Item 774,1514.16,9,0,362.0
682,CA-2024-288678,2024-05-11,2024-05-17,First Class,CU-1030,Susan Davis,Consumer,Ohio,Central,PRD-TEC-2438,Technology,Copiers,Copiers Item 675,227.39,2,0.1,44.04
683,CA-2021-630734,2021-06-23,2021-06-24,Second Class,CU-1065,Jessica Garcia,Corporate,Illinois,Central,PRD-FUR-1756,Furniture,Bookcases,Bookcases Item 631,10264.38,7,0,120.62
684,CA-2023-705103,2023-07-01,2023-07-03,First Class,CU-1075,Ahmed Taylor,Consumer,Arizona,West,PRD-FUR-1732,Furniture,Bookcases,Bookcases Item 342,7390.53,10,0.1,1548.82
685,CA-2021-997670,2021-10-18,2021-10-21,Second Class,CU-1009,Fatima Taylor,Consumer,Washington,West,PRD-TEC-7914,Technology,Accessories,Accessories Item 176,7501.8,10,0,1711.14
686,CA-2022-781332,2022-06-18,2022-06-22,Same Day,CU-1140,Linda Jones,Home Office,Oregon,West,PRD-TEC-3346,Technology,Copiers,Copiers Item 648,2270.69,2,0.4,733.64
687,CA-2024-382486,2024-07-13,2024-07-19,First Class,CU-1052,James Young,Home Office,New York,East,PRD-OFF-3514,Office Supplies,Envelopes,Envelopes Item 423,1331.8,10,0,118.34
688,CA-2021-359520,2021-02-23,2021-02-28,Standard Class,CU-1111,Richard Johnson,Corporate,Florida,East,PRD-TEC-2457,Technology,Machines,Machines Item 471,1428.19,9,0.4,-100.43
689,CA-2021-936865,2021-10-27,2021-11-03,Standard Class,CU-1085,Omar Williams,Consumer,Michigan,Central,PRD-TEC-2720,Technology,Machines,Machines Item 901,1413.81,2,0.1,99.51
690,CA-2023-421440,2023-12-15,2023-12-21,Standard Class,CU-1031,John Johnson,Consumer,Pennsylvania,East,PRD-OFF-2623,Office Supplies,Appliances,Appliances Item 149,525.89,9,0.2,77.93
691,CA-2023-461940,2023-03-09,2023-03-11,Same Day,CU-1043,Patricia Anderson,Corporate,Virginia,East,PRD-OFF-3547,Office Supplies,Art,Art Item 773,298.8,10,0,62.45
692,CA-2023-871146,2023-02-15,2023-02-20,First Class,CU-1032,Anna Garcia,Home Office,Ohio,Central,PRD-FUR-3999,Furniture,Chairs,Chairs Item 549,2464.75,4,0.4,537.45
693,CA-2023-389221,2023-10-26,2023-10-29,First Class,CU-1090,Wei Thompson,Home Office,Alabama,South,PRD-FUR-2476,Furniture,Tables,Tables Item 749,1707.31,2,0.4,421.3
694,CA-2022-273133,2022-05-07,2022-05-08,Standard Class,CU-1020,Lisa Garcia,Home Office,New York,East,PRD-OFF-1175,Office Supplies,Binders,Binders Item 534,282.65,5,0.5,74.55
695,CA-2021-621986,2021-10-07,2021-10-11,Same Day,CU-1173,Fatima Smith,Consumer,North Carolina,East,PRD-OFF-9754,Office Supplies,Paper,Paper Item 867,125.18,1,0,27.71
696,CA-2024-653764,2024-09-16,2024-09-23,Same Day,CU-1088,Robert Anderson,Consumer,Pennsylvania,East,PRD-OFF-7013,Office Supplies,Binders,Binders Item 959,368.63,3,0.1,-7.86
697,CA-2022-543256,2022-12-25,2022-12-26,Second Class,CU-1034,Lisa White,Home Office,Mississippi,South,PRD-FUR-5092,Furniture,Furnishings,Furnishings Item 951,6113.1,6,0.3,1903.13
698,CA-2022-606592,2022-08-18,2022-08-21,Second Class,CU-1138,Joseph Jackson,Home Office,New York,East,PRD-FUR-5994,Furniture,Bookcases,Bookcases Item 758,668.94,1,0.4,-1.43
699,CA-2023-989561,2023-08-07,2023-08-12,First Class,CU-1131,Barbara Miller,Corporate,Texas,South,PRD-FUR-2755,Furniture,Chairs,Chairs Item 105,654.38,1,0.3,22.42
700,CA-2023-109294,2023-04-04,2023-04-07,Same Day,CU-1089,Susan Moore,Consumer,Ohio,Central,PRD-TEC-8985,Technology,Copiers,Copiers Item 107,861.0,4,0,73.03
701,CA-2022-514563,2022-04-09,2022-04-13,First Class,CU-1039,Thomas Garcia,Home Office,Oregon,West,PRD-FUR-8185,Furniture,Bookcases,Bookcases Item 772,7512.51,7,0.2,-383.79
702,CA-2021-883381,2021-10-14,2021-10-17,First Class,CU-1112,Michael White,Corporate,Georgia,South,PRD-FUR-7464,Furniture,Chairs,Chairs Item 531,616.58,4,0.2,-50.49
703,CA-2021-798566,2021-03-06,2021-03-08,First Class,CU-1190,Jessica Young,Corporate,Tennessee,South,PRD-TEC-3087,Technology,Copiers,Copiers Item 432,871.14,2,0.5,226.43
704,CA-2023-877931,2023-10-25,2023-10-31,Standard Class,CU-1192,Priya White,Consumer,Minnesota,Central,PRD-FUR-9192,Furniture,Tables,Tables Item 113,2390.58,2,0,-71.73
705,CA-2021-970145,2021-04-17,2021-04-23,Standard Class,CU-1196,Chen Wilson,Corporate,Georgia,South,PRD-FUR-8027,Furniture,Furnishings,Furnishings Item 353,4120.93,7,0.2,489.02
706,CA-2023-361584,2023-11-14,2023-11-16,First Class,CU-1158,Yuki Young,Corporate,Ohio,Central,PRD-FUR-2688,Furniture,Chairs,Chairs Item 817,2422.82,4,0.4,-25.96
707,CA-2024-297833,2024-06-05,2024-06-07,Second Class,CU-1186,Jessica Anderson,Home Office,Wisconsin,Central,PRD-OFF-4148,Office Supplies,Fasteners,Fasteners Item 249,61.6,2,0,1.43
708,CA-2024-195352,2024-06-16,2024-06-18,Same Day,CU-1109,Ahmed Taylor,Corporate,New York,East,PRD-TEC-7980,Technology,Copiers,Copiers Item 590,5245.32,9,0.1,-1.06
709,CA-2023-154164,2023-05-25,2023-05-31,First Class,CU-1015,Mary Davis,Corporate,Arizona,West,PRD-FUR-5046,Furniture,Chairs,Chairs Item 427,1858.16,6,0.3,409.19
710,CA-2021-154662,2021-03-25,2021-03-26,Second Class,CU-1012,Karen Brown,Corporate,Washington,West,PRD-OFF-5133,Office Supplies,Storage,Storage Item 603,485.25,5,0,45.57
711,CA-2022-201593,2022-09-16,2022-09-17,Second Class,CU-1093,Patricia Brown,Home Office,Virginia,East,PRD-OFF-9664,Office Supplies,Binders,Binders Item 719,316.3,6,0.3,74.12
712,CA-2024-320235,2024-08-24,2024-08-27,Standard Class,CU-1095,Maria Taylor,Consumer,Georgia,South,PRD-OFF-4120,Office Supplies,Art,Art Item 297,60.88,2,0,-4.96
713,CA-2021-673129,2021-07-22,2021-07-23,First Class,CU-1180,Richard Miller,Consumer,Florida,East,PRD-OFF-3517,Office Supplies,Storage,Storage Item 144,1425.46,8,0.1,199.71
714,CA-2023-846169,2023-05-07,2023-05-12,First Class,CU-1032,Anna Garcia,Home Office,Ohio,Central,PRD-FUR-2109,Furniture,Bookcases,Bookcases Item 594,7647.2,8,0,2369.73
715,CA-2023-122937,2023-10-29,2023-11-05,Second Class,CU-1107,Omar Davis,Consumer,North Carolina,East,PRD-TEC-4116,Technology,Machines,Machines Item 858,693.1,5,0,178.46
716,CA-2024-638430,2024-11-03,2024-11-08,Same Day,CU-1101,Priya Jones,Home Office,Nevada,West,PRD-TEC-5448,Technology,Accessories,Accessories Item 311,4315.09,9,0.4,346.86
717,CA-2021-328387,2021-11-24,2021-11-29,Same Day,CU-1047,William Martin,Home Office,Illinois,Central,PRD-OFF-4609,Office Supplies,Binders,Binders Item 403,1029.67,9,0.2,37.62
718,CA-2024-279420,2024-02-05,2024-02-06,Second Class,CU-1181,Patricia Moore,Home Office,Oregon,West,PRD-TEC-5550,Technology,Phones,Phones Item 236,631.15,5,0,204.44
719,CA-2024-963408,2024-08-08,2024-08-10,Standard Class,CU-1069,Sarah Harris,Consumer,Illinois,Central,PRD-TEC-9999,Technology,Phones,Phones Item 370,5391.67,6,0.3,248.3
720,CA-2023-409220,2023-04-17,2023-04-22,Standard Class,CU-1184,John Martin,Home Office,Georgia,South,PRD-FUR-1256,Furniture,Chairs,Chairs Item 650,1691.23,6,0.2,-34.62
721,CA-2021-881996,2021-08-06,2021-08-12,First Class,CU-1168,David Miller,Corporate,Mississippi,South,PRD-OFF-5403,Office Supplies,Art,Art Item 308,562.1,10,0.5,-0.4
722,CA-2021-342979,2021-11-15,2021-11-19,First Class,CU-1148,Fatima Davis,Home Office,Alabama,South,PRD-OFF-8526,Office Supplies,Art,Art Item 289,542.76,3,0,66.86
723,CA-2024-864915,2024-03-12,2024-03-16,Standard Class,CU-1045,John Harris,Consumer,Pennsylvania,East,PRD-TEC-4077,Technology,Machines,Machines Item 171,1838.45,5,0,492.47
724,CA-2023-577127,2023-05-24,2023-05-26,Standard Class,CU-1036,Carlos Thompson,Corporate,Texas,South,PRD-OFF-7191,Office Supplies,Art,Art Item 493,285.93,9,0,49.03
725,CA-2021-970860,2021-01-28,2021-02-04,Second Class,CU-1005,Karen Miller,Home Office,Illinois,Central,PRD-OFF-1221,Office Supplies,Binders,Binders Item 911,496.54,4,0.2,-17.78
726,CA-2024-958002,2024-01-16,2024-01-22,Second Class,CU-1002,Carlos Thompson,Consumer,Illinois,Central,PRD-FUR-6036,Furniture,Chairs,Chairs Item 439,1104.35,3,0.5,294.82
727,CA-2022-669928,2022-05-15,2022-05-16,Standard Class,CU-1122,Mary Jackson,Consumer,Pennsylvania,East,PRD-OFF-2680,Office Supplies,Labels,Labels Item 623,165.86,1,0,24.06
728,CA-2021-125166,2021-01-03,2021-01-05,Same Day,CU-1106,Susan Thompson,Corporate,Pennsylvania,East,PRD-TEC-7303,Technology,Copiers,Copiers Item 803,1773.48,3,0.2,2.92
729,CA-2023-215485,2023-10-05,2023-10-07,First Class,CU-1183,Karen Jackson,Home Office,Texas,South,PRD-TEC-2389,Technology,Phones,Phones Item 144,834.83,6,0.3,-39.02
730,CA-2021-656249,2021-12-31,2022-01-04,Same Day,CU-1154,Maria Miller,Consumer,Ohio,Central,PRD-FUR-5702,Furniture,Tables,Tables Item 456,3222.91,3,0.2,583.8
731,CA-2023-487042,2023-10-20,2023-10-26,Standard Class,CU-1026,Michael Harris,Corporate,Michigan,Central,PRD-FUR-7399,Furniture,Chairs,Chairs Item 557,3520.02,3,0,155.29
732,CA-2021-705912,2021-05-18,2021-05-19,Second Class,CU-1184,John Martin,Home Office,Alabama,South,PRD-FUR-7308,Furniture,Bookcases,Bookcases Item 461,1009.78,2,0,-18.34
733,CA-2023-827104,2023-05-19,2023-05-23,Second Class,CU-1081,Jessica Young,Home Office,Alabama,South,PRD-FUR-9070,Furniture,Bookcases,Bookcases Item 645,1186.56,4,0.5,169.01
734,CA-2023-709184,2023-02-27,2023-02-28,Second Class,CU-1137,Mary Davis,Corporate,Washington,West,PRD-OFF-1281,Office Supplies,Art,Art Item 471,101.72,2,0,-0.87
735,CA-2021-162471,2021-10-01,2021-10-02,Second Class,CU-1142,Jennifer Martin,Corporate,Nevada,West,PRD-FUR-4679,Furniture,Bookcases,Bookcases Item 157,2120.31,5,0.4,19.35
736,CA-2021-838158,2021-08-29,2021-09-04,Standard Class,CU-1191,Yuki Davis,Consumer,Georgia,South,PRD-TEC-2208,Technology,Copiers,Copiers Item 588,5423.46,7,0,1075.13
737,CA-2021-482986,2021-03-03,2021-03-05,Second Class,CU-1152,Priya Thompson,Consumer,Pennsylvania,East,PRD-TEC-3988,Technology,Phones,Phones Item 581,89.2,2,0.4,-2.91
738,CA-2023-414056,2023-12-17,2023-12-23,First Class,CU-1190,Jessica Young,Corporate,Georgia,South,PRD-FUR-3554,Furniture,Furnishings,Furnishings Item 161,9429.2,8,0,273.88
739,CA-2024-282012,2024-05-22,2024-05-29,Standard Class,CU-1164,Wei White,Consumer,California,West,PRD-OFF-5227,Office Supplies,Fasteners,Fasteners Item 685,585.8,7,0.5,87.5
740,CA-2024-544250,2024-12-23,2024-12-25,Standard Class,CU-1128,Michael Jackson,Home Office,Michigan,Central,PRD-TEC-7560,Technology,Machines,Machines Item 733,7076.16,9,0,1658.73
741,CA-2023-962458,2023-03-15,2023-03-17,Same Day,CU-1014,Charles Miller,Home Office,Washington,West,PRD-OFF-3700,Office Supplies,Paper,Paper Item 155,317.14,8,0.4,86.35
742,CA-2022-213666,2022-02-03,2022-02-06,First Class,CU-1095,Maria Taylor,Consumer,Alabama,South,PRD-TEC-5623,Technology,Phones,Phones Item 266,10980.55,10,0.3,-959.46
743,CA-2021-726116,2021-05-14,2021-05-16,Second Class,CU-1138,Joseph Jackson,Home Office,New York,East,PRD-TEC-2393,Technology,Machines,Machines Item 683,3990.33,9,0,32.52
744,CA-2024-607308,2024-02-29,2024-03-07,First Class,CU-1144,Robert White,Home Office,Texas,South,PRD-TEC-5626,Technology,Phones,Phones Item 507,3779.68,2,0,1289.79
745,CA-2022-509617,2022-10-07,2022-10-14,Second Class,CU-1128,Michael Jackson,Home Office,Ohio,Central,PRD-OFF-3460,Office Supplies,Storage,Storage Item 124,139.22,2,0,17.54
746,CA-2023-993415,2023-09-04,2023-09-09,Second Class,CU-1150,William White,Consumer,Alabama,South,PRD-TEC-2528,Technology,Machines,Machines Item 835,4141.89,3,0,1235.7
747,CA-2024-247705,2024-10-27,2024-11-02,First Class,CU-1059,Patricia Brown,Home Office,Ohio,Central,PRD-OFF-8059,Office Supplies,Fasteners,Fasteners Item 140,885.58,8,0.3,27.35
748,CA-2022-740037,2022-05-05,2022-05-07,Second Class,CU-1182,Chen Young,Consumer,Alabama,South,PRD-OFF-1244,Office Supplies,Paper,Paper Item 246,637.1,10,0.5,-35.78
749,CA-2024-936116,2024-01-26,2024-02-02,Standard Class,CU-1196,Chen Wilson,Corporate,Tennessee,South,PRD-TEC-5589,Technology,Copiers,Copiers Item 690,4235.2,8,0.2,-115.78
750,CA-2021-287890,2021-07-02,2021-07-03,First Class,CU-1093,Patricia Brown,Home Office,Virginia,East,PRD-OFF-3301,Office Supplies,Appliances,Appliances Item 226,783.2,8,0.5,150.87
751,CA-2021-400548,2021-03-23,2021-03-26,Second Class,CU-1145,Fatima White,Home Office,Minnesota,Central,PRD-FUR-7769,Furniture,Furnishings,Furnishings Item 618,3186.96,8,0.3,217.21
752,CA-2024-750760,2024-10-29,2024-10-30,Second Class,CU-1115,William Williams,Corporate,Tennessee,South,PRD-OFF-3592,Office Supplies,Binders,Binders Item 683,58.95,9,0,1.82
753,CA-2022-584734,2022-04-02,2022-04-06,First Class,CU-1102,Wei Anderson,Home Office,New York,East,PRD-OFF-3953,Office Supplies,Paper,Paper Item 849,385.44,8,0.5,-19.62
754,CA-2023-521024,2023-06-07,2023-06-09,First Class,CU-1027,Robert Wilson,Consumer,Florida,East,PRD-FUR-8802,Furniture,Chairs,Chairs Item 217,4484.28,6,0.5,-19.35
755,CA-2021-263306,2021-03-20,2021-03-25,Second Class,CU-1071,James Thomas,Corporate,Minnesota,Central,PRD-FUR-6922,Furniture,Tables,Tables Item 908,3114.94,6,0.4,-224.03
756,CA-2022-321766,2022-03-14,2022-03-15,First Class,CU-1110,William Garcia,Home Office,Nevada,West,PRD-TEC-5487,Technology,Copiers,Copiers Item 514,6447.95,5,0,-233.53
757,CA-2024-540110,2024-12-29,2025-01-02,First Class,CU-1020,Lisa Garcia,Home Office,Virginia,East,PRD-OFF-8021,Office Supplies,Envelopes,Envelopes Item 450,500.88,3,0,151.63
758,CA-2021-466242,2021-12-03,2021-12-05,Same Day,CU-1192,Priya White,Consumer,Michigan,Central,PRD-FUR-8156,Furniture,Furnishings,Furnishings Item 463,9383.22,9,0,3138.83
759,CA-2023-110413,2023-03-08,2023-03-15,Standard Class,CU-1177,Fatima Anderson,Consumer,Arizona,West,PRD-OFF-6185,Office Supplies,Envelopes,Envelopes Item 114,876.54,10,0.3,174.28
760,CA-2021-431777,2021-10-30,2021-11-03,First Class,CU-1038,Joseph Smith,Home Office,Alabama,South,PRD-TEC-3059,Technology,Copiers,Copiers Item 749,6563.07,9,0.5,2129.69
761,CA-2021-329242,2021-07-19,2021-07-20,Same Day,CU-1115,William Williams,Corporate,Mississippi,South,PRD-OFF-4436,Office Supplies,Envelopes,Envelopes Item 295,842.4,9,0.4,-2.31
762,CA-2021-953309,2021-01-30,2021-02-02,First Class,CU-1173,Fatima Smith,Consumer,North Carolina,East,PRD-FUR-8471,Furniture,Chairs,Chairs Item 523,3840.35,5,0,824.5
763,CA-2022-668817,2022-12-23,2022-12-30,Standard Class,CU-1105,Carlos Davis,Home Office,Oregon,West,PRD-FUR-3664,Furniture,Bookcases,Bookcases Item 655,1479.39,3,0.3,-30.18
764,CA-2022-791646,2022-08-07,2022-08-14,First Class,CU-1111,Richard Johnson,Corporate,Florida,East,PRD-OFF-2700,Office Supplies,Art,Art Item 191,1878.9,10,0,653.69
765,CA-2024-208711,2024-06-16,2024-06-20,Same Day,CU-1166,John Jackson,Consumer,Illinois,Central,PRD-FUR-7891,Furniture,Chairs,Chairs Item 316,7959.69,9,0,1595.68
766,CA-2024-220063,2024-02-04,2024-02-08,Standard Class,CU-1057,Michael Thompson,Consumer,Minnesota,Central,PRD-TEC-7484,Technology,Copiers,Copiers Item 107,5810.55,6,0.5,498.67
767,CA-2023-380608,2023-11-06,2023-11-09,First Class,CU-1095,Maria Taylor,Consumer,Georgia,South,PRD-OFF-7792,Office Supplies,Labels,Labels Item 133,954.03,7,0,291.06
768,CA-2021-492592,2021-11-11,2021-11-18,First Class,CU-1003,Mary Smith,Consumer,New York,East,PRD-OFF-7412,Office Supplies,Storage,Storage Item 297,345.67,3,0.4,3.05
769,CA-2021-705923,2021-04-16,2021-04-23,Same Day,CU-1157,Richard Young,Home Office,Nevada,West,PRD-FUR-8166,Furniture,Tables,Tables Item 336,1307.42,3,0.3,173.59
770,CA-2023-762113,2023-10-30,2023-10-31,First Class,CU-1025,John Miller,Home Office,Georgia,South,PRD-OFF-2528,Office Supplies,Art,Art Item 126,226.93,9,0.3,-1.89
771,CA-2024-722107,2024-07-11,2024-07-18,Standard Class,CU-1111,Richard Johnson,Corporate,New York,East,PRD-TEC-6867,Technology,Phones,Phones Item 291,7956.9,10,0,2725.53
772,CA-2022-661425,2022-09-01,2022-09-03,First Class,CU-1061,Yuki Johnson,Home Office,Washington,West,PRD-TEC-2694,Technology,Copiers,Copiers Item 213,586.18,1,0,106.89
773,CA-2021-248725,2021-09-09,2021-09-10,Second Class,CU-1117,James Brown,Corporate,North Carolina,East,PRD-FUR-4407,Furniture,Bookcases,Bookcases Item 500,201.25,2,0.3,62.53
774,CA-2021-177149,2021-02-14,2021-02-18,Second Class,CU-1025,John Miller,Home Office,Alabama,South,PRD-FUR-8387,Furniture,Chairs,Chairs Item 927,2849.94,7,0.3,527.52
775,CA-2022-287356,2022-09-04,2022-09-05,Standard Class,CU-1041,Robert Anderson,Consumer,Washington,West,PRD-OFF-9953,Office Supplies,Binders,Binders Item 105,596.34,6,0.5,207.35
776,CA-2022-302212,2022-06-06,2022-06-07,Standard Class,CU-1040,Yuki Moore,Home Office,North Carolina,East,PRD-OFF-6978,Office Supplies,Binders,Binders Item 217,943.11,9,0,-2.51
777,CA-2022-330436,2022-11-02,2022-11-04,First Class,CU-1055,Priya Johnson,Corporate,California,West,PRD-TEC-5822,Technology,Accessories,Accessories Item 578,4945.35,5,0,281.14
778,CA-2023-519369,2023-06-13,2023-06-18,Second Class,CU-1190,Jessica Young,Corporate,Alabama,South,PRD-TEC-2685,Technology,Machines,Machines Item 697,4447.23,4,0.2,1480.23
779,CA-2022-932673,2022-10-01,2022-10-03,Same Day,CU-1196,Chen Wilson,Corporate,Mississippi,South,PRD-TEC-2762,Technology,Copiers,Copiers Item 721,5608.26,8,0.2,1498.26
780,CA-2022-470058,2022-02-14,2022-02-19,Same Day,CU-1098,James Taylor,Consumer,Alabama,South,PRD-FUR-5808,Furniture,Chairs,Chairs Item 718,3209.98,3,0.2,526.73
781,CA-2022-131394,2022-12-23,2022-12-27,First Class,CU-1165,Omar Thomas,Home Office,Arizona,West,PRD-TEC-4525,Technology,Accessories,Accessories Item 772,7802.02,7,0.3,81.09
782,CA-2021-429727,2021-10-25,2021-11-01,First Class,CU-1095,Maria Taylor,Consumer,Tennessee,South,PRD-TEC-6268,Technology,Phones,Phones Item 338,1302.99,1,0.1,142.57
783,CA-2023-731035,2023-03-01,2023-03-04,Standard Class,CU-1143,Karen Davis,Consumer,Illinois,Central,PRD-TEC-7909,Technology,Accessories,Accessories Item 798,5329.71,9,0,843.57
784,CA-2022-435671,2022-10-13,2022-10-20,Standard Class,CU-1193,Charles Lee,Home Office,Minnesota,Central,PRD-TEC-3033,Technology,Accessories,Accessories Item 563,6543.17,8,0.2,585.99
785,CA-2022-501455,2022-11-01,2022-11-06,First Class,CU-1043,Patricia Anderson,Corporate,North Carolina,East,PRD-TEC-5659,Technology,Phones,Phones Item 234,1305.15,1,0,404.91
786,CA-2023-141020,2023-12-29,2024-01-03,Standard Class,CU-1103,Jessica Jones,Consumer,Texas,South,PRD-FUR-5500,Furniture,Chairs,Chairs Item 424,815.18,8,0.4,183.79
787,CA-2023-683480,2023-03-31,2023-04-01,Standard Class,CU-1192,Priya White,Consumer,Michigan,Central,PRD-FUR-2989,Furniture,Furnishings,Furnishings Item 963,1640.48,7,0.5,200.14
788,CA-2021-334896,2021-07-30,2021-07-31,Second Class,CU-1095,Maria Taylor,Consumer,Mississippi,South,PRD-TEC-2442,Technology,Phones,Phones Item 295,2384.88,2,0.4,4.42
789,CA-2024-821673,2024-01-06,2024-01-07,Standard Class,CU-1185,James Jackson,Corporate,Oregon,West,PRD-TEC-6395,Technology,Machines,Machines Item 804,229.78,2,0.2,-15.22
790,CA-2022-278612,2022-07-07,2022-07-13,Standard Class,CU-1156,Jessica Johnson,Consumer,Minnesota,Central,PRD-TEC-7771,Technology,Copiers,Copiers Item 752,2018.1,3,0,482.05
791,CA-2023-352207,2023-12-05,2023-12-10,Same Day,CU-1114,Carlos Miller,Corporate,Texas,South,PRD-OFF-5322,Office Supplies,Appliances,Appliances Item 884,169.42,5,0.5,0.28
792,CA-2022-976129,2022-12-24,2022-12-29,Standard Class,CU-1075,Ahmed Taylor,Consumer,California,West,PRD-TEC-4541,Technology,Accessories,Accessories Item 579,3889.88,2,0,-17.06
793,CA-2023-456987,2023-09-26,2023-09-27,First Class,CU-1098,James Taylor,Consumer,Georgia,South,PRD-TEC-4584,Technology,Machines,Machines Item 472,10622.48,8,0,3307.38
794,CA-2024-312882,2024-06-24,2024-06-29,Standard Class,CU-1098,James Taylor,Consumer,Alabama,South,PRD-FUR-2672,Furniture,Tables,Tables Item 250,2607.8,5,0.2,855.81
795,CA-2021-117393,2021-08-14,2021-08-16,First Class,CU-1118,Charles Wilson,Consumer,California,West,PRD-FUR-2938,Furniture,Tables,Tables Item 663,365.04,1,0.5,21.31
796,CA-2023-257936,2023-06-03,2023-06-05,First Class,CU-1021,Jennifer White,Corporate,Tennessee,South,PRD-FUR-7267,Furniture,Furnishings,Furnishings Item 849,475.14,1,0.3,-26.6
797,CA-2022-522253,2022-08-26,2022-08-28,Same Day,CU-1108,Priya Jackson,Consumer,Pennsylvania,East,PRD-TEC-2819,Technology,Machines,Machines Item 324,8059.05,9,0,1538.11
798,CA-2021-379108,2021-03-15,2021-03-20,Standard Class,CU-1029,Ahmed Young,Corporate,Illinois,Central,PRD-TEC-2659,Technology,Phones,Phones Item 325,1474.83,5,0.4,112.62
799,CA-2023-279337,2023-10-12,2023-10-14,First Class,CU-1187,Maria Jones,Corporate,Virginia,East,PRD-TEC-9245,Technology,Machines,Machines Item 817,6115.6,10,0,-352.2
800,CA-2022-821353,2022-09-18,2022-09-25,First Class,CU-1159,James Anderson,Corporate,Minnesota,Central,PRD-TEC-3323,Technology,Accessories,Accessories Item 113,524.94,2,0.3,160.08
801,CA-2023-121838,2023-05-27,2023-05-30,Standard Class,CU-1170,William Williams,Corporate,Nevada,West,PRD-TEC-8763,Technology,Machines,Machines Item 697,4123.35,3,0,689.85
802,CA-2022-214699,2022-05-22,2022-05-26,First Class,CU-1000,Anna Brown,Consumer,Alabama,South,PRD-TEC-2538,Technology,Phones,Phones Item 202,4297.08,4,0,1030.21
803,CA-2023-870509,2023-07-16,2023-07-20,Same Day,CU-1077,Mary Martin,Consumer,Virginia,East,PRD-FUR-5933,Furniture,Bookcases,Bookcases Item 827,2827.55,5,0,770.47
804,CA-2024-984680,2024-09-21,2024-09-28,Standard Class,CU-1085,Omar Williams,Consumer,Wisconsin,Central,PRD-OFF-7722,Office Supplies,Appliances,Appliances Item 976,693.65,5,0,-23.2
805,CA-2023-442220,2023-01-02,2023-01-06,Same Day,CU-1056,Thomas Davis,Corporate,Ohio,Central,PRD-TEC-7189,Technology,Accessories,Accessories Item 754,2713.8,6,0,-34.66
806,CA-2024-671386,2024-07-07,2024-07-13,First Class,CU-1027,Robert Wilson,Consumer,Virginia,East,PRD-FUR-5526,Furniture,Tables,Tables Item 416,4807.26,6,0.4,793.76
807,CA-2024-835928,2024-04-01,2024-04-06,Same Day,CU-1048,Michael Thompson,Home Office,New York,East,PRD-FUR-1136,Furniture,Chairs,Chairs Item 610,4832.74,8,0.3,143.94
808,CA-2023-257525,2023-08-14,2023-08-20,Second Class,CU-1175,Linda Jones,Corporate,Washington,West,PRD-OFF-1255,Office Supplies,Labels,Labels Item 564,499.65,5,0,129.86
809,CA-2022-721880,2022-08-03,2022-08-10,Same Day,CU-1010,Richard Brown,Corporate,Georgia,South,PRD-TEC-1010,Technology,Phones,Phones Item 151,209.75,5,0.3,41.34
810,CA-2022-923408,2022-12-19,2022-12-22,Standard Class,CU-1064,Michael Thompson,Corporate,Pennsylvania,East,PRD-OFF-2322,Office Supplies,Fasteners,Fasteners Item 397,147.69,5,0.1,13.95
811,CA-2023-360810,2023-08-28,2023-08-31,Same Day,CU-1056,Thomas Davis,Corporate,Illinois,Central,PRD-OFF-5948,Office Supplies,Art,Art Item 711,1354.85,7,0,408.98
812,CA-2024-811902,2024-02-29,2024-03-04,Second Class,CU-1079,Richard Brown,Home Office,Pennsylvania,East,PRD-FUR-2402,Furniture,Tables,Tables Item 404,1032.62,5,0.1,36.64
813,CA-2024-494228,2024-01-23,2024-01-25,Second Class,CU-1145,Fatima White,Home Office,Minnesota,Central,PRD-FUR-6858,Furniture,Chairs,Chairs Item 579,4281.42,9,0.3,542.53
814,CA-2023-530187,2023-08-14,2023-08-18,Standard Class,CU-1090,Wei Thompson,Home Office,Alabama,South,PRD-FUR-5954,Furniture,Chairs,Chairs Item 905,1119.93,7,0,198.05
815,CA-2023-233457,2023-11-15,2023-11-18,Standard Class,CU-1062,Mary Thomas,Home Office,Mississippi,South,PRD-OFF-9487,Office Supplies,Labels,Labels Item 571,206.92,7,0,22.4
816,CA-2021-970207,2021-04-23,2021-04-26,First Class,CU-1013,Karen Moore,Home Office,Texas,South,PRD-OFF-6428,Office Supplies,Paper,Paper Item 985,191.92,10,0.2,29.64
817,CA-2024-635634,2024-04-12,2024-04-18,Second Class,CU-1015,Mary Davis,Corporate,California,West,PRD-OFF-3535,Office Supplies,Binders,Binders Item 408,149.0,9,0.5,-5.75
818,CA-2021-608512,2021-01-14,2021-01-21,Standard Class,CU-1160,Yuki Jackson,Home Office,Virginia,East,PRD-OFF-5050,Office Supplies,Envelopes,Envelopes Item 309,10.02,2,0,1.34
819,CA-2021-630374,2021-02-20,2021-02-27,Standard Class,CU-1026,Michael Harris,Corporate,Minnesota,Central,PRD-FUR-4849,Furniture,Furnishings,Furnishings Item 961,470.89,2,0.5,161.14
820,CA-2024-560461,2024-06-08,2024-06-14,Same Day,CU-1139,Maria Thomas,Corporate,Michigan,Central,PRD-OFF-4943,Office Supplies,Paper,Paper Item 274,387.18,3,0,-14.03
821,CA-2022-603805,2022-02-15,2022-02-19,Standard Class,CU-1130,Richard Thompson,Consumer,Mississippi,South,PRD-FUR-2758,Furniture,Bookcases,Bookcases Item 575,6037.28,10,0.2,459.05
822,CA-2021-397189,2021-10-31,2021-11-01,Same Day,CU-1106,Susan Thompson,Corporate,Florida,East,PRD-FUR-8282,Furniture,Chairs,Chairs Item 143,883.39,1,0,168.11
823,CA-2023-580614,2023-08-17,2023-08-23,Second Class,CU-1090,Wei Thompson,Home Office,Georgia,South,PRD-FUR-9602,Furniture,Chairs,Chairs Item 499,4136.08,6,0.1,235.65
824,CA-2021-258757,2021-12-24,2021-12-30,Same Day,CU-1131,Barbara Miller,Corporate,Texas,South,PRD-FUR-2117,Furniture,Bookcases,Bookcases Item 959,1053.98,3,0.2,332.6
825,CA-2023-735271,2023-02-11,2023-02-15,First Class,CU-1165,Omar Thomas,Home Office,Nevada,West,PRD-OFF-7615,Office Supplies,Fasteners,Fasteners Item 169,296.23,3,0.3,48.29
826,CA-2021-201229,2021-11-22,2021-11-24,Same Day,CU-1011,Lisa Wilson,Consumer,Illinois,Central,PRD-OFF-4876,Office Supplies,Paper,Paper Item 207,490.39,8,0.1,167.52
827,CA-2023-164934,2023-05-11,2023-05-12,Standard Class,CU-1044,Mary Davis,Home Office,Nevada,West,PRD-OFF-7132,Office Supplies,Labels,Labels Item 721,170.13,1,0,16.79
828,CA-2021-212890,2021-12-23,2021-12-26,Same Day,CU-1161,Sarah Davis,Corporate,Illinois,Central,PRD-OFF-9046,Office Supplies,Appliances,Appliances Item 548,534.14,3,0.1,-6.37
829,CA-2022-878204,2022-04-07,2022-04-09,Second Class,CU-1173,Fatima Smith,Consumer,Virginia,East,PRD-TEC-3302,Technology,Copiers,Copiers Item 105,2370.22,2,0,-19.93
830,CA-2024-175460,2024-03-09,2024-03-14,Same Day,CU-1092,Omar Brown,Consumer,Alabama,South,PRD-FUR-6840,Furniture,Tables,Tables Item 733,2507.26,4,0.5,314.37
831,CA-2021-548278,2021-05-18,2021-05-22,Standard Class,CU-1143,Karen Davis,Consumer,Ohio,Central,PRD-OFF-9170,Office Supplies,Art,Art Item 336,161.92,10,0.2,-8.84
832,CA-2024-123637,2024-01-13,2024-01-16,First Class,CU-1013,Karen Moore,Home Office,Mississippi,South,PRD-TEC-3586,Technology,Machines,Machines Item 394,9949.66,7,0,2911.26
833,CA-2024-994640,2024-03-24,2024-03-26,Same Day,CU-1019,Carlos Wilson,Home Office,Arizona,West,PRD-OFF-5309,Office Supplies,Labels,Labels Item 768,160.5,10,0,26.04
834,CA-2022-373553,2022-11-24,2022-11-28,Standard Class,CU-1007,Chen Smith,Consumer,Illinois,Central,PRD-TEC-2021,Technology,Machines,Machines Item 341,941.32,3,0.3,297.34
835,CA-2024-837244,2024-02-29,2024-03-05,Standard Class,CU-1126,Carlos Jackson,Corporate,Illinois,Central,PRD-TEC-8844,Technology,Machines,Machines Item 232,8514.73,7,0,2549.17
836,CA-2021-620719,2021-08-02,2021-08-03,First Class,CU-1069,Sarah Harris,Consumer,Illinois,Central,PRD-OFF-1906,Office Supplies,Envelopes,Envelopes Item 126,618.22,7,0.1,-55.86
837,CA-2023-497817,2023-12-31,2024-01-05,Same Day,CU-1198,Karen Smith,Home Office,Pennsylvania,East,PRD-OFF-8040,Office Supplies,Binders,Binders Item 818,48.29,1,0.4,10.28
838,CA-2021-559226,2021-10-10,2021-10-11,First Class,CU-1109,Ahmed Taylor,Corporate,North Carolina,East,PRD-TEC-2507,Technology,Machines,Machines Item 702,2876.36,4,0,20.64
839,CA-2023-889125,2023-04-26,2023-05-02,Standard Class,CU-1002,Carlos Thompson,Consumer,Ohio,Central,PRD-OFF-8185,Office Supplies,Binders,Binders Item 284,653.84,4,0,-48.71
840,CA-2022-731678,2022-10-06,2022-10-09,First Class,CU-1072,Barbara Jackson,Home Office,Illinois,Central,PRD-OFF-2258,Office Supplies,Envelopes,Envelopes Item 178,184.78,3,0.5,36.2
841,CA-2022-839513,2022-02-26,2022-03-02,Second Class,CU-1064,Michael Thompson,Corporate,North Carolina,East,PRD-OFF-5795,Office Supplies,Storage,Storage Item 989,806.74,8,0.3,202.57
842,CA-2023-434347,2023-12-15,2023-12-18,Standard Class,CU-1167,Jennifer Johnson,Corporate,Ohio,Central,PRD-OFF-4335,Office Supplies,Paper,Paper Item 240,541.74,6,0.5,14.03
843,CA-2022-679826,2022-09-17,2022-09-23,First Class,CU-1133,Thomas Harris,Home Office,Pennsylvania,East,PRD-TEC-8434,Technology,Phones,Phones Item 216,323.84,3,0.1,69.38
844,CA-2021-391469,2021-03-11,2021-03-14,First Class,CU-1005,Karen Miller,Home Office,Minnesota,Central,PRD-OFF-7268,Office Supplies,Art,Art Item 493,19.98,2,0.4,2.46
845,CA-2022-497753,2022-04-05,2022-04-07,Standard Class,CU-1113,Wei Davis,Consumer,California,West,PRD-TEC-6508,Technology,Copiers,Copiers Item 948,388.67,5,0.3,125.05
846,CA-2022-128673,2022-03-20,2022-03-27,Same Day,CU-1067,Mary Thompson,Consumer,Arizona,West,PRD-FUR-5709,Furniture,Furnishings,Furnishings Item 979,730.12,1,0.4,239.93
847,CA-2023-854157,2023-05-19,2023-05-24,Second Class,CU-1136,Linda Miller,Consumer,Nevada,West,PRD-OFF-1248,Office Supplies,Labels,Labels Item 387,605.62,7,0.1,-24.62
848,CA-2021-908807,2021-06-25,2021-06-27,First Class,CU-1174,Wei Smith,Home Office,Virginia,East,PRD-OFF-5104,Office Supplies,Labels,Labels Item 901,655.6,10,0.2,41.15
849,CA-2021-810859,2021-01-26,2021-01-27,First Class,CU-1167,Jennifer Johnson,Corporate,Wisconsin,Central,PRD-FUR-8642,Furniture,Bookcases,Bookcases Item 137,2047.2,3,0,200.54
850,CA-2024-683646,2024-07-30,2024-08-06,Standard Class,CU-1091,Lisa Martin,Consumer,Alabama,South,PRD-TEC-6145,Technology,Copiers,Copiers Item 165,15045.84,10,0.2,4568.97
851,CA-2022-924952,2022-06-13,2022-06-20,Same Day,CU-1112,Michael White,Corporate,Georgia,South,PRD-FUR-1812,Furniture,Bookcases,Bookcases Item 338,1092.93,3,0,-37.04
852,CA-2022-631333,2022-01-13,2022-01-19,Standard Class,CU-1029,Ahmed Young,Corporate,Illinois,Central,PRD-FUR-5244,Furniture,Bookcases,Bookcases Item 363,9760.68,9,0,3204.11
853,CA-2024-146906,2024-01-12,2024-01-18,First Class,CU-1004,Linda Martin,Home Office,Oregon,West,PRD-OFF-2268,Office Supplies,Envelopes,Envelopes Item 342,20.11,2,0.5,-0.99
854,CA-2024-969414,2024-03-14,2024-03-17,Standard Class,CU-1052,James Young,Home Office,Virginia,East,PRD-OFF-6902,Office Supplies,Art,Art Item 443,1230.53,7,0,-109.38
855,CA-2023-752126,2023-08-22,2023-08-25,First Class,CU-1104,Susan Johnson,Corporate,Virginia,East,PRD-TEC-1418,Technology,Accessories,Accessories Item 208,617.2,1,0,191.54
856,CA-2022-850537,2022-10-04,2022-10-09,Second Class,CU-1155,Jessica Taylor,Home Office,Ohio,Central,PRD-OFF-3458,Office Supplies,Storage,Storage Item 490,1168.93,7,0,228.73
857,CA-2021-692867,2021-06-08,2021-06-10,Standard Class,CU-1195,Jennifer Harris,Consumer,Texas,South,PRD-OFF-9525,Office Supplies,Art,Art Item 551,722.93,9,0.5,142.16
858,CA-2022-703186,2022-02-04,2022-02-11,First Class,CU-1081,Jessica Young,Home Office,Tennessee,South,PRD-FUR-6157,Furniture,Tables,Tables Item 866,3372.71,4,0.3,13.16
859,CA-2023-529838,2023-07-01,2023-07-07,First Class,CU-1029,Ahmed Young,Corporate,Ohio,Central,PRD-FUR-4774,Furniture,Chairs,Chairs Item 559,4871.79,9,0.3,945.12
860,CA-2024-966945,2024-03-12,2024-03-19,Same Day,CU-1107,Omar Davis,Consumer,Pennsylvania,East,PRD-TEC-6596,Technology,Accessories,Accessories Item 421,10788.08,10,0.2,2784.78
861,CA-2023-629558,2023-04-17,2023-04-21,Second Class,CU-1030,Susan Davis,Consumer,Illinois,Central,PRD-TEC-7858,Technology,Copiers,Copiers Item 369,5276.97,3,0,-131.68
862,CA-2024-878938,2024-12-27,2024-12-31,Standard Class,CU-1195,Jennifer Harris,Consumer,Mississippi,South,PRD-TEC-3168,Technology,Accessories,Accessories Item 627,676.69,7,0,233.78
863,CA-2023-233644,2023-05-15,2023-05-18,First Class,CU-1135,John Davis,Home Office,Alabama,South,PRD-FUR-2765,Furniture,Tables,Tables Item 839,735.15,2,0.3,122.16
864,CA-2022-528736,2022-12-28,2023-01-01,Same Day,CU-1011,Lisa Wilson,Consumer,Illinois,Central,PRD-OFF-9345,Office Supplies,Appliances,Appliances Item 185,763.7,5,0,175.69
865,CA-2024-487840,2024-04-30,2024-05-05,Same Day,CU-1038,Joseph Smith,Home Office,Texas,South,PRD-OFF-2587,Office Supplies,Appliances,Appliances Item 337,434.5,6,0.2,141.28
866,CA-2022-691534,2022-11-30,2022-12-01,First Class,CU-1076,Charles Harris,Home Office,Florida,East,PRD-OFF-1687,Office Supplies,Art,Art Item 933,479.34,6,0,157.74
867,CA-2023-391772,2023-06-01,2023-06-06,Standard Class,CU-1188,Ahmed Martin,Home Office,Georgia,South,PRD-OFF-8973,Office Supplies,Storage,Storage Item 549,363.18,6,0,10.72
868,CA-2022-735615,2022-08-14,2022-08-17,First Class,CU-1057,Michael Thompson,Consumer,Ohio,Central,PRD-TEC-1651,Technology,Accessories,Accessories Item 652,711.45,3,0,-62.39
869,CA-2021-972944,2021-01-14,2021-01-18,Second Class,CU-1137,Mary Davis,Corporate,Washington,West,PRD-TEC-9534,Technology,Machines,Machines Item 229,5659.56,5,0.4,1298.53
870,CA-2021-840632,2021-08-13,2021-08-19,Same Day,CU-1116,Anna Martin,Corporate,Tennessee,South,PRD-TEC-2908,Technology,Copiers,Copiers Item 462,4503.68,8,0,1562.26
871,CA-2021-264340,2021-06-02,2021-06-05,First Class,CU-1020,Lisa Garcia,Home Office,Pennsylvania,East,PRD-OFF-6157,Office Supplies,Storage,Storage Item 139,1023.76,8,0,223.25
872,CA-2024-646619,2024-12-15,2024-12-22,Standard Class,CU-1110,William Garcia,Home Office,California,West,PRD-FUR-4607,Furniture,Tables,Tables Item 789,234.89,1,0.4,68.69
873,CA-2023-608042,2023-08-21,2023-08-23,First Class,CU-1050,Joseph Martin,Corporate,Oregon,West,PRD-TEC-4509,Technology,Copiers,Copiers Item 103,1311.66,3,0,430.06
874,CA-2023-740907,2023-10-02,2023-10-07,Standard Class,CU-1111,Richard Johnson,Corporate,New York,East,PRD-TEC-4845,Technology,Accessories,Accessories Item 753,5844.55,7,0.4,1075.17
875,CA-2023-288811,2023-12-23,2023-12-29,First Class,CU-1089,Susan Moore,Consumer,Minnesota,Central,PRD-FUR-9903,Furniture,Tables,Tables Item 592,3603.02,8,0.4,609.01
876,CA-2022-891634,2022-03-25,2022-03-26,Same Day,CU-1075,Ahmed Taylor,Consumer,California,West,PRD-FUR-8614,Furniture,Furnishings,Furnishings Item 426,1417.21,6,0.4,-67.86
877,CA-2022-517426,2022-12-13,2022-12-19,Same Day,CU-1169,David Thomas,Corporate,Illinois,Central,PRD-OFF-5389,Office Supplies,Fasteners,Fasteners Item 619,879.91,8,0.1,-76.52
878,CA-2021-909289,2021-05-05,2021-05-10,First Class,CU-1055,Priya Johnson,Corporate,Nevada,West,PRD-FUR-5271,Furniture,Bookcases,Bookcases Item 155,2118.66,7,0.5,193.52
879,CA-2022-767173,2022-03-25,2022-03-28,Same Day,CU-1068,Omar Davis,Consumer,Minnesota,Central,PRD-TEC-2807,Technology,Machines,Machines Item 728,3370.85,7,0,475.98
880,CA-2021-665987,2021-09-22,2021-09-27,Same Day,CU-1156,Jessica Johnson,Consumer,Michigan,Central,PRD-TEC-2039,Technology,Phones,Phones Item 770,2200.59,2,0.3,683.29
881,CA-2022-661483,2022-03-08,2022-03-11,Same Day,CU-1012,Karen Brown,Corporate,Arizona,West,PRD-TEC-6431,Technology,Accessories,Accessories Item 523,2463.48,4,0,763.17
882,CA-2022-137827,2022-05-25,2022-05-26,Same Day,CU-1055,Priya Johnson,Corporate,Arizona,West,PRD-TEC-4768,Technology,Phones,Phones Item 746,847.74,8,0.2,30.23
883,CA-2021-886343,2021-03-11,2021-03-14,Same Day,CU-1197,Priya Lee,Home Office,Georgia,South,PRD-TEC-2253,Technology,Copiers,Copiers Item 175,3949.63,3,0.2,1137.07
884,CA-2021-878727,2021-02-11,2021-02-12,Standard Class,CU-1129,Carlos Garcia,Home Office,Alabama,South,PRD-OFF-6114,Office Supplies,Fasteners,Fasteners Item 903,1436.04,10,0.1,393.71
885,CA-2023-124570,2023-11-16,2023-11-22,Same Day,CU-1082,Omar Wilson,Consumer,Alabama,South,PRD-FUR-8037,Furniture,Bookcases,Bookcases Item 195,353.06,4,0.5,24.52
886,CA-2024-606828,2024-02-23,2024-02-26,Same Day,CU-1056,Thomas Davis,Corporate,Minnesota,Central,PRD-FUR-9955,Furniture,Tables,Tables Item 831,893.96,1,0.4,293.36
887,CA-2022-126101,2022-04-04,2022-04-09,Same Day,CU-1027,Robert Wilson,Consumer,Florida,East,PRD-FUR-6446,Furniture,Tables,Tables Item 247,4385.46,6,0,830.03
888,CA-2021-277477,2021-07-15,2021-07-20,Second Class,CU-1161,Sarah Davis,Corporate,Illinois,Central,PRD-TEC-4808,Technology,Copiers,Copiers Item 160,325.59,2,0.5,44.13
889,CA-2022-426584,2022-06-01,2022-06-05,Second Class,CU-1196,Chen Wilson,Corporate,Alabama,South,PRD-OFF-5393,Office Supplies,Storage,Storage Item 806,40.61,1,0.4,11.86
890,CA-2023-624094,2023-09-28,2023-10-03,First Class,CU-1053,Charles Davis,Consumer,Arizona,West,PRD-FUR-7974,Furniture,Tables,Tables Item 816,8576.32,8,0,2697.71
891,CA-2021-114286,2021-09-18,2021-09-25,Second Class,CU-1019,Carlos Wilson,Home Office,Nevada,West,PRD-TEC-7949,Technology,Phones,Phones Item 607,3613.28,4,0,-297.81
892,CA-2023-885376,2023-09-25,2023-09-27,Same Day,CU-1043,Patricia Anderson,Corporate,North Carolina,East,PRD-OFF-5441,Office Supplies,Art,Art Item 635,37.72,1,0.4,13.13
893,CA-2023-781805,2023-02-01,2023-02-06,First Class,CU-1082,Omar Wilson,Consumer,Mississippi,South,PRD-TEC-5116,Technology,Accessories,Accessories Item 583,8730.54,9,0.3,1167.46
894,CA-2022-855111,2022-11-08,2022-11-14,Same Day,CU-1118,Charles Wilson,Consumer,Washington,West,PRD-TEC-2098,Technology,Accessories,Accessories Item 105,669.49,1,0,-21.65
895,CA-2022-198406,2022-02-13,2022-02-19,First Class,CU-1079,Richard Brown,Home Office,Pennsylvania,East,PRD-OFF-2093,Office Supplies,Appliances,Appliances Item 458,16.92,2,0.5,2.83
896,CA-2022-759367,2022-04-08,2022-04-11,First Class,CU-1162,Sarah Smith,Corporate,Mississippi,South,PRD-TEC-6009,Technology,Accessories,Accessories Item 476,4951.41,5,0.4,807.13
897,CA-2022-667297,2022-06-06,2022-06-11,Standard Class,CU-1159,James Anderson,Corporate,Minnesota,Central,PRD-OFF-5307,Office Supplies,Envelopes,Envelopes Item 677,312.48,10,0.1,8.12
898,CA-2023-776153,2023-12-06,2023-12-11,First Class,CU-1026,Michael Harris,Corporate,Ohio,Central,PRD-FUR-1043,Furniture,Bookcases,Bookcases Item 902,5063.45,10,0.5,-29.43
899,CA-2021-744794,2021-07-07,2021-07-14,Second Class,CU-1059,Patricia Brown,Home Office,Ohio,Central,PRD-TEC-1855,Technology,Accessories,Accessories Item 240,9830.8,8,0.3,-638.96
900,CA-2023-594601,2023-05-22,2023-05-28,Standard Class,CU-1130,Richard Thompson,Consumer,Alabama,South,PRD-FUR-8773,Furniture,Bookcases,Bookcases Item 463,2048.18,4,0.4,508.49
901,CA-2022-181998,2022-10-12,2022-10-17,Second Class,CU-1079,Richard Brown,Home Office,North Carolina,East,PRD-OFF-9029,Office Supplies,Envelopes,Envelopes Item 811,431.13,5,0.4,65.63
902,CA-2024-783768,2024-02-17,2024-02-21,Standard Class,CU-1064,Michael Thompson,Corporate,New York,East,PRD-FUR-4502,Furniture,Tables,Tables Item 731,5407.08,6,0.3,1231.85
903,CA-2023-287700,2023-02-23,2023-02-26,Second Class,CU-1143,Karen Davis,Consumer,Ohio,Central,PRD-OFF-6085,Office Supplies,Binders,Binders Item 436,542.81,8,0.1,-52.91
904,CA-2022-113625,2022-06-04,2022-06-09,Standard Class,CU-1024,Chen Taylor,Corporate,Tennessee,South,PRD-OFF-5145,Office Supplies,Labels,Labels Item 380,390.39,5,0.4,-31.32
905,CA-2024-131904,2024-03-17,2024-03-24,Same Day,CU-1160,Yuki Jackson,Home Office,New York,East,PRD-OFF-1472,Office Supplies,Appliances,Appliances Item 727,311.12,8,0,-25.76
906,CA-2024-285501,2024-12-16,2024-12-22,Same Day,CU-1182,Chen Young,Consumer,Georgia,South,PRD-TEC-9914,Technology,Phones,Phones Item 384,318.58,2,0,13.19
907,CA-2021-977944,2021-02-04,2021-02-07,Second Class,CU-1049,Maria Moore,Corporate,Mississippi,South,PRD-OFF-7605,Office Supplies,Storage,Storage Item 526,1020.74,10,0.3,135.1
908,CA-2021-965125,2021-05-14,2021-05-16,First Class,CU-1170,William Williams,Corporate,California,West,PRD-OFF-4255,Office Supplies,Fasteners,Fasteners Item 805,77.3,2,0,1.85
909,CA-2021-883106,2021-12-21,2021-12-27,First Class,CU-1129,Carlos Garcia,Home Office,Alabama,South,PRD-TEC-2410,Technology,Machines,Machines Item 679,4623.19,9,0.3,507.69
910,CA-2021-291366,2021-08-27,2021-08-28,Second Class,CU-1118,Charles Wilson,Consumer,California,West,PRD-OFF-1171,Office Supplies,Paper,Paper Item 322,721.62,6,0,176.82
911,CA-2023-859459,2023-08-01,2023-08-02,Second Class,CU-1163,Carlos Thomas,Home Office,Virginia,East,PRD-TEC-3916,Technology,Machines,Machines Item 385,1179.81,3,0.4,256.8
912,CA-2022-336936,2022-10-09,2022-10-13,Second Class,CU-1035,Karen Smith,Home Office,Arizona,West,PRD-TEC-5334,Technology,Machines,Machines Item 194,4703.02,3,0.2,1005.98
913,CA-2024-465805,2024-03-31,2024-04-03,Second Class,CU-1125,Ahmed Moore,Home Office,Tennessee,South,PRD-OFF-4451,Office Supplies,Appliances,Appliances Item 819,114.11,1,0.4,-3.42
914,CA-2024-815147,2024-08-16,2024-08-23,First Class,CU-1111,Richard Johnson,Corporate,Virginia,East,PRD-FUR-4452,Furniture,Tables,Tables Item 364,6054.26,9,0.2,-358.16
915,CA-2022-220898,2022-06-19,2022-06-20,Same Day,CU-1055,Priya Johnson,Corporate,Nevada,West,PRD-OFF-7191,Office Supplies,Fasteners,Fasteners Item 774,201.83,3,0.3,13.63
916,CA-2022-209694,2022-10-23,2022-10-29,Standard Class,CU-1150,William White,Consumer,Texas,South,PRD-OFF-2641,Office Supplies,Storage,Storage Item 291,183.06,3,0.3,9.43
917,CA-2021-673338,2021-11-30,2021-12-04,Same Day,CU-1091,Lisa Martin,Consumer,Tennessee,South,PRD-TEC-8759,Technology,Phones,Phones Item 954,5640.42,10,0.4,1291.26
918,CA-2023-454291,2023-02-04,2023-02-09,First Class,CU-1062,Mary Thomas,Home Office,Tennessee,South,PRD-FUR-9306,Furniture,Furnishings,Furnishings Item 210,1311.33,1,0.1,319.21
919,CA-2022-520216,2022-07-06,2022-07-11,Second Class,CU-1107,Omar Davis,Consumer,Florida,East,PRD-OFF-9586,Office Supplies,Binders,Binders Item 303,269.64,9,0.2,80.61
920,CA-2021-449330,2021-09-24,2021-09-30,First Class,CU-1145,Fatima White,Home Office,Ohio,Central,PRD-TEC-8546,Technology,Phones,Phones Item 100,2419.35,3,0.5,189.19
921,CA-2022-415917,2022-02-15,2022-02-17,Second Class,CU-1168,David Miller,Corporate,Georgia,South,PRD-FUR-5009,Furniture,Chairs,Chairs Item 257,3098.18,4,0.4,-184.11
922,CA-2023-600531,2023-02-06,2023-02-07,Standard Class,CU-1175,Linda Jones,Corporate,Arizona,West,PRD-TEC-8738,Technology,Machines,Machines Item 784,5386.42,8,0.4,1155.12
923,CA-2024-900122,2024-12-17,2024-12-19,Second Class,CU-1096,Thomas Harris,Corporate,Nevada,West,PRD-TEC-6359,Technology,Copiers,Copiers Item 389,9227.64,6,0,737.73
924,CA-2024-660060,2024-05-07,2024-05-11,Same Day,CU-1172,Linda Williams,Home Office,Nevada,West,PRD-TEC-7047,Technology,Machines,Machines Item 470,1024.5,10,0,251.55
925,CA-2021-728275,2021-01-04,2021-01-09,Second Class,CU-1087,Karen Miller,Home Office,Mississippi,South,PRD-FUR-8133,Furniture,Chairs,Chairs Item 195,2294.79,3,0,-11.35
926,CA-2024-546390,2024-09-01,2024-09-03,First Class,CU-1086,Lisa Young,Consumer,Nevada,West,PRD-TEC-7909,Technology,Machines,Machines Item 283,4783.73,7,0.5,-403.4
927,CA-2024-974756,2024-10-29,2024-11-03,Standard Class,CU-1041,Robert Anderson,Consumer,Nevada,West,PRD-TEC-7626,Technology,Copiers,Copiers Item 922,8326.98,6,0,1624.93
928,CA-2022-702597,2022-10-16,2022-10-18,Same Day,CU-1003,Mary Smith,Consumer,Pennsylvania,East,PRD-OFF-1893,Office Supplies,Art,Art Item 410,59.88,1,0.4,5.4
929,CA-2024-732958,2024-07-22,2024-07-23,Same Day,CU-1108,Priya Jackson,Consumer,Virginia,East,PRD-FUR-3930,Furniture,Bookcases,Bookcases Item 534,5337.91,6,0.3,-265.55
930,CA-2024-257692,2024-10-13,2024-10-14,First Class,CU-1136,Linda Miller,Consumer,Nevada,West,PRD-TEC-8614,Technology,Machines,Machines Item 388,2108.1,4,0.5,201.74
931,CA-2023-484936,2023-09-30,2023-10-04,First Class,CU-1010,Richard Brown,Corporate,Texas,South,PRD-TEC-1385,Technology,Machines,Machines Item 655,3965.08,7,0.2,971.74
932,CA-2022-537319,2022-08-24,2022-08-27,First Class,CU-1068,Omar Davis,Consumer,Ohio,Central,PRD-TEC-1599,Technology,Copiers,Copiers Item 644,6450.85,5,0,391.95
933,CA-2022-188129,2022-05-25,2022-05-27,Second Class,CU-1189,Lisa Thompson,Corporate,Minnesota,Central,PRD-OFF-6658,Office Supplies,Paper,Paper Item 569,231.16,3,0.4,69.75
934,CA-2022-975474,2022-05-15,2022-05-22,Standard Class,CU-1176,Charles Miller,Corporate,Mississippi,South,PRD-OFF-2656,Office Supplies,Appliances,Appliances Item 491,137.36,2,0,-4.67
935,CA-2022-885663,2022-11-23,2022-11-29,Same Day,CU-1131,Barbara Miller,Corporate,Texas,South,PRD-FUR-2298,Furniture,Furnishings,Furnishings Item 956,240.3,1,0.2,54.0
936,CA-2022-373652,2022-01-28,2022-02-02,Standard Class,CU-1110,William Garcia,Home Office,California,West,PRD-FUR-8158,Furniture,Tables,Tables Item 381,4713.12,6,0.1,1142.1
937,CA-2022-804055,2022-07-21,2022-07-26,Second Class,CU-1191,Yuki Davis,Consumer,Georgia,South,PRD-TEC-7788,Technology,Copiers,Copiers Item 772,1745.16,5,0.4,-11.85
938,CA-2022-728180,2022-07-01,2022-07-05,Standard Class,CU-1033,Lisa Williams,Corporate,Michigan,Central,PRD-OFF-5715,Office Supplies,Storage,Storage Item 845,136.75,4,0.3,-0.07
939,CA-2023-541203,2023-08-02,2023-08-07,Same Day,CU-1182,Chen Young,Consumer,Mississippi,South,PRD-OFF-6237,Office Supplies,Storage,Storage Item 454,1490.64,8,0,80.98
940,CA-2023-878642,2023-08-05,2023-08-12,Second Class,CU-1113,Wei Davis,Consumer,Washington,West,PRD-FUR-2287,Furniture,Tables,Tables Item 746,2841.09,7,0,560.59
941,CA-2022-317633,2022-12-09,2022-12-10,First Class,CU-1124,Lisa Taylor,Home Office,Arizona,West,PRD-OFF-1484,Office Supplies,Storage,Storage Item 259,378.55,5,0.5,77.04
942,CA-2021-468706,2021-12-08,2021-12-13,Same Day,CU-1159,James Anderson,Corporate,Wisconsin,Central,PRD-OFF-9040,Office Supplies,Art,Art Item 340,121.22,1,0.2,18.23
943,CA-2021-736613,2021-09-27,2021-10-01,Same Day,CU-1096,Thomas Harris,Corporate,Arizona,West,PRD-TEC-3926,Technology,Phones,Phones Item 985,1848.2,4,0,289.86
944,CA-2024-469124,2024-02-01,2024-02-05,First Class,CU-1040,Yuki Moore,Home Office,Florida,East,PRD-TEC-6206,Technology,Copiers,Copiers Item 614,9314.82,6,0,1852.77
945,CA-2023-523589,2023-03-15,2023-03-17,First Class,CU-1137,Mary Davis,Corporate,Arizona,West,PRD-FUR-1054,Furniture,Furnishings,Furnishings Item 645,2085.92,8,0,166.92
946,CA-2024-816546,2024-09-05,2024-09-07,Same Day,CU-1085,Omar Williams,Consumer,Minnesota,Central,PRD-TEC-3270,Technology,Copiers,Copiers Item 724,5950.49,7,0,1062.13
947,CA-2021-698301,2021-06-14,2021-06-19,Standard Class,CU-1158,Yuki Young,Corporate,Wisconsin,Central,PRD-OFF-8731,Office Supplies,Art,Art Item 800,743.46,6,0,116.12
948,CA-2021-730553,2021-02-16,2021-02-22,Second Class,CU-1023,Wei Johnson,Consumer,Oregon,West,PRD-OFF-4273,Office Supplies,Art,Art Item 430,254.5,3,0.1,-5.38
949,CA-2021-317062,2021-05-13,2021-05-14,Same Day,CU-1033,Lisa Williams,Corporate,Michigan,Central,PRD-OFF-3897,Office Supplies,Appliances,Appliances Item 572,276.64,4,0.5,95.54
950,CA-2024-447350,2024-05-22,2024-05-29,Same Day,CU-1128,Michael Jackson,Home Office,Illinois,Central,PRD-TEC-7657,Technology,Accessories,Accessories Item 987,126.84,2,0,26.24
951,CA-2023-921079,2023-03-01,2023-03-02,Standard Class,CU-1133,Thomas Harris,Home Office,Florida,East,PRD-FUR-1979,Furniture,Bookcases,Bookcases Item 399,9812.2,10,0,955.07
952,CA-2023-851435,2023-01-15,2023-01-19,Same Day,CU-1101,Priya Jones,Home Office,California,West,PRD-OFF-2831,Office Supplies,Appliances,Appliances Item 839,40.34,2,0.2,9.72
953,CA-2023-456342,2023-04-26,2023-05-02,Same Day,CU-1043,Patricia Anderson,Corporate,Virginia,East,PRD-TEC-2213,Technology,Accessories,Accessories Item 569,1584.21,4,0.3,299.28
954,CA-2022-372629,2022-05-17,2022-05-24,Same Day,CU-1181,Patricia Moore,Home Office,Nevada,West,PRD-FUR-1585,Furniture,Bookcases,Bookcases Item 879,5699.71,6,0.2,887.47
955,CA-2023-127200,2023-12-05,2023-12-08,First Class,CU-1035,Karen Smith,Home Office,Washington,West,PRD-TEC-5992,Technology,Machines,Machines Item 586,3239.95,5,0,503.61
956,CA-2024-261943,2024-10-10,2024-10-13,Second Class,CU-1182,Chen Young,Consumer,Alabama,South,PRD-OFF-4734,Office Supplies,Fasteners,Fasteners Item 128,372.0,10,0.4,5.87
957,CA-2022-712614,2022-09-13,2022-09-15,First Class,CU-1054,Maria Johnson,Consumer,Arizona,West,PRD-TEC-3791,Technology,Machines,Machines Item 452,8119.66,9,0.4,930.83
958,CA-2024-625436,2024-04-17,2024-04-24,Same Day,CU-1164,Wei White,Consumer,Washington,West,PRD-FUR-7223,Furniture,Bookcases,Bookcases Item 114,3932.44,8,0.5,-82.88
959,CA-2022-424333,2022-12-03,2022-12-05,Second Class,CU-1171,Ahmed Thompson,Consumer,Texas,South,PRD-TEC-6840,Technology,Accessories,Accessories Item 610,6184.25,5,0,1190.46
960,CA-2024-980779,2024-07-31,2024-08-01,Second Class,CU-1117,James Brown,Corporate,North Carolina,East,PRD-OFF-6398,Office Supplies,Envelopes,Envelopes Item 619,484.31,6,0.4,88.09
961,CA-2024-987730,2024-02-08,2024-02-13,Standard Class,CU-1017,William White,Home Office,Tennessee,South,PRD-OFF-3993,Office Supplies,Paper,Paper Item 806,831.67,8,0.1,8.41
962,CA-2022-852227,2022-04-13,2022-04-19,Standard Class,CU-1166,John Jackson,Consumer,Ohio,Central,PRD-FUR-4113,Furniture,Tables,Tables Item 850,3365.36,10,0.2,-198.18
963,CA-2023-163821,2023-12-07,2023-12-10,Second Class,CU-1016,Yuki Davis,Consumer,Ohio,Central,PRD-TEC-9797,Technology,Accessories,Accessories Item 900,7676.4,10,0.5,836.13
964,CA-2024-305967,2024-07-22,2024-07-23,Same Day,CU-1013,Karen Moore,Home Office,Tennessee,South,PRD-FUR-4522,Furniture,Chairs,Chairs Item 712,1459.54,2,0,210.27
965,CA-2024-709970,2024-03-11,2024-03-12,Same Day,CU-1124,Lisa Taylor,Home Office,Oregon,West,PRD-FUR-5124,Furniture,Chairs,Chairs Item 872,1791.48,4,0.5,620.76
966,CA-2022-761785,2022-07-09,2022-07-13,Same Day,CU-1104,Susan Johnson,Corporate,North Carolina,East,PRD-TEC-9719,Technology,Machines,Machines Item 354,4343.9,9,0.2,82.06
967,CA-2024-627499,2024-10-20,2024-10-25,Standard Class,CU-1087,Karen Miller,Home Office,Tennessee,South,PRD-FUR-9348,Furniture,Furnishings,Furnishings Item 581,1568.15,3,0.3,473.61
968,CA-2022-897376,2022-01-02,2022-01-03,Standard Class,CU-1126,Carlos Jackson,Corporate,Ohio,Central,PRD-FUR-2781,Furniture,Bookcases,Bookcases Item 881,4266.96,8,0,-54.97
969,CA-2022-420218,2022-09-22,2022-09-27,Standard Class,CU-1059,Patricia Brown,Home Office,Ohio,Central,PRD-FUR-3532,Furniture,Furnishings,Furnishings Item 431,6270.75,5,0.1,984.22
970,CA-2023-280121,2023-03-23,2023-03-30,First Class,CU-1040,Yuki Moore,Home Office,Pennsylvania,East,PRD-TEC-5413,Technology,Accessories,Accessories Item 334,10601.55,9,0.4,2659.82
971,CA-2022-252029,2022-09-14,2022-09-17,First Class,CU-1067,Mary Thompson,Consumer,Nevada,West,PRD-FUR-7834,Furniture,Bookcases,Bookcases Item 105,2487.85,6,0.4,381.83
972,CA-2021-470789,2021-04-24,2021-04-28,Same Day,CU-1195,Jennifer Harris,Consumer,Alabama,South,PRD-OFF-5193,Office Supplies,Fasteners,Fasteners Item 401,39.6,5,0.1,-0.24
973,CA-2022-929339,2022-10-22,2022-10-26,Second Class,CU-1095,Maria Taylor,Consumer,Texas,South,PRD-FUR-2750,Furniture,Bookcases,Bookcases Item 176,1875.62,4,0.5,535.27
974,CA-2022-602983,2022-10-29,2022-11-04,Standard Class,CU-1062,Mary Thomas,Home Office,Georgia,South,PRD-OFF-7144,Office Supplies,Appliances,Appliances Item 160,486.92,7,0.5,6.05
975,CA-2024-389455,2024-08-02,2024-08-05,Same Day,CU-1025,John Miller,Home Office,Texas,South,PRD-OFF-2212,Office Supplies,Storage,Storage Item 432,133.25,5,0,39.49
976,CA-2021-257726,2021-11-07,2021-11-14,Second Class,CU-1198,Karen Smith,Home Office,Florida,East,PRD-OFF-9955,Office Supplies,Labels,Labels Item 881,179.5,9,0.1,8.53
977,CA-2024-957011,2024-02-15,2024-02-20,Second Class,CU-1169,David Thomas,Corporate,Michigan,Central,PRD-FUR-6918,Furniture,Chairs,Chairs Item 891,1833.96,2,0.3,606.56
978,CA-2022-591075,2022-01-13,2022-01-16,First Class,CU-1114,Carlos Miller,Corporate,Georgia,South,PRD-TEC-1379,Technology,Copiers,Copiers Item 243,2102.5,6,0.2,31.35
979,CA-2023-945220,2023-05-26,2023-05-30,Standard Class,CU-1030,Susan Davis,Consumer,Minnesota,Central,PRD-FUR-9261,Furniture,Chairs,Chairs Item 994,3126.65,9,0.4,1088.21
980,CA-2023-702737,2023-10-05,2023-10-08,Standard Class,CU-1083,Linda Wilson,Corporate,North Carolina,East,PRD-FUR-9413,Furniture,Chairs,Chairs Item 966,1654.5,10,0,230.46
981,CA-2023-781756,2023-08-18,2023-08-23,Same Day,CU-1022,Omar Thompson,Consumer,Mississippi,South,PRD-TEC-2196,Technology,Phones,Phones Item 286,4790.7,5,0,923.17
982,CA-2022-653348,2022-11-27,2022-12-01,Standard Class,CU-1165,Omar Thomas,Home Office,Arizona,West,PRD-OFF-7388,Office Supplies,Art,Art Item 119,819.49,7,0,148.05
983,CA-2022-257805,2022-10-23,2022-10-27,First Class,CU-1002,Carlos Thompson,Consumer,Ohio,Central,PRD-FUR-6810,Furniture,Tables,Tables Item 832,5693.49,9,0.1,1403.26
984,CA-2022-255486,2022-01-22,2022-01-29,Second Class,CU-1147,Ahmed Harris,Corporate,Georgia,South,PRD-TEC-9848,Technology,Machines,Machines Item 456,202.28,2,0,50.72
985,CA-2022-790138,2022-10-08,2022-10-10,First Class,CU-1017,William White,Home Office,Tennessee,South,PRD-TEC-4559,Technology,Accessories,Accessories Item 890,2105.64,3,0.2,10.19
986,CA-2021-229090,2021-10-09,2021-10-13,Same Day,CU-1090,Wei Thompson,Home Office,Texas,South,PRD-FUR-4254,Furniture,Chairs,Chairs Item 310,1178.42,4,0.5,114.71
987,CA-2024-230704,2024-04-23,2024-04-30,Standard Class,CU-1197,Priya Lee,Home Office,Alabama,South,PRD-TEC-6871,Technology,Accessories,Accessories Item 867,4576.14,3,0,1479.53
988,CA-2022-195201,2022-01-27,2022-01-29,Same Day,CU-1081,Jessica Young,Home Office,Alabama,South,PRD-OFF-7226,Office Supplies,Storage,Storage Item 922,260.5,5,0.5,-24.16
989,CA-2021-477898,2021-07-24,2021-07-27,Same Day,CU-1107,Omar Davis,Consumer,Florida,East,PRD-FUR-7384,Furniture,Chairs,Chairs Item 996,1835.8,5,0,353.75
990,CA-2022-778805,2022-07-17,2022-07-23,Second Class,CU-1120,Jessica Lee,Home Office,California,West,PRD-FUR-3551,Furniture,Chairs,Chairs Item 243,1162.88,4,0,-49.33
991,CA-2021-725165,2021-03-21,2021-03-22,First Class,CU-1177,Fatima Anderson,Consumer,Nevada,West,PRD-TEC-3861,Technology,Machines,Machines Item 631,8590.1,10,0,761.58
992,CA-2023-924764,2023-01-18,2023-01-19,Same Day,CU-1038,Joseph Smith,Home Office,Georgia,South,PRD-TEC-5344,Technology,Phones,Phones Item 736,1811.12,4,0.3,559.71
993,CA-2021-129881,2021-02-22,2021-02-25,Second Class,CU-1082,Omar Wilson,Consumer,Texas,South,PRD-FUR-9604,Furniture,Chairs,Chairs Item 273,413.07,7,0.4,100.43
994,CA-2021-333517,2021-01-31,2021-02-03,Standard Class,CU-1040,Yuki Moore,Home Office,New York,East,PRD-TEC-9793,Technology,Copiers,Copiers Item 550,1939.02,2,0.5,664.15
995,CA-2024-426558,2024-07-28,2024-07-29,First Class,CU-1034,Lisa White,Home Office,Mississippi,South,PRD-FUR-2579,Furniture,Furnishings,Furnishings Item 589,1059.72,3,0.3,350.35
996,CA-2022-329964,2022-02-06,2022-02-08,Second Class,CU-1126,Carlos Jackson,Corporate,Wisconsin,Central,PRD-OFF-5625,Office Supplies,Fasteners,Fasteners Item 729,534.2,4,0,119.0
997,CA-2022-293595,2022-04-09,2022-04-12,First Class,CU-1026,Michael Harris,Corporate,Ohio,Central,PRD-OFF-3157,Office Supplies,Labels,Labels Item 435,866.11,8,0.2,209.56
998,CA-2024-707511,2024-09-16,2024-09-18,Same Day,CU-1108,Priya Jackson,Consumer,Virginia,East,PRD-OFF-1558,Office Supplies,Binders,Binders Item 955,159.87,1,0,-14.96
999,CA-2023-112281,2023-03-24,2023-03-27,Same Day,CU-1060,Susan Jackson,Corporate,Ohio,Central,PRD-OFF-4519,Office Supplies,Appliances,Appliances Item 564,149.8,6,0.4,15.5
1000,CA-2024-223542,2024-01-23,2024-01-27,First Class,CU-1159,James Anderson,Corporate,Michigan,Central,PRD-OFF-8984,Office Supplies,Labels,Labels Item 890,1196.1,6,0,17.8
1001,CA-2024-800462,2024-09-20,2024-09-21,Standard Class,CU-1140,Linda Jones,Home Office,Nevada,West,PRD-FUR-3068,Furniture,Bookcases,Bookcases Item 196,3941.88,6,0,1317.14
1002,CA-2021-677204,2021-08-16,2021-08-17,Second Class,CU-1058,Linda Harris,Corporate,Florida,East,PRD-OFF-2359,Office Supplies,Labels,Labels Item 987,233.53,6,0.4,34.79
1003,CA-2023-635722,2023-03-26,2023-04-02,Second Class,CU-1129,Carlos Garcia,Home Office,Georgia,South,PRD-TEC-3486,Technology,Accessories,Accessories Item 676,306.19,1,0.3,41.8
1004,CA-2021-659054,2021-04-07,2021-04-14,Second Class,CU-1135,John Davis,Home Office,Mississippi,South,PRD-FUR-4707,Furniture,Tables,Tables Item 963,1580.16,6,0,293.45
1005,CA-2024-544612,2024-01-13,2024-01-18,Standard Class,CU-1192,Priya White,Consumer,Ohio,Central,PRD-TEC-8667,Technology,Machines,Machines Item 429,2638.31,7,0.4,797.26
1006,CA-2021-363537,2021-01-01,2021-01-02,Second Class,CU-1034,Lisa White,Home Office,Tennessee,South,PRD-OFF-7723,Office Supplies,Labels,Labels Item 243,1208.3,10,0,-88.63
1007,CA-2021-946188,2021-11-25,2021-12-02,Second Class,CU-1036,Carlos Thompson,Corporate,Alabama,South,PRD-TEC-6741,Technology,Copiers,Copiers Item 172,5118.44,7,0.1,60.69
1008,CA-2021-229469,2021-10-15,2021-10-19,Second Class,CU-1057,Michael Thompson,Consumer,Michigan,Central,PRD-OFF-1176,Office Supplies,Fasteners,Fasteners Item 752,209.73,8,0.2,50.81
1009,CA-2022-207596,2022-09-30,2022-10-05,Second Class,CU-1030,Susan Davis,Consumer,Wisconsin,Central,PRD-OFF-8444,Office Supplies,Appliances,Appliances Item 257,506.16,8,0,72.67
1010,CA-2022-500033,2022-07-12,2022-07-13,Same Day,CU-1018,Jennifer Anderson,Corporate,Virginia,East,PRD-FUR-4680,Furniture,Chairs,Chairs Item 635,3114.72,7,0.5,751.6
1011,CA-2024-480160,2024-05-20,2024-05-25,Same Day,CU-1026,Michael Harris,Corporate,Illinois,Central,PRD-TEC-5590,Technology,Copiers,Copiers Item 962,1123.29,7,0,325.0
1012,CA-2022-632491,2022-05-31,2022-06-06,First Class,CU-1185,James Jackson,Corporate,Oregon,West,PRD-FUR-8955,Furniture,Furnishings,Furnishings Item 348,912.9,6,0,201.65
1013,CA-2022-554837,2022-03-30,2022-04-04,Standard Class,CU-1149,Fatima Martin,Corporate,Florida,East,PRD-OFF-7268,Office Supplies,Labels,Labels Item 143,548.78,8,0.4,94.93
1014,CA-2024-932149,2024-04-24,2024-05-01,Standard Class,CU-1154,Maria Miller,Consumer,Illinois,Central,PRD-OFF-7911,Office Supplies,Paper,Paper Item 934,348.32,2,0.1,21.71
1015,CA-2022-926420,2022-12-13,2022-12-19,Standard Class,CU-1100,Karen Smith,Consumer,California,West,PRD-FUR-1420,Furniture,Furnishings,Furnishings Item 321,5146.47,7,0.4,1034.86
1016,CA-2021-444941,2021-02-19,2021-02-25,Same Day,CU-1145,Fatima White,Home Office,Ohio,Central,PRD-TEC-6636,Technology,Machines,Machines Item 460,1177.33,1,0.2,72.25
1017,CA-2023-150121,2023-07-03,2023-07-10,First Class,CU-1063,Chen Brown,Consumer,Virginia,East,PRD-FUR-6710,Furniture,Furnishings,Furnishings Item 899,709.36,3,0.3,165.51
1018,CA-2021-468893,2021-07-02,2021-07-05,First Class,CU-1044,Mary Davis,Home Office,Nevada,West,PRD-OFF-6126,Office Supplies,Envelopes,Envelopes Item 736,123.75,5,0,23.23
1019,CA-2023-377537,2023-02-23,2023-02-25,First Class,CU-1127,Maria Moore,Home Office,Pennsylvania,East,PRD-OFF-3761,Office Supplies,Appliances,Appliances Item 430,681.03,6,0.3,163.21
1020,CA-2022-425611,2022-01-24,2022-01-29,Second Class,CU-1004,Linda Martin,Home Office,California,West,PRD-OFF-2483,Office Supplies,Labels,Labels Item 828,879.2,7,0,-9.34
1021,CA-2022-850663,2022-06-24,2022-06-26,Same Day,CU-1153,Robert Davis,Corporate,Florida,East,PRD-FUR-5815,Furniture,Bookcases,Bookcases Item 728,4152.75,3,0,1163.83
1022,CA-2022-564032,2022-10-26,2022-10-28,Second Class,CU-1145,Fatima White,Home Office,Illinois,Central,PRD-TEC-4587,Technology,Accessories,Accessories Item 351,456.3,5,0.1,125.46
1023,CA-2024-326458,2024-08-19,2024-08-26,First Class,CU-1057,Michael Thompson,Consumer,Minnesota,Central,PRD-TEC-7791,Technology,Phones,Phones Item 669,3861.9,4,0.5,1070.01
1024,CA-2022-295095,2022-01-29,2022-02-02,Same Day,CU-1141,Priya Brown,Corporate,North Carolina,East,PRD-OFF-5318,Office Supplies,Art,Art Item 541,499.87,5,0.3,130.74
1025,CA-2022-666618,2022-04-26,2022-04-29,Second Class,CU-1094,William Moore,Home Office,Virginia,East,PRD-FUR-3109,Furniture,Chairs,Chairs Item 198,6988.25,6,0.1,1802.97
1026,CA-2024-209898,2024-01-02,2024-01-05,First Class,CU-1129,Carlos Garcia,Home Office,Alabama,South,PRD-OFF-1871,Office Supplies,Envelopes,Envelopes Item 571,1337.39,9,0.1,146.28
1027,CA-2023-557372,2023-10-16,2023-10-21,Standard Class,CU-1158,Yuki Young,Corporate,Minnesota,Central,PRD-TEC-8809,Technology,Accessories,Accessories Item 988,8320.59,9,0,2522.21
1028,CA-2021-471628,2021-05-11,2021-05-17,First Class,CU-1180,Richard Miller,Consumer,Pennsylvania,East,PRD-TEC-3184,Technology,Machines,Machines Item 505,720.77,1,0.5,67.66
1029,CA-2022-831073,2022-09-27,2022-10-02,First Class,CU-1055,Priya Johnson,Corporate,Nevada,West,PRD-OFF-9841,Office Supplies,Labels,Labels Item 797,278.69,4,0.4,-9.78
1030,CA-2021-155544,2021-01-14,2021-01-19,Standard Class,CU-1150,William White,Consumer,Tennessee,South,PRD-OFF-4188,Office Supplies,Storage,Storage Item 354,149.64,2,0.4,34.22
1031,CA-2022-780952,2022-01-07,2022-01-08,First Class,CU-1153,Robert Davis,Corporate,Pennsylvania,East,PRD-FUR-7347,Furniture,Chairs,Chairs Item 924,202.1,2,0.4,31.99
1032,CA-2024-245237,2024-11-27,2024-12-01,Standard Class,CU-1104,Susan Johnson,Corporate,Florida,East,PRD-FUR-9186,Furniture,Tables,Tables Item 192,1656.24,5,0.4,489.55
1033,CA-2023-337649,2023-04-03,2023-04-05,First Class,CU-1047,William Martin,Home Office,Michigan,Central,PRD-FUR-1997,Furniture,Chairs,Chairs Item 670,7265.09,8,0.2,-659.81
1034,CA-2021-101812,2021-07-15,2021-07-17,Standard Class,CU-1015,Mary Davis,Corporate,Oregon,West,PRD-OFF-7141,Office Supplies,Binders,Binders Item 979,480.18,6,0,124.86
1035,CA-2022-751031,2022-01-22,2022-01-28,Second Class,CU-1017,William White,Home Office,Georgia,South,PRD-FUR-3898,Furniture,Tables,Tables Item 551,1035.24,6,0,175.86
1036,CA-2023-953919,2023-11-06,2023-11-08,Standard Class,CU-1180,Richard Miller,Consumer,Pennsylvania,East,PRD-FUR-6106,Furniture,Chairs,Chairs Item 398,12021.3,9,0,3164.51
1037,CA-2024-718771,2024-10-30,2024-11-01,Standard Class,CU-1027,Robert Wilson,Consumer,Virginia,East,PRD-OFF-6527,Office Supplies,Fasteners,Fasteners Item 565,341.36,8,0,119.07
1038,CA-2023-569694,2023-03-08,2023-03-15,First Class,CU-1168,David Miller,Corporate,Mississippi,South,PRD-TEC-9040,Technology,Phones,Phones Item 292,2747.16,4,0.1,912.54
1039,CA-2023-603760,2023-01-04,2023-01-05,Standard Class,CU-1103,Jessica Jones,Consumer,Texas,South,PRD-OFF-4292,Office Supplies,Paper,Paper Item 389,658.12,6,0.4,158.35
1040,CA-2023-307661,2023-07-07,2023-07-14,Same Day,CU-1082,Omar Wilson,Consumer,Georgia,South,PRD-FUR-2709,Furniture,Furnishings,Furnishings Item 429,2045.01,7,0.5,-182.57
1041,CA-2024-420756,2024-06-02,2024-06-06,Standard Class,CU-1143,Karen Davis,Consumer,Minnesota,Central,PRD-FUR-6031,Furniture,Bookcases,Bookcases Item 701,10140.8,9,0.1,3306.42
1042,CA-2024-772066,2024-01-17,2024-01-19,Standard Class,CU-1191,Yuki Davis,Consumer,Mississippi,South,PRD-FUR-9810,Furniture,Chairs,Chairs Item 153,870.69,1,0.4,-13.31
1043,CA-2023-990472,2023-11-08,2023-11-13,Standard Class,CU-1175,Linda Jones,Corporate,Nevada,West,PRD-TEC-6247,Technology,Machines,Machines Item 174,969.48,4,0,292.36
1044,CA-2023-698889,2023-10-12,2023-10-14,Standard Class,CU-1182,Chen Young,Consumer,Georgia,South,PRD-OFF-1077,Office Supplies,Binders,Binders Item 346,316.26,7,0,99.92
1045,CA-2021-966723,2021-12-29,2022-01-02,Same Day,CU-1168,David Miller,Corporate,Tennessee,South,PRD-TEC-5230,Technology,Machines,Machines Item 532,318.65,1,0.1,57.29
1046,CA-2024-756608,2024-12-25,2025-01-01,First Class,CU-1174,Wei Smith,Home Office,North Carolina,East,PRD-FUR-7178,Furniture,Tables,Tables Item 384,4387.78,7,0.4,1187.33
1047,CA-2022-110936,2022-06-04,2022-06-09,Standard Class,CU-1048,Michael Thompson,Home Office,Florida,East,PRD-OFF-2874,Office Supplies,Art,Art Item 218,216.94,8,0.1,-14.81
1048,CA-2021-663022,2021-05-17,2021-05-19,First Class,CU-1040,Yuki Moore,Home Office,Florida,East,PRD-FUR-5284,Furniture,Tables,Tables Item 211,2512.55,7,0.2,70.65
1049,CA-2023-311944,2023-03-20,2023-03-27,Second Class,CU-1194,David Smith,Corporate,Texas,South,PRD-TEC-2791,Technology,Copiers,Copiers Item 214,3181.62,3,0,353.26
1050,CA-2023-187669,2023-03-06,2023-03-08,Second Class,CU-1058,Linda Harris,Corporate,New York,East,PRD-OFF-8242,Office Supplies,Paper,Paper Item 711,437.46,7,0.5,101.6
1051,CA-2024-904037,2024-09-19,2024-09-24,First Class,CU-1196,Chen Wilson,Corporate,Texas,South,PRD-TEC-5109,Technology,Accessories,Accessories Item 279,1159.16,1,0,62.14
1052,CA-2022-159169,2022-02-15,2022-02-21,Second Class,CU-1089,Susan Moore,Consumer,Minnesota,Central,PRD-FUR-4184,Furniture,Furnishings,Furnishings Item 443,3479.49,5,0.1,-59.9
1053,CA-2021-561929,2021-02-21,2021-02-28,First Class,CU-1168,David Miller,Corporate,Alabama,South,PRD-TEC-2067,Technology,Accessories,Accessories Item 519,2294.08,9,0.3,-170.86
1054,CA-2021-855480,2021-02-05,2021-02-10,First Class,CU-1132,Joseph White,Corporate,North Carolina,East,PRD-TEC-1096,Technology,Machines,Machines Item 490,329.8,1,0,68.58
1055,CA-2021-506351,2021-04-30,2021-05-07,Second Class,CU-1000,Anna Brown,Consumer,Mississippi,South,PRD-OFF-8805,Office Supplies,Paper,Paper Item 685,114.91,1,0,-10.47
1056,CA-2022-745974,2022-08-02,2022-08-08,Second Class,CU-1165,Omar Thomas,Home Office,Nevada,West,PRD-FUR-8454,Furniture,Furnishings,Furnishings Item 590,5210.97,8,0.3,1777.25
1057,CA-2024-334713,2024-01-04,2024-01-07,Second Class,CU-1039,Thomas Garcia,Home Office,Nevada,West,PRD-TEC-1343,Technology,Machines,Machines Item 542,13988.24,7,0,918.12
1058,CA-2021-530305,2021-03-29,2021-04-02,Same Day,CU-1076,Charles Harris,Home Office,Pennsylvania,East,PRD-OFF-7648,Office Supplies,Envelopes,Envelopes Item 531,354.54,3,0.3,-2.25
1059,CA-2023-507311,2023-07-16,2023-07-20,First Class,CU-1106,Susan Thompson,Corporate,Florida,East,PRD-FUR-4373,Furniture,Bookcases,Bookcases Item 351,6048.6,6,0,1363.89
1060,CA-2024-864733,2024-03-10,2024-03-12,Same Day,CU-1055,Priya Johnson,Corporate,Washington,West,PRD-OFF-6028,Office Supplies,Storage,Storage Item 318,935.17,9,0.4,64.22
1061,CA-2023-669197,2023-08-22,2023-08-23,First Class,CU-1100,Karen Smith,Consumer,Washington,West,PRD-OFF-3567,Office Supplies,Appliances,Appliances Item 775,768.24,10,0.1,-1.74
1062,CA-2023-564498,2023-06-04,2023-06-06,Same Day,CU-1098,James Taylor,Consumer,Mississippi,South,PRD-TEC-3553,Technology,Accessories,Accessories Item 756,10805.12,10,0.2,3702.21
1063,CA-2022-531268,2022-02-10,2022-02-12,Second Class,CU-1102,Wei Anderson,Home Office,North Carolina,East,PRD-FUR-9693,Furniture,Furnishings,Furnishings Item 852,1726.57,3,0.5,73.03
1064,CA-2024-925189,2024-10-16,2024-10-17,Standard Class,CU-1160,Yuki Jackson,Home Office,New York,East,PRD-TEC-2473,Technology,Phones,Phones Item 420,1844.33,1,0,90.7
1065,CA-2021-422501,2021-11-05,2021-11-07,First Class,CU-1091,Lisa Martin,Consumer,Georgia,South,PRD-TEC-3870,Technology,Machines,Machines Item 396,9069.0,10,0.5,1031.96
1066,CA-2024-259401,2024-02-25,2024-02-27,Standard Class,CU-1077,Mary Martin,Consumer,New York,East,PRD-TEC-8693,Technology,Copiers,Copiers Item 816,9854.73,9,0.4,-283.56
1067,CA-2021-253769,2021-08-21,2021-08-27,Standard Class,CU-1071,James Thomas,Corporate,Ohio,Central,PRD-FUR-3792,Furniture,Chairs,Chairs Item 885,1985.91,3,0.5,140.44
1068,CA-2024-479987,2024-11-10,2024-11-17,Same Day,CU-1005,Karen Miller,Home Office,Wisconsin,Central,PRD-FUR-2392,Furniture,Tables,Tables Item 478,1019.44,1,0.3,304.33
1069,CA-2021-414682,2021-10-04,2021-10-09,Second Class,CU-1017,William White,Home Office,Georgia,South,PRD-OFF-6254,Office Supplies,Art,Art Item 399,357.5,2,0.1,118.94
1070,CA-2022-938145,2022-12-28,2023-01-02,Same Day,CU-1182,Chen Young,Consumer,Texas,South,PRD-FUR-5591,Furniture,Chairs,Chairs Item 632,1360.49,3,0.2,-18.49
1071,CA-2022-154537,2022-10-15,2022-10-17,First Class,CU-1006,Linda White,Home Office,Alabama,South,PRD-OFF-5470,Office Supplies,Envelopes,Envelopes Item 867,277.62,5,0.4,14.4
1072,CA-2024-449090,2024-09-12,2024-09-13,Second Class,CU-1194,David Smith,Corporate,Alabama,South,PRD-OFF-4270,Office Supplies,Binders,Binders Item 581,70.8,10,0,2.56
1073,CA-2021-804542,2021-03-15,2021-03-21,First Class,CU-1097,John Jackson,Corporate,Nevada,West,PRD-FUR-6605,Furniture,Furnishings,Furnishings Item 235,4358.23,6,0.4,362.77
1074,CA-2024-612575,2024-02-06,2024-02-08,Standard Class,CU-1088,Robert Anderson,Consumer,Virginia,East,PRD-FUR-6220,Furniture,Bookcases,Bookcases Item 982,11044.8,8,0,2898.86
1075,CA-2021-234769,2021-02-17,2021-02-24,Standard Class,CU-1130,Richard Thompson,Consumer,Texas,South,PRD-TEC-4882,Technology,Accessories,Accessories Item 897,2334.33,3,0,367.33
1076,CA-2021-114100,2021-01-20,2021-01-26,Standard Class,CU-1022,Omar Thompson,Consumer,Texas,South,PRD-OFF-6421,Office Supplies,Storage,Storage Item 904,177.96,3,0.5,32.74
1077,CA-2024-158894,2024-06-08,2024-06-09,Second Class,CU-1170,William Williams,Corporate,California,West,PRD-OFF-4818,Office Supplies,Fasteners,Fasteners Item 315,82.38,2,0,-8.1
1078,CA-2023-755833,2023-03-04,2023-03-07,Same Day,CU-1012,Karen Brown,Corporate,California,West,PRD-OFF-4048,Office Supplies,Envelopes,Envelopes Item 580,286.22,4,0.5,49.36
1079,CA-2021-293910,2021-05-06,2021-05-10,Standard Class,CU-1073,Robert Miller,Corporate,North Carolina,East,PRD-OFF-9880,Office Supplies,Binders,Binders Item 689,467.93,3,0.2,-16.49
1080,CA-2024-179460,2024-12-10,2024-12-17,First Class,CU-1048,Michael Thompson,Home Office,New York,East,PRD-TEC-9301,Technology,Accessories,Accessories Item 755,1173.54,4,0.2,200.32
1081,CA-2023-964517,2023-05-24,2023-05-27,Standard Class,CU-1073,Robert Miller,Corporate,Pennsylvania,East,PRD-FUR-2028,Furniture,Tables,Tables Item 605,2218.65,5,0,-157.32
1082,CA-2024-957424,2024-06-23,2024-06-30,Same Day,CU-1088,Robert Anderson,Consumer,New York,East,PRD-FUR-6922,Furniture,Chairs,Chairs Item 814,1466.44,1,0,63.47
1083,CA-2024-696850,2024-10-20,2024-10-21,Same Day,CU-1174,Wei Smith,Home Office,North Carolina,East,PRD-FUR-5919,Furniture,Bookcases,Bookcases Item 881,3363.06,6,0.5,224.31
1084,CA-2024-299528,2024-01-24,2024-01-30,Standard Class,CU-1125,Ahmed Moore,Home Office,Tennessee,South,PRD-TEC-7606,Technology,Accessories,Accessories Item 574,2546.94,6,0.5,117.07
1085,CA-2021-873701,2021-11-09,2021-11-11,Standard Class,CU-1118,Charles Wilson,Consumer,Nevada,West,PRD-FUR-3447,Furniture,Furnishings,Furnishings Item 509,2139.75,3,0.4,739.05
1086,CA-2023-957111,2023-06-09,2023-06-16,Second Class,CU-1093,Patricia Brown,Home Office,New York,East,PRD-OFF-7410,Office Supplies,Fasteners,Fasteners Item 583,1705.32,10,0.1,-97.75
1087,CA-2022-122733,2022-11-22,2022-11-24,Second Class,CU-1038,Joseph Smith,Home Office,Tennessee,South,PRD-FUR-8971,Furniture,Furnishings,Furnishings Item 721,4999.08,5,0.2,12.41
1088,CA-2023-992964,2023-06-06,2023-06-10,Standard Class,CU-1185,James Jackson,Corporate,Nevada,West,PRD-TEC-8810,Technology,Copiers,Copiers Item 722,11548.86,6,0,3797.58
1089,CA-2022-618239,2022-04-27,2022-05-02,Same Day,CU-1074,Mary Young,Home Office,Washington,West,PRD-TEC-6089,Technology,Copiers,Copiers Item 800,1915.87,1,0,100.32
1090,CA-2024-728218,2024-06-06,2024-06-07,First Class,CU-1158,Yuki Young,Corporate,Minnesota,Central,PRD-TEC-8758,Technology,Machines,Machines Item 164,9743.34,6,0,646.04
1091,CA-2023-358064,2023-01-28,2023-02-01,Second Class,CU-1004,Linda Martin,Home Office,Nevada,West,PRD-TEC-6582,Technology,Machines,Machines Item 691,3858.15,6,0.5,980.21
1092,CA-2021-919561,2021-09-18,2021-09-21,Second Class,CU-1084,Carlos Moore,Corporate,Georgia,South,PRD-OFF-6135,Office Supplies,Envelopes,Envelopes Item 623,200.54,4,0.5,60.31
1093,CA-2021-437279,2021-10-31,2021-11-05,Same Day,CU-1024,Chen Taylor,Corporate,Alabama,South,PRD-TEC-7382,Technology,Copiers,Copiers Item 896,14446.72,10,0.2,-1009.59
1094,CA-2024-481453,2024-12-28,2024-12-30,Second Class,CU-1049,Maria Moore,Corporate,Tennessee,South,PRD-TEC-8906,Technology,Copiers,Copiers Item 675,3596.57,4,0.3,216.79
1095,CA-2022-429429,2022-10-18,2022-10-22,Second Class,CU-1037,Patricia Moore,Corporate,Virginia,East,PRD-OFF-4193,Office Supplies,Envelopes,Envelopes Item 636,983.92,10,0.2,226.34
1096,CA-2022-494273,2022-05-24,2022-05-31,First Class,CU-1129,Carlos Garcia,Home Office,Tennessee,South,PRD-FUR-7904,Furniture,Chairs,Chairs Item 180,1320.92,5,0.2,-117.06
1097,CA-2021-756293,2021-10-30,2021-11-03,Same Day,CU-1094,William Moore,Home Office,Florida,East,PRD-FUR-4240,Furniture,Tables,Tables Item 823,904.22,6,0.2,95.1
1098,CA-2022-714969,2022-08-07,2022-08-09,Standard Class,CU-1155,Jessica Taylor,Home Office,Minnesota,Central,PRD-TEC-7042,Technology,Machines,Machines Item 245,213.12,2,0.3,31.68
1099,CA-2024-759439,2024-02-01,2024-02-02,Same Day,CU-1080,Charles Lee,Consumer,Nevada,West,PRD-FUR-6308,Furniture,Bookcases,Bookcases Item 679,1530.36,3,0,290.2
1100,CA-2021-158572,2021-03-22,2021-03-27,Same Day,CU-1193,Charles Lee,Home Office,Wisconsin,Central,PRD-OFF-9565,Office Supplies,Fasteners,Fasteners Item 267,371.52,2,0,-11.81
1101,CA-2021-477819,2021-07-08,2021-07-15,Standard Class,CU-1182,Chen Young,Consumer,Georgia,South,PRD-FUR-9931,Furniture,Bookcases,Bookcases Item 163,3745.35,7,0,455.45
1102,CA-2024-515225,2024-08-07,2024-08-14,Standard Class,CU-1134,Carlos Williams,Corporate,Alabama,South,PRD-OFF-5272,Office Supplies,Fasteners,Fasteners Item 332,369.84,4,0,89.96
1103,CA-2024-684774,2024-08-13,2024-08-19,Second Class,CU-1061,Yuki Johnson,Home Office,California,West,PRD-TEC-3500,Technology,Phones,Phones Item 991,955.22,8,0.1,230.53
1104,CA-2022-506349,2022-10-17,2022-10-20,Standard Class,CU-1035,Karen Smith,Home Office,Arizona,West,PRD-OFF-7798,Office Supplies,Art,Art Item 663,694.26,9,0.5,-62.08
1105,CA-2022-137754,2022-02-14,2022-02-19,Same Day,CU-1017,William White,Home Office,Texas,South,PRD-TEC-7031,Technology,Accessories,Accessories Item 621,731.29,1,0,118.26
1106,CA-2022-662277,2022-03-12,2022-03-14,First Class,CU-1042,Lisa Taylor,Corporate,Nevada,West,PRD-TEC-4302,Technology,Machines,Machines Item 872,4211.41,9,0.4,-118.18
1107,CA-2022-442945,2022-11-17,2022-11-19,Standard Class,CU-1155,Jessica Taylor,Home Office,Michigan,Central,PRD-FUR-9385,Furniture,Furnishings,Furnishings Item 888,1734.82,5,0.5,297.55
1108,CA-2022-143683,2022-01-14,2022-01-15,Second Class,CU-1103,Jessica Jones,Consumer,Georgia,South,PRD-FUR-4511,Furniture,Chairs,Chairs Item 707,3669.92,4,0.2,1008.56
1109,CA-2023-779299,2023-08-08,2023-08-09,First Class,CU-1077,Mary Martin,Consumer,Virginia,East,PRD-OFF-3964,Office Supplies,Envelopes,Envelopes Item 981,334.91,4,0.2,-31.63
1110,CA-2023-507446,2023-10-21,2023-10-27,Same Day,CU-1085,Omar Williams,Consumer,Ohio,Central,PRD-OFF-8867,Office Supplies,Storage,Storage Item 674,856.45,7,0,269.24
1111,CA-2024-360590,2024-09-28,2024-10-05,Standard Class,CU-1152,Priya Thompson,Consumer,Virginia,East,PRD-TEC-1000,Technology,Phones,Phones Item 410,1257.59,1,0,410.04
1112,CA-2024-201955,2024-03-09,2024-03-11,Second Class,CU-1113,Wei Davis,Consumer,Nevada,West,PRD-TEC-7840,Technology,Machines,Machines Item 769,5441.32,4,0.3,-357.8
1113,CA-2021-416722,2021-03-13,2021-03-14,Same Day,CU-1005,Karen Miller,Home Office,Michigan,Central,PRD-TEC-8807,Technology,Machines,Machines Item 278,1138.52,4,0,337.15
1114,CA-2021-346208,2021-06-26,2021-07-02,First Class,CU-1003,Mary Smith,Consumer,New York,East,PRD-FUR-3511,Furniture,Bookcases,Bookcases Item 320,531.62,1,0.5,-38.02
1115,CA-2024-131350,2024-10-20,2024-10-24,Same Day,CU-1016,Yuki Davis,Consumer,Minnesota,Central,PRD-TEC-1721,Technology,Copiers,Copiers Item 772,6833.84,8,0,1090.29
1116,CA-2024-853790,2024-12-24,2024-12-27,First Class,CU-1016,Yuki Davis,Consumer,Michigan,Central,PRD-FUR-8339,Furniture,Tables,Tables Item 929,915.06,1,0.1,5.19
1117,CA-2024-998627,2024-02-28,2024-03-06,Second Class,CU-1000,Anna Brown,Consumer,Texas,South,PRD-FUR-8475,Furniture,Furnishings,Furnishings Item 940,451.18,1,0,76.3
1118,CA-2021-790593,2021-12-02,2021-12-05,First Class,CU-1120,Jessica Lee,Home Office,Arizona,West,PRD-FUR-6692,Furniture,Tables,Tables Item 885,2261.84,6,0.4,152.56
1119,CA-2024-618532,2024-10-09,2024-10-16,First Class,CU-1074,Mary Young,Home Office,Washington,West,PRD-OFF-6452,Office Supplies,Art,Art Item 467,122.42,7,0.2,36.5
1120,CA-2023-665404,2023-07-13,2023-07-20,Standard Class,CU-1165,Omar Thomas,Home Office,Nevada,West,PRD-OFF-9850,Office Supplies,Fasteners,Fasteners Item 747,622.44,6,0,105.48
1121,CA-2024-955908,2024-03-20,2024-03-22,Standard Class,CU-1190,Jessica Young,Corporate,Georgia,South,PRD-TEC-1066,Technology,Copiers,Copiers Item 360,12371.87,7,0,1655.43
1122,CA-2022-844229,2022-04-10,2022-04-16,Standard Class,CU-1140,Linda Jones,Home Office,Washington,West,PRD-FUR-7471,Furniture,Furnishings,Furnishings Item 635,4644.49,6,0.3,681.82
1123,CA-2022-468191,2022-03-25,2022-03-30,Standard Class,CU-1168,David Miller,Corporate,Alabama,South,PRD-OFF-4085,Office Supplies,Art,Art Item 833,259.78,4,0.5,-7.78
1124,CA-2021-251367,2021-08-09,2021-08-13,Second Class,CU-1000,Anna Brown,Consumer,Mississippi,South,PRD-TEC-2582,Technology,Machines,Machines Item 934,4035.59,7,0.1,580.66
1125,CA-2021-410152,2021-02-03,2021-02-04,Second Class,CU-1048,Michael Thompson,Home Office,New York,East,PRD-TEC-7912,Technology,Accessories,Accessories Item 466,180.69,2,0.5,59.26
1126,CA-2021-726587,2021-01-22,2021-01-28,Same Day,CU-1169,David Thomas,Corporate,Minnesota,Central,PRD-FUR-8838,Furniture,Bookcases,Bookcases Item 750,1211.11,6,0.4,216.38
1127,CA-2021-615200,2021-03-27,2021-04-02,First Class,CU-1157,Richard Young,Home Office,Arizona,West,PRD-TEC-7287,Technology,Copiers,Copiers Item 870,331.59,6,0.5,95.34
1128,CA-2023-715644,2023-05-16,2023-05-22,Same Day,CU-1137,Mary Davis,Corporate,California,West,PRD-OFF-2422,Office Supplies,Storage,Storage Item 586,39.55,1,0.5,9.55
1129,CA-2021-357309,2021-07-08,2021-07-09,Same Day,CU-1064,Michael Thompson,Corporate,North Carolina,East,PRD-OFF-8688,Office Supplies,Paper,Paper Item 135,951.74,7,0.1,163.34
1130,CA-2024-838239,2024-02-06,2024-02-13,Same Day,CU-1082,Omar Wilson,Consumer,Tennessee,South,PRD-FUR-1462,Furniture,Tables,Tables Item 618,90.26,2,0,15.08
1131,CA-2023-585679,2023-10-26,2023-10-28,Standard Class,CU-1113,Wei Davis,Consumer,California,West,PRD-FUR-8401,Furniture,Furnishings,Furnishings Item 400,2227.3,5,0.5,-48.41
1132,CA-2022-447514,2022-08-18,2022-08-23,Second Class,CU-1041,Robert Anderson,Consumer,California,West,PRD-FUR-7345,Furniture,Chairs,Chairs Item 894,322.71,2,0.5,3.89
1133,CA-2023-416960,2023-02-11,2023-02-12,First Class,CU-1190,Jessica Young,Corporate,Georgia,South,PRD-TEC-2902,Technology,Accessories,Accessories Item 203,15289.2,10,0.1,3382.32
1134,CA-2021-734604,2021-09-28,2021-10-04,Same Day,CU-1042,Lisa Taylor,Corporate,Washington,West,PRD-OFF-9604,Office Supplies,Binders,Binders Item 810,367.2,8,0.4,-33.33
1135,CA-2021-596666,2021-08-06,2021-08-10,Same Day,CU-1094,William Moore,Home Office,North Carolina,East,PRD-TEC-5305,Technology,Machines,Machines Item 998,12770.91,9,0,-902.53
1136,CA-2023-631747,2023-08-31,2023-09-04,Standard Class,CU-1170,William Williams,Corporate,Oregon,West,PRD-TEC-8308,Technology,Accessories,Accessories Item 775,365.89,1,0,72.84
1137,CA-2024-601093,2024-02-16,2024-02-19,Same Day,CU-1139,Maria Thomas,Corporate,Michigan,Central,PRD-TEC-5920,Technology,Accessories,Accessories Item 236,2054.43,2,0.1,-18.28
1138,CA-2021-162908,2021-01-23,2021-01-26,Standard Class,CU-1191,Yuki Davis,Consumer,Alabama,South,PRD-OFF-3245,Office Supplies,Binders,Binders Item 427,1213.65,9,0,44.3
1139,CA-2022-796292,2022-03-14,2022-03-16,Same Day,CU-1062,Mary Thomas,Home Office,Alabama,South,PRD-FUR-9870,Furniture,Furnishings,Furnishings Item 979,421.44,4,0.4,62.74
1140,CA-2024-999516,2024-09-28,2024-09-30,Standard Class,CU-1018,Jennifer Anderson,Corporate,Pennsylvania,East,PRD-OFF-5047,Office Supplies,Fasteners,Fasteners Item 741,840.88,8,0,130.14
1141,CA-2024-336288,2024-07-05,2024-07-08,Standard Class,CU-1192,Priya White,Consumer,Minnesota,Central,PRD-FUR-1453,Furniture,Furnishings,Furnishings Item 297,456.09,7,0.3,114.61
1142,CA-2023-735894,2023-03-12,2023-03-16,Same Day,CU-1171,Ahmed Thompson,Consumer,Tennessee,South,PRD-TEC-3576,Technology,Accessories,Accessories Item 347,11407.86,10,0.4,2175.69
1143,CA-2022-910653,2022-08-13,2022-08-17,Standard Class,CU-1153,Robert Davis,Corporate,North Carolina,East,PRD-TEC-3384,Technology,Copiers,Copiers Item 891,1255.45,7,0,272.45
1144,CA-2023-512370,2023-01-27,2023-01-30,First Class,CU-1164,Wei White,Consumer,California,West,PRD-FUR-8699,Furniture,Furnishings,Furnishings Item 623,4407.9,5,0.3,1382.75
1145,CA-2024-829022,2024-11-10,2024-11-15,Same Day,CU-1124,Lisa Taylor,Home Office,Nevada,West,PRD-OFF-9728,Office Supplies,Fasteners,Fasteners Item 629,68.22,6,0.5,23.12
1146,CA-2022-381240,2022-05-31,2022-06-06,Second Class,CU-1157,Richard Young,Home Office,California,West,PRD-FUR-4133,Furniture,Bookcases,Bookcases Item 456,5848.21,6,0.3,1802.7
1147,CA-2022-808942,2022-11-18,2022-11-23,First Class,CU-1078,John Lee,Consumer,Pennsylvania,East,PRD-FUR-3281,Furniture,Bookcases,Bookcases Item 921,5877.54,10,0.1,1444.35
1148,CA-2022-819301,2022-01-25,2022-01-31,Second Class,CU-1197,Priya Lee,Home Office,Tennessee,South,PRD-FUR-5775,Furniture,Bookcases,Bookcases Item 753,7081.36,8,0,-334.63
1149,CA-2024-764214,2024-05-09,2024-05-16,Same Day,CU-1063,Chen Brown,Consumer,Pennsylvania,East,PRD-FUR-8521,Furniture,Tables,Tables Item 650,1173.24,6,0.5,261.24
1150,CA-2022-175550,2022-06-06,2022-06-11,Same Day,CU-1087,Karen Miller,Home Office,Georgia,South,PRD-FUR-5174,Furniture,Chairs,Chairs Item 606,13286.61,9,0,-930.78
1151,CA-2024-390551,2024-04-10,2024-04-17,Second Class,CU-1116,Anna Martin,Corporate,Mississippi,South,PRD-OFF-9020,Office Supplies,Art,Art Item 709,44.82,5,0.4,8.19
1152,CA-2023-428353,2023-06-15,2023-06-19,Second Class,CU-1027,Robert Wilson,Consumer,Florida,East,PRD-TEC-2151,Technology,Accessories,Accessories Item 384,1509.2,2,0,-123.05
1153,CA-2024-233611,2024-01-02,2024-01-05,Second Class,CU-1027,Robert Wilson,Consumer,North Carolina,East,PRD-TEC-6531,Technology,Copiers,Copiers Item 739,1788.06,1,0,-170.88
1154,CA-2022-352371,2022-08-06,2022-08-10,First Class,CU-1184,John Martin,Home Office,Tennessee,South,PRD-TEC-6189,Technology,Accessories,Accessories Item 880,5989.38,9,0.1,-190.07
1155,CA-2023-668025,2023-02-24,2023-02-26,Second Class,CU-1056,Thomas Davis,Corporate,Ohio,Central,PRD-OFF-3040,Office Supplies,Binders,Binders Item 197,186.22,2,0.2,49.22
1156,CA-2022-581827,2022-03-29,2022-03-31,Second Class,CU-1063,Chen Brown,Consumer,Florida,East,PRD-OFF-6054,Office Supplies,Fasteners,Fasteners Item 545,238.0,4,0,1.77
1157,CA-2023-323753,2023-03-03,2023-03-07,Standard Class,CU-1148,Fatima Davis,Home Office,Mississippi,South,PRD-TEC-7299,Technology,Phones,Phones Item 971,5037.31,7,0.5,-162.84
1158,CA-2021-902219,2021-02-17,2021-02-22,Same Day,CU-1157,Richard Young,Home Office,Nevada,West,PRD-FUR-9176,Furniture,Tables,Tables Item 619,5834.38,7,0.3,262.17
1159,CA-2023-315450,2023-06-25,2023-06-30,Standard Class,CU-1157,Richard Young,Home Office,Nevada,West,PRD-FUR-7619,Furniture,Tables,Tables Item 312,7561.8,10,0.4,-183.21
1160,CA-2022-387458,2022-12-25,2022-12-29,Second Class,CU-1055,Priya Johnson,Corporate,Oregon,West,PRD-TEC-4998,Technology,Machines,Machines Item 760,4272.97,7,0.5,1419.89
1161,CA-2023-938966,2023-07-16,2023-07-22,First Class,CU-1178,Fatima Garcia,Corporate,California,West,PRD-TEC-8296,Technology,Copiers,Copiers Item 534,2378.67,6,0.5,229.14
1162,CA-2022-339659,2022-06-07,2022-06-10,First Class,CU-1022,Omar Thompson,Consumer,Alabama,South,PRD-FUR-9473,Furniture,Bookcases,Bookcases Item 713,1889.28,8,0.1,536.82
1163,CA-2021-482281,2021-03-16,2021-03-20,Standard Class,CU-1135,John Davis,Home Office,Georgia,South,PRD-TEC-9605,Technology,Accessories,Accessories Item 361,690.39,3,0,8.75
1164,CA-2022-557067,2022-08-24,2022-08-26,Second Class,CU-1115,William Williams,Corporate,Georgia,South,PRD-FUR-2511,Furniture,Tables,Tables Item 735,3416.35,7,0,14.75
1165,CA-2024-922359,2024-09-02,2024-09-09,First Class,CU-1013,Karen Moore,Home Office,Mississippi,South,PRD-OFF-4870,Office Supplies,Fasteners,Fasteners Item 117,522.18,9,0.4,158.07
1166,CA-2024-170655,2024-12-30,2024-12-31,Second Class,CU-1050,Joseph Martin,Corporate,Arizona,West,PRD-TEC-7044,Technology,Machines,Machines Item 840,1314.32,9,0.5,195.9
1167,CA-2023-357579,2023-12-29,2023-12-31,Second Class,CU-1045,John Harris,Consumer,Pennsylvania,East,PRD-TEC-1931,Technology,Machines,Machines Item 503,5254.15,5,0,658.93
1168,CA-2021-263482,2021-04-10,2021-04-14,First Class,CU-1034,Lisa White,Home Office,Georgia,South,PRD-TEC-3869,Technology,Accessories,Accessories Item 827,7885.8,10,0.5,83.63
1169,CA-2021-735448,2021-11-28,2021-12-04,Same Day,CU-1028,Ahmed Thompson,Home Office,Georgia,South,PRD-TEC-9027,Technology,Phones,Phones Item 793,76.68,3,0.5,10.58
1170,CA-2024-861512,2024-02-02,2024-02-07,First Class,CU-1193,Charles Lee,Home Office,Minnesota,Central,PRD-FUR-9576,Furniture,Furnishings,Furnishings Item 517,5273.28,10,0.4,1256.27
1171,CA-2023-943934,2023-10-21,2023-10-23,Standard Class,CU-1042,Lisa Taylor,Corporate,Arizona,West,PRD-TEC-7756,Technology,Accessories,Accessories Item 491,15917.52,10,0.2,-764.18
1172,CA-2023-429824,2023-02-05,2023-02-06,Standard Class,CU-1096,Thomas Harris,Corporate,Oregon,West,PRD-FUR-3291,Furniture,Tables,Tables Item 764,2680.96,4,0,274.73
1173,CA-2022-117173,2022-05-16,2022-05-18,First Class,CU-1077,Mary Martin,Consumer,Florida,East,PRD-TEC-4353,Technology,Copiers,Copiers Item 574,3314.08,8,0.5,222.72
1174,CA-2021-252607,2021-04-16,2021-04-18,First Class,CU-1033,Lisa Williams,Corporate,Minnesota,Central,PRD-OFF-8100,Office Supplies,Paper,Paper Item 179,46.08,6,0.5,14.25
1175,CA-2022-637459,2022-12-28,2023-01-04,Standard Class,CU-1153,Robert Davis,Corporate,Virginia,East,PRD-OFF-9302,Office Supplies,Appliances,Appliances Item 269,101.98,8,0.3,-1.32
1176,CA-2021-845647,2021-10-26,2021-11-01,Standard Class,CU-1002,Carlos Thompson,Consumer,Illinois,Central,PRD-OFF-7609,Office Supplies,Labels,Labels Item 442,73.04,1,0.3,-6.51
1177,CA-2022-442406,2022-12-12,2022-12-17,Standard Class,CU-1156,Jessica Johnson,Consumer,Minnesota,Central,PRD-FUR-8100,Furniture,Bookcases,Bookcases Item 881,4008.87,9,0.5,967.43
1178,CA-2024-674608,2024-09-26,2024-10-03,Second Class,CU-1131,Barbara Miller,Corporate,Texas,South,PRD-OFF-5376,Office Supplies,Paper,Paper Item 247,242.83,7,0.5,55.65
1179,CA-2021-502537,2021-07-10,2021-07-15,Second Class,CU-1036,Carlos Thompson,Corporate,Georgia,South,PRD-FUR-4186,Furniture,Furnishings,Furnishings Item 528,94.7,1,0,31.17
1180,CA-2023-966042,2023-05-06,2023-05-13,First Class,CU-1145,Fatima White,Home Office,Ohio,Central,PRD-TEC-1613,Technology,Copiers,Copiers Item 371,204.44,4,0,-5.41
1181,CA-2021-591055,2021-05-16,2021-05-18,Standard Class,CU-1186,Jessica Anderson,Home Office,Minnesota,Central,PRD-TEC-7096,Technology,Copiers,Copiers Item 971,1897.5,2,0.3,336.92
1182,CA-2024-674541,2024-03-27,2024-04-01,First Class,CU-1120,Jessica Lee,Home Office,Oregon,West,PRD-OFF-5018,Office Supplies,Storage,Storage Item 331,254.45,9,0.2,66.87
1183,CA-2023-444094,2023-09-17,2023-09-20,Same Day,CU-1005,Karen Miller,Home Office,Minnesota,Central,PRD-OFF-5221,Office Supplies,Labels,Labels Item 209,84.0,7,0.2,21.9
1184,CA-2022-921534,2022-04-03,2022-04-10,Same Day,CU-1037,Patricia Moore,Corporate,North Carolina,East,PRD-TEC-7551,Technology,Accessories,Accessories Item 529,3897.18,3,0.3,333.95
1185,CA-2022-354273,2022-09-05,2022-09-06,Standard Class,CU-1145,Fatima White,Home Office,Michigan,Central,PRD-TEC-8080,Technology,Copiers,Copiers Item 257,11135.64,6,0,1069.36
1186,CA-2021-488371,2021-03-04,2021-03-07,Second Class,CU-1106,Susan Thompson,Corporate,Florida,East,PRD-TEC-7493,Technology,Machines,Machines Item 702,7057.04,8,0.5,2240.79
1187,CA-2023-346532,2023-05-31,2023-06-07,Second Class,CU-1054,Maria Johnson,Consumer,Nevada,West,PRD-FUR-2357,Furniture,Tables,Tables Item 203,1108.84,6,0.3,185.23
1188,CA-2021-666619,2021-01-18,2021-01-20,Standard Class,CU-1021,Jennifer White,Corporate,Texas,South,PRD-FUR-1535,Furniture,Furnishings,Furnishings Item 236,4464.0,3,0,500.16
1189,CA-2024-966917,2024-10-22,2024-10-28,Standard Class,CU-1074,Mary Young,Home Office,Oregon,West,PRD-OFF-1638,Office Supplies,Storage,Storage Item 696,29.78,1,0.2,1.45
1190,CA-2024-961331,2024-06-12,2024-06-13,Same Day,CU-1021,Jennifer White,Corporate,Texas,South,PRD-TEC-9619,Technology,Accessories,Accessories Item 173,1662.08,8,0.2,294.1
1191,CA-2021-584795,2021-10-11,2021-10-12,Second Class,CU-1156,Jessica Johnson,Consumer,Michigan,Central,PRD-OFF-1524,Office Supplies,Labels,Labels Item 502,192.29,9,0.1,40.39
1192,CA-2024-949630,2024-11-24,2024-11-28,First Class,CU-1086,Lisa Young,Consumer,Washington,West,PRD-FUR-4852,Furniture,Bookcases,Bookcases Item 913,2971.89,5,0.4,261.78
1193,CA-2022-583694,2022-03-08,2022-03-10,Standard Class,CU-1079,Richard Brown,Home Office,Virginia,East,PRD-TEC-8355,Technology,Accessories,Accessories Item 229,329.12,2,0,-11.04
1194,CA-2022-448890,2022-08-02,2022-08-09,Second Class,CU-1038,Joseph Smith,Home Office,Texas,South,PRD-OFF-5956,Office Supplies,Storage,Storage Item 826,719.12,8,0,229.0
1195,CA-2024-481901,2024-09-05,2024-09-06,Second Class,CU-1053,Charles Davis,Consumer,Nevada,West,PRD-TEC-5131,Technology,Copiers,Copiers Item 498,1072.86,6,0,298.8
1196,CA-2023-516798,2023-08-08,2023-08-14,Same Day,CU-1047,William Martin,Home Office,Minnesota,Central,PRD-OFF-4014,Office Supplies,Storage,Storage Item 107,295.34,3,0.4,57.97
1197,CA-2023-610545,2023-05-02,2023-05-03,Standard Class,CU-1042,Lisa Taylor,Corporate,Oregon,West,PRD-FUR-4313,Furniture,Tables,Tables Item 838,574.25,3,0.5,189.89
1198,CA-2021-109673,2021-03-20,2021-03-27,First Class,CU-1046,Robert Harris,Home Office,Florida,East,PRD-OFF-9209,Office Supplies,Storage,Storage Item 306,777.4,10,0,-41.15
1199,CA-2022-790660,2022-11-12,2022-11-18,Same Day,CU-1054,Maria Johnson,Consumer,Washington,West,PRD-OFF-1645,Office Supplies,Labels,Labels Item 565,1609.96,9,0.1,154.11
1200,CA-2024-664964,2024-01-26,2024-01-29,First Class,CU-1184,John Martin,Home Office,Mississippi,South,PRD-FUR-7836,Furniture,Chairs,Chairs Item 574,337.98,6,0,38.37
1201,CA-2022-975353,2022-04-18,2022-04-21,Same Day,CU-1155,Jessica Taylor,Home Office,Wisconsin,Central,PRD-OFF-5163,Office Supplies,Envelopes,Envelopes Item 504,317.8,5,0,85.02
1202,CA-2023-142513,2023-12-23,2023-12-25,Second Class,CU-1067,Mary Thompson,Consumer,California,West,PRD-TEC-5483,Technology,Copiers,Copiers Item 648,380.73,7,0,126.17
1203,CA-2021-868344,2021-02-03,2021-02-08,Standard Class,CU-1139,Maria Thomas,Corporate,Minnesota,Central,PRD-OFF-5711,Office Supplies,Labels,Labels Item 898,1424.38,8,0.1,199.9
1204,CA-2023-860973,2023-03-08,2023-03-13,Second Class,CU-1029,Ahmed Young,Corporate,Ohio,Central,PRD-FUR-5023,Furniture,Tables,Tables Item 591,1037.07,1,0,49.73
1205,CA-2021-866526,2021-09-23,2021-09-29,First Class,CU-1005,Karen Miller,Home Office,Illinois,Central,PRD-FUR-3685,Furniture,Tables,Tables Item 470,1922.7,5,0.4,-15.69
1206,CA-2022-825150,2022-09-26,2022-10-01,Standard Class,CU-1024,Chen Taylor,Corporate,Tennessee,South,PRD-OFF-2081,Office Supplies,Paper,Paper Item 897,525.84,3,0,173.06
1207,CA-2022-902056,2022-01-02,2022-01-03,Standard Class,CU-1197,Priya Lee,Home Office,Tennessee,South,PRD-FUR-8884,Furniture,Bookcases,Bookcases Item 784,5202.09,9,0.5,675.5
1208,CA-2021-927326,2021-06-20,2021-06-23,Second Class,CU-1157,Richard Young,Home Office,Oregon,West,PRD-TEC-2415,Technology,Machines,Machines Item 164,9088.07,7,0.2,2057.47
1209,CA-2022-647447,2022-12-02,2022-12-04,Same Day,CU-1041,Robert Anderson,Consumer,Washington,West,PRD-OFF-8084,Office Supplies,Envelopes,Envelopes Item 206,38.92,6,0.4,9.99
1210,CA-2022-299380,2022-03-11,2022-03-13,Standard Class,CU-1131,Barbara Miller,Corporate,Alabama,South,PRD-OFF-8501,Office Supplies,Appliances,Appliances Item 496,335.46,4,0.5,50.61
1211,CA-2022-138146,2022-02-12,2022-02-13,Standard Class,CU-1082,Omar Wilson,Consumer,Tennessee,South,PRD-FUR-7808,Furniture,Tables,Tables Item 867,3867.29,10,0.3,742.22
1212,CA-2023-240592,2023-08-08,2023-08-09,Second Class,CU-1001,Linda Davis,Consumer,Oregon,West,PRD-TEC-1532,Technology,Phones,Phones Item 905,5678.23,8,0.3,-261.83
1213,CA-2022-663170,2022-05-19,2022-05-22,Standard Class,CU-1163,Carlos Thomas,Home Office,Virginia,East,PRD-FUR-3243,Furniture,Bookcases,Bookcases Item 812,177.15,2,0.2,35.28
1214,CA-2021-456454,2021-11-10,2021-11-13,First Class,CU-1066,Linda Williams,Corporate,Nevada,West,PRD-FUR-1428,Furniture,Chairs,Chairs Item 391,1219.97,2,0.2,101.37
1215,CA-2024-244100,2024-12-28,2024-12-29,First Class,CU-1083,Linda Wilson,Corporate,Pennsylvania,East,PRD-OFF-6215,Office Supplies,Paper,Paper Item 226,37.7,2,0.2,9.26
1216,CA-2022-939250,2022-03-11,2022-03-16,Standard Class,CU-1046,Robert Harris,Home Office,North Carolina,East,PRD-TEC-9993,Technology,Accessories,Accessories Item 691,3287.0,5,0,871.74
1217,CA-2022-789857,2022-09-01,2022-09-06,Same Day,CU-1176,Charles Miller,Corporate,Mississippi,South,PRD-FUR-6460,Furniture,Chairs,Chairs Item 375,293.09,1,0.4,-17.05
1218,CA-2021-198896,2021-10-08,2021-10-09,Standard Class,CU-1189,Lisa Thompson,Corporate,Illinois,Central,PRD-OFF-2751,Office Supplies,Binders,Binders Item 370,74.42,8,0.3,6.15
1219,CA-2024-359602,2024-02-24,2024-03-02,Second Class,CU-1040,Yuki Moore,Home Office,North Carolina,East,PRD-TEC-1275,Technology,Machines,Machines Item 581,3943.65,3,0,725.15
1220,CA-2021-962113,2021-12-13,2021-12-19,Same Day,CU-1055,Priya Johnson,Corporate,Washington,West,PRD-OFF-4072,Office Supplies,Envelopes,Envelopes Item 604,110.3,1,0.2,17.59
1221,CA-2021-321257,2021-05-02,2021-05-06,Second Class,CU-1140,Linda Jones,Home Office,Washington,West,PRD-OFF-7742,Office Supplies,Art,Art Item 692,558.72,9,0,45.83
1222,CA-2022-997727,2022-05-26,2022-05-31,First Class,CU-1073,Robert Miller,Corporate,Virginia,East,PRD-TEC-4132,Technology,Copiers,Copiers Item 864,10204.7,10,0,841.84
1223,CA-2024-954008,2024-03-26,2024-03-28,Second Class,CU-1064,Michael Thompson,Corporate,Pennsylvania,East,PRD-OFF-1762,Office Supplies,Paper,Paper Item 848,387.88,3,0.1,135.43
1224,CA-2021-389982,2021-09-30,2021-10-02,Second Class,CU-1018,Jennifer Anderson,Corporate,Florida,East,PRD-TEC-6592,Technology,Phones,Phones Item 311,3336.88,2,0,287.01
1225,CA-2021-779438,2021-10-29,2021-11-04,First Class,CU-1114,Carlos Miller,Corporate,Georgia,South,PRD-TEC-4302,Technology,Machines,Machines Item 978,4415.66,7,0.2,439.51
1226,CA-2022-470334,2022-02-28,2022-03-04,Same Day,CU-1162,Sarah Smith,Corporate,Georgia,South,PRD-TEC-1050,Technology,Accessories,Accessories Item 543,9123.98,8,0.4,-711.49
1227,CA-2021-974187,2021-05-06,2021-05-13,First Class,CU-1118,Charles Wilson,Consumer,Washington,West,PRD-TEC-5576,Technology,Copiers,Copiers Item 281,2739.65,4,0.2,-100.51
1228,CA-2023-899679,2023-08-28,2023-09-04,Same Day,CU-1109,Ahmed Taylor,Corporate,New York,East,PRD-OFF-5515,Office Supplies,Paper,Paper Item 959,346.25,6,0.1,35.39
1229,CA-2022-603683,2022-07-07,2022-07-09,Second Class,CU-1122,Mary Jackson,Consumer,Florida,East,PRD-TEC-9350,Technology,Copiers,Copiers Item 757,786.49,1,0.5,57.46
1230,CA-2022-488847,2022-07-03,2022-07-09,Standard Class,CU-1037,Patricia Moore,Corporate,New York,East,PRD-OFF-1332,Office Supplies,Labels,Labels Item 164,692.36,5,0.2,163.31
1231,CA-2022-364344,2022-05-10,2022-05-13,Same Day,CU-1145,Fatima White,Home Office,Illinois,Central,PRD-TEC-7876,Technology,Accessories,Accessories Item 681,509.13,9,0,24.09
1232,CA-2023-296473,2023-09-13,2023-09-15,Same Day,CU-1087,Karen Miller,Home Office,Texas,South,PRD-TEC-7585,Technology,Machines,Machines Item 785,5629.0,5,0.2,921.95
1233,CA-2024-200757,2024-03-01,2024-03-04,Second Class,CU-1154,Maria Miller,Consumer,Wisconsin,Central,PRD-FUR-4951,Furniture,Furnishings,Furnishings Item 645,1420.52,4,0.3,86.08
1234,CA-2022-689756,2022-04-12,2022-04-16,Standard Class,CU-1085,Omar Williams,Consumer,Minnesota,Central,PRD-TEC-1718,Technology,Phones,Phones Item 309,16173.45,10,0.1,1372.01
1235,CA-2024-176130,2024-01-01,2024-01-07,Second Class,CU-1119,Lisa Jackson,Corporate,Alabama,South,PRD-TEC-1599,Technology,Copiers,Copiers Item 362,5360.94,4,0.1,358.62
1236,CA-2023-394032,2023-04-18,2023-04-19,Second Class,CU-1002,Carlos Thompson,Consumer,Wisconsin,Central,PRD-OFF-2532,Office Supplies,Appliances,Appliances Item 924,128.63,2,0.1,22.55
1237,CA-2024-759666,2024-01-05,2024-01-11,Same Day,CU-1064,Michael Thompson,Corporate,North Carolina,East,PRD-TEC-9020,Technology,Phones,Phones Item 936,5525.5,5,0,1750.49
1238,CA-2022-193019,2022-11-09,2022-11-10,First Class,CU-1055,Priya Johnson,Corporate,Nevada,West,PRD-OFF-8411,Office Supplies,Envelopes,Envelopes Item 669,61.8,1,0.3,19.81
1239,CA-2021-202247,2021-02-25,2021-03-03,First Class,CU-1178,Fatima Garcia,Corporate,Washington,West,PRD-OFF-1740,Office Supplies,Binders,Binders Item 850,154.2,4,0,0.83
1240,CA-2022-239070,2022-03-05,2022-03-07,Standard Class,CU-1045,John Harris,Consumer,Pennsylvania,East,PRD-FUR-4345,Furniture,Furnishings,Furnishings Item 475,2893.36,8,0,-248.33
1241,CA-2024-261406,2024-11-07,2024-11-11,Second Class,CU-1160,Yuki Jackson,Home Office,Virginia,East,PRD-OFF-9733,Office Supplies,Paper,Paper Item 279,629.84,8,0,43.17
1242,CA-2021-901549,2021-08-11,2021-08-12,Standard Class,CU-1175,Linda Jones,Corporate,Nevada,West,PRD-TEC-3722,Technology,Accessories,Accessories Item 372,1546.83,3,0.4,4.9
1243,CA-2024-656653,2024-02-11,2024-02-17,Same Day,CU-1182,Chen Young,Consumer,Mississippi,South,PRD-OFF-7961,Office Supplies,Storage,Storage Item 276,449.85,3,0.1,148.06
1244,CA-2022-372869,2022-07-26,2022-07-29,Standard Class,CU-1156,Jessica Johnson,Consumer,Minnesota,Central,PRD-OFF-8616,Office Supplies,Envelopes,Envelopes Item 193,201.91,4,0.4,50.0
1245,CA-2024-156405,2024-11-23,2024-11-25,Same Day,CU-1148,Fatima Davis,Home Office,Texas,South,PRD-TEC-3945,Technology,Phones,Phones Item 651,12762.4,7,0,-972.82
1246,CA-2022-633112,2022-05-08,2022-05-09,Second Class,CU-1059,Patricia Brown,Home Office,Ohio,Central,PRD-OFF-2532,Office Supplies,Paper,Paper Item 365,709.95,9,0.3,96.75
1247,CA-2024-968336,2024-01-30,2024-02-01,Same Day,CU-1066,Linda Williams,Corporate,Oregon,West,PRD-TEC-4612,Technology,Phones,Phones Item 815,12297.46,8,0.1,-456.6
1248,CA-2023-755192,2023-11-27,2023-11-29,Same Day,CU-1162,Sarah Smith,Corporate,Texas,South,PRD-FUR-5527,Furniture,Chairs,Chairs Item 967,931.33,9,0.3,100.03
1249,CA-2021-112089,2021-03-09,2021-03-16,Standard Class,CU-1086,Lisa Young,Consumer,California,West,PRD-TEC-4119,Technology,Phones,Phones Item 592,1357.74,2,0,-85.29
1250,CA-2024-489587,2024-01-09,2024-01-15,Second Class,CU-1025,John Miller,Home Office,Alabama,South,PRD-TEC-9257,Technology,Phones,Phones Item 761,3960.3,6,0,1020.21
1251,CA-2022-189171,2022-06-19,2022-06-21,Same Day,CU-1074,Mary Young,Home Office,Oregon,West,PRD-OFF-5734,Office Supplies,Fasteners,Fasteners Item 613,503.85,5,0,-16.24
1252,CA-2022-591650,2022-10-06,2022-10-10,Same Day,CU-1159,James Anderson,Corporate,Illinois,Central,PRD-TEC-5280,Technology,Copiers,Copiers Item 351,136.09,1,0,-13.44
1253,CA-2024-192996,2024-07-27,2024-07-30,Second Class,CU-1096,Thomas Harris,Corporate,Oregon,West,PRD-FUR-3445,Furniture,Bookcases,Bookcases Item 916,4096.75,7,0,25.03
1254,CA-2022-487518,2022-04-12,2022-04-15,First Class,CU-1068,Omar Davis,Consumer,Wisconsin,Central,PRD-OFF-1645,Office Supplies,Binders,Binders Item 740,495.63,5,0.4,113.16
1255,CA-2023-352067,2023-04-13,2023-04-15,First Class,CU-1120,Jessica Lee,Home Office,California,West,PRD-FUR-1994,Furniture,Furnishings,Furnishings Item 374,1165.38,1,0,-50.58
1256,CA-2023-975454,2023-03-14,2023-03-17,Standard Class,CU-1012,Karen Brown,Corporate,California,West,PRD-OFF-3907,Office Supplies,Paper,Paper Item 660,507.96,5,0.2,169.13
1257,CA-2022-303272,2022-05-25,2022-05-30,Standard Class,CU-1121,Richard Young,Consumer,Alabama,South,PRD-FUR-3318,Furniture,Tables,Tables Item 813,2965.69,7,0,601.59
1258,CA-2024-861255,2024-10-20,2024-10-23,Same Day,CU-1102,Wei Anderson,Home Office,North Carolina,East,PRD-TEC-3138,Technology,Machines,Machines Item 477,1616.67,5,0.1,478.13
1259,CA-2023-209149,2023-06-02,2023-06-04,Standard Class,CU-1184,John Martin,Home Office,Mississippi,South,PRD-FUR-7387,Furniture,Bookcases,Bookcases Item 260,6307.01,8,0.4,196.98
1260,CA-2022-144374,2022-08-19,2022-08-26,Second Class,CU-1090,Wei Thompson,Home Office,Tennessee,South,PRD-TEC-1381,Technology,Copiers,Copiers Item 784,4277.16,6,0,137.83
1261,CA-2023-531165,2023-02-12,2023-02-15,Standard Class,CU-1021,Jennifer White,Corporate,Alabama,South,PRD-FUR-9207,Furniture,Bookcases,Bookcases Item 631,3091.9,4,0.3,26.74
1262,CA-2022-240775,2022-11-11,2022-11-17,First Class,CU-1045,John Harris,Consumer,Virginia,East,PRD-FUR-5773,Furniture,Chairs,Chairs Item 344,455.85,1,0,158.14
1263,CA-2022-963961,2022-03-04,2022-03-11,First Class,CU-1052,James Young,Home Office,Pennsylvania,East,PRD-FUR-4635,Furniture,Tables,Tables Item 926,4931.6,10,0,382.81
1264,CA-2021-845857,2021-07-04,2021-07-05,Same Day,CU-1036,Carlos Thompson,Corporate,Texas,South,PRD-OFF-2497,Office Supplies,Appliances,Appliances Item 746,200.07,2,0.1,1.7
1265,CA-2023-241250,2023-10-06,2023-10-08,Second Class,CU-1173,Fatima Smith,Consumer,Pennsylvania,East,PRD-FUR-2374,Furniture,Bookcases,Bookcases Item 868,1327.1,1,0,299.28
1266,CA-2023-443346,2023-10-15,2023-10-22,Same Day,CU-1156,Jessica Johnson,Consumer,Wisconsin,Central,PRD-FUR-4028,Furniture,Chairs,Chairs Item 313,11626.38,9,0,-1106.8
1267,CA-2024-450841,2024-04-15,2024-04-16,Second Class,CU-1006,Linda White,Home Office,Texas,South,PRD-FUR-7181,Furniture,Chairs,Chairs Item 441,8000.9,10,0,79.8
1268,CA-2022-397427,2022-06-25,2022-07-01,Same Day,CU-1120,Jessica Lee,Home Office,Nevada,West,PRD-OFF-6665,Office Supplies,Paper,Paper Item 237,159.34,1,0.1,12.16
1269,CA-2022-174357,2022-09-30,2022-10-05,Standard Class,CU-1014,Charles Miller,Home Office,California,West,PRD-TEC-8820,Technology,Machines,Machines Item 451,5020.95,9,0.1,394.9
1270,CA-2021-527063,2021-10-13,2021-10-20,Second Class,CU-1006,Linda White,Home Office,Mississippi,South,PRD-TEC-8393,Technology,Accessories,Accessories Item 381,4931.24,4,0,-330.02
1271,CA-2023-196704,2023-05-07,2023-05-08,First Class,CU-1085,Omar Williams,Consumer,Michigan,Central,PRD-FUR-1702,Furniture,Chairs,Chairs Item 949,1429.07,3,0.4,462.02
1272,CA-2022-616293,2022-11-23,2022-11-25,Same Day,CU-1093,Patricia Brown,Home Office,New York,East,PRD-FUR-3110,Furniture,Furnishings,Furnishings Item 536,793.43,1,0,-37.74
1273,CA-2021-158077,2021-03-28,2021-03-30,First Class,CU-1199,John Davis,Home Office,Illinois,Central,PRD-OFF-1446,Office Supplies,Envelopes,Envelopes Item 495,578.06,7,0,155.02
1274,CA-2021-881358,2021-05-29,2021-06-01,Second Class,CU-1039,Thomas Garcia,Home Office,Nevada,West,PRD-TEC-8041,Technology,Phones,Phones Item 621,1526.98,4,0.3,91.78
1275,CA-2023-214057,2023-06-13,2023-06-18,Same Day,CU-1140,Linda Jones,Home Office,Washington,West,PRD-FUR-9593,Furniture,Furnishings,Furnishings Item 951,8792.1,9,0,1578.45
1276,CA-2021-353860,2021-03-24,2021-03-25,Same Day,CU-1067,Mary Thompson,Consumer,Oregon,West,PRD-FUR-9660,Furniture,Chairs,Chairs Item 239,1921.1,4,0.1,220.16
1277,CA-2022-776473,2022-03-11,2022-03-13,Standard Class,CU-1104,Susan Johnson,Corporate,New York,East,PRD-FUR-1295,Furniture,Chairs,Chairs Item 720,1010.53,2,0.5,213.22
1278,CA-2023-709058,2023-01-25,2023-01-30,First Class,CU-1012,Karen Brown,Corporate,Arizona,West,PRD-OFF-8423,Office Supplies,Paper,Paper Item 361,584.75,5,0,129.58
1279,CA-2023-726891,2023-04-06,2023-04-13,Same Day,CU-1149,Fatima Martin,Corporate,Pennsylvania,East,PRD-OFF-9555,Office Supplies,Art,Art Item 402,417.27,5,0.5,-24.89
1280,CA-2023-502756,2023-01-20,2023-01-25,Second Class,CU-1037,Patricia Moore,Corporate,North Carolina,East,PRD-OFF-9199,Office Supplies,Envelopes,Envelopes Item 417,553.15,6,0.2,-50.02
1281,CA-2022-299623,2022-02-03,2022-02-05,Second Class,CU-1145,Fatima White,Home Office,Wisconsin,Central,PRD-TEC-1897,Technology,Accessories,Accessories Item 517,4716.09,5,0.4,386.23
1282,CA-2024-262530,2024-02-17,2024-02-21,Same Day,CU-1159,James Anderson,Corporate,Illinois,Central,PRD-FUR-3849,Furniture,Chairs,Chairs Item 867,10215.38,7,0,1929.39
1283,CA-2024-339191,2024-02-25,2024-03-02,First Class,CU-1055,Priya Johnson,Corporate,Oregon,West,PRD-OFF-9523,Office Supplies,Envelopes,Envelopes Item 241,1638.27,10,0.1,498.58
1284,CA-2021-958545,2021-02-05,2021-02-12,First Class,CU-1168,David Miller,Corporate,Mississippi,South,PRD-FUR-8113,Furniture,Chairs,Chairs Item 449,9340.17,7,0,3191.71
1285,CA-2021-719196,2021-10-29,2021-11-02,Same Day,CU-1007,Chen Smith,Consumer,Wisconsin,Central,PRD-FUR-6647,Furniture,Tables,Tables Item 516,502.32,5,0.4,79.27
1286,CA-2022-689083,2022-03-20,2022-03-21,Standard Class,CU-1161,Sarah Davis,Corporate,Illinois,Central,PRD-FUR-2969,Furniture,Furnishings,Furnishings Item 357,2429.15,3,0.3,381.81
1287,CA-2023-256187,2023-03-28,2023-04-02,First Class,CU-1049,Maria Moore,Corporate,Tennessee,South,PRD-TEC-4665,Technology,Machines,Machines Item 101,1716.54,1,0,197.9
1288,CA-2023-509650,2023-06-09,2023-06-14,Standard Class,CU-1001,Linda Davis,Consumer,Arizona,West,PRD-FUR-2229,Furniture,Chairs,Chairs Item 183,1506.66,2,0.4,190.98
1289,CA-2024-963565,2024-06-07,2024-06-10,Standard Class,CU-1171,Ahmed Thompson,Consumer,Georgia,South,PRD-TEC-2198,Technology,Phones,Phones Item 978,6043.69,7,0.2,-386.51
1290,CA-2021-527599,2021-04-22,2021-04-26,Same Day,CU-1188,Ahmed Martin,Home Office,Tennessee,South,PRD-TEC-4612,Technology,Accessories,Accessories Item 752,8908.27,7,0,2035.45
1291,CA-2021-562054,2021-02-04,2021-02-08,Same Day,CU-1071,James Thomas,Corporate,Michigan,Central,PRD-FUR-7606,Furniture,Bookcases,Bookcases Item 881,173.3,3,0.5,51.72
1292,CA-2024-461287,2024-05-06,2024-05-08,Same Day,CU-1105,Carlos Davis,Home Office,Washington,West,PRD-TEC-2094,Technology,Phones,Phones Item 887,14796.16,8,0,5058.69
1293,CA-2021-649434,2021-02-16,2021-02-20,Standard Class,CU-1199,John Davis,Home Office,Michigan,Central,PRD-OFF-3173,Office Supplies,Labels,Labels Item 421,87.4,4,0.5,0.39
1294,CA-2022-233391,2022-02-19,2022-02-22,Same Day,CU-1091,Lisa Martin,Consumer,Georgia,South,PRD-FUR-3691,Furniture,Chairs,Chairs Item 794,6268.23,9,0.5,-596.81
1295,CA-2024-100487,2024-05-19,2024-05-21,Second Class,CU-1026,Michael Harris,Corporate,Illinois,Central,PRD-FUR-9122,Furniture,Chairs,Chairs Item 659,1861.12,7,0.3,-75.26
1296,CA-2023-299635,2023-02-10,2023-02-11,Standard Class,CU-1146,Wei Thompson,Corporate,Virginia,East,PRD-TEC-3763,Technology,Copiers,Copiers Item 985,4526.06,9,0.2,754.27
1297,CA-2021-514804,2021-04-08,2021-04-10,Standard Class,CU-1148,Fatima Davis,Home Office,Tennessee,South,PRD-FUR-4356,Furniture,Chairs,Chairs Item 798,3043.81,7,0,19.57
1298,CA-2023-660130,2023-03-27,2023-03-31,Same Day,CU-1064,Michael Thompson,Corporate,New York,East,PRD-TEC-2231,Technology,Accessories,Accessories Item 114,10809.52,8,0,3370.7
1299,CA-2023-717604,2023-10-04,2023-10-11,Standard Class,CU-1041,Robert Anderson,Consumer,California,West,PRD-OFF-9947,Office Supplies,Fasteners,Fasteners Item 448,134.18,4,0.4,-3.06
1300,CA-2024-559203,2024-11-07,2024-11-12,Second Class,CU-1188,Ahmed Martin,Home Office,Alabama,South,PRD-TEC-3903,Technology,Copiers,Copiers Item 656,4715.19,9,0,1327.96
1301,CA-2023-454912,2023-04-17,2023-04-18,Standard Class,CU-1174,Wei Smith,Home Office,Virginia,East,PRD-TEC-2949,Technology,Copiers,Copiers Item 564,7593.26,8,0.4,616.96
1302,CA-2023-620580,2023-04-05,2023-04-12,Second Class,CU-1122,Mary Jackson,Consumer,New York,East,PRD-TEC-3353,Technology,Copiers,Copiers Item 186,761.92,1,0,52.76
1303,CA-2022-759737,2022-01-05,2022-01-07,Second Class,CU-1168,David Miller,Corporate,Georgia,South,PRD-FUR-6489,Furniture,Bookcases,Bookcases Item 652,2083.84,2,0.3,-194.48
1304,CA-2024-524604,2024-11-07,2024-11-10,Standard Class,CU-1114,Carlos Miller,Corporate,Texas,South,PRD-OFF-3273,Office Supplies,Fasteners,Fasteners Item 435,1188.0,9,0,-79.91
1305,CA-2023-723033,2023-07-25,2023-08-01,Second Class,CU-1145,Fatima White,Home Office,Minnesota,Central,PRD-TEC-1264,Technology,Machines,Machines Item 262,7087.92,7,0.2,1789.75
1306,CA-2022-135558,2022-11-09,2022-11-16,Same Day,CU-1032,Anna Garcia,Home Office,Illinois,Central,PRD-OFF-5781,Office Supplies,Envelopes,Envelopes Item 763,1158.16,10,0.2,148.61
1307,CA-2024-987237,2024-05-25,2024-05-28,Standard Class,CU-1033,Lisa Williams,Corporate,Michigan,Central,PRD-OFF-1586,Office Supplies,Paper,Paper Item 811,181.55,5,0.5,60.47
1308,CA-2021-287739,2021-07-07,2021-07-10,Same Day,CU-1167,Jennifer Johnson,Corporate,Minnesota,Central,PRD-TEC-8405,Technology,Copiers,Copiers Item 381,6869.24,7,0,-605.88
1309,CA-2024-854354,2024-06-11,2024-06-12,Same Day,CU-1097,John Jackson,Corporate,California,West,PRD-OFF-8151,Office Supplies,Appliances,Appliances Item 617,652.68,10,0.4,93.91
1310,CA-2021-641187,2021-09-23,2021-09-26,Same Day,CU-1127,Maria Moore,Home Office,Pennsylvania,East,PRD-OFF-1010,Office Supplies,Envelopes,Envelopes Item 508,111.41,1,0.3,23.03
1311,CA-2024-930897,2024-10-29,2024-11-04,Standard Class,CU-1164,Wei White,Consumer,Washington,West,PRD-TEC-7392,Technology,Machines,Machines Item 490,6201.61,5,0.3,1488.42
1312,CA-2022-578816,2022-11-11,2022-11-17,Standard Class,CU-1186,Jessica Anderson,Home Office,Wisconsin,Central,PRD-OFF-6613,Office Supplies,Binders,Binders Item 972,75.48,2,0,18.89
1313,CA-2022-649018,2022-05-30,2022-06-01,Same Day,CU-1095,Maria Taylor,Consumer,Tennessee,South,PRD-FUR-5040,Furniture,Furnishings,Furnishings Item 749,756.22,4,0.2,-12.43
1314,CA-2024-382331,2024-03-25,2024-04-01,Second Class,CU-1034,Lisa White,Home Office,Mississippi,South,PRD-FUR-3693,Furniture,Tables,Tables Item 366,12977.1,9,0,688.87
1315,CA-2022-898488,2022-01-18,2022-01-23,Second Class,CU-1020,Lisa Garcia,Home Office,Virginia,East,PRD-FUR-4631,Furniture,Furnishings,Furnishings Item 989,3611.64,6,0,294.87
1316,CA-2022-737468,2022-12-05,2022-12-10,Standard Class,CU-1177,Fatima Anderson,Consumer,Washington,West,PRD-OFF-7409,Office Supplies,Storage,Storage Item 478,691.16,4,0,105.04
1317,CA-2024-644142,2024-08-15,2024-08-19,First Class,CU-1093,Patricia Brown,Home Office,New York,East,PRD-FUR-5707,Furniture,Furnishings,Furnishings Item 944,463.26,1,0.5,114.82
1318,CA-2021-421513,2021-01-16,2021-01-18,Standard Class,CU-1066,Linda Williams,Corporate,Washington,West,PRD-OFF-4262,Office Supplies,Paper,Paper Item 634,183.21,2,0.5,-4.73
1319,CA-2024-382207,2024-04-06,2024-04-08,First Class,CU-1180,Richard Miller,Consumer,Virginia,East,PRD-TEC-8433,Technology,Phones,Phones Item 210,3277.32,4,0,151.94
1320,CA-2022-327117,2022-02-19,2022-02-20,First Class,CU-1083,Linda Wilson,Corporate,Virginia,East,PRD-OFF-9593,Office Supplies,Fasteners,Fasteners Item 199,1066.74,10,0.4,121.75
1321,CA-2023-432734,2023-07-06,2023-07-13,First Class,CU-1060,Susan Jackson,Corporate,Minnesota,Central,PRD-TEC-2427,Technology,Phones,Phones Item 136,4228.2,3,0,116.55
1322,CA-2021-501533,2021-12-30,2022-01-03,Same Day,CU-1198,Karen Smith,Home Office,Virginia,East,PRD-OFF-1110,Office Supplies,Paper,Paper Item 378,150.57,9,0,36.29
1323,CA-2022-639236,2022-04-27,2022-05-04,Same Day,CU-1092,Omar Brown,Consumer,Georgia,South,PRD-OFF-8014,Office Supplies,Storage,Storage Item 526,375.04,3,0.3,56.57
1324,CA-2024-535696,2024-04-10,2024-04-15,First Class,CU-1014,Charles Miller,Home Office,Oregon,West,PRD-FUR-6535,Furniture,Furnishings,Furnishings Item 622,6490.05,5,0,789.97
1325,CA-2024-456029,2024-01-14,2024-01-20,First Class,CU-1086,Lisa Young,Consumer,Oregon,West,PRD-OFF-3111,Office Supplies,Art,Art Item 411,761.18,6,0.2,-15.22
1326,CA-2021-826852,2021-06-19,2021-06-26,Standard Class,CU-1157,Richard Young,Home Office,California,West,PRD-FUR-1702,Furniture,Bookcases,Bookcases Item 259,4202.64,3,0,1248.69
1327,CA-2024-714812,2024-08-02,2024-08-04,Standard Class,CU-1078,John Lee,Consumer,Virginia,East,PRD-OFF-6199,Office Supplies,Envelopes,Envelopes Item 170,122.28,4,0,31.75
1328,CA-2022-603871,2022-10-26,2022-10-29,Same Day,CU-1053,Charles Davis,Consumer,California,West,PRD-TEC-5659,Technology,Accessories,Accessories Item 971,13404.6,9,0,372.1
1329,CA-2024-504567,2024-06-17,2024-06-21,Second Class,CU-1133,Thomas Harris,Home Office,North Carolina,East,PRD-OFF-8226,Office Supplies,Appliances,Appliances Item 836,1388.16,8,0.1,125.47
1330,CA-2021-106674,2021-11-03,2021-11-09,Second Class,CU-1074,Mary Young,Home Office,Nevada,West,PRD-TEC-3832,Technology,Machines,Machines Item 824,3668.58,6,0,501.21
1331,CA-2021-976964,2021-10-01,2021-10-03,Second Class,CU-1139,Maria Thomas,Corporate,Illinois,Central,PRD-TEC-2517,Technology,Accessories,Accessories Item 160,3292.6,10,0,599.62
1332,CA-2021-356637,2021-07-04,2021-07-09,Same Day,CU-1096,Thomas Harris,Corporate,California,West,PRD-FUR-9724,Furniture,Bookcases,Bookcases Item 269,494.73,3,0.5,27.34
1333,CA-2023-840469,2023-04-08,2023-04-13,Second Class,CU-1196,Chen Wilson,Corporate,Alabama,South,PRD-TEC-5265,Technology,Copiers,Copiers Item 864,2707.07,3,0.5,294.85
1334,CA-2024-607336,2024-07-09,2024-07-12,Second Class,CU-1092,Omar Brown,Consumer,Mississippi,South,PRD-TEC-2478,Technology,Copiers,Copiers Item 623,13210.19,10,0.3,-474.24
1335,CA-2023-680701,2023-02-23,2023-03-01,Same Day,CU-1198,Karen Smith,Home Office,Florida,East,PRD-TEC-2981,Technology,Phones,Phones Item 760,1121.28,1,0,250.3
1336,CA-2021-820878,2021-05-10,2021-05-14,Same Day,CU-1120,Jessica Lee,Home Office,Washington,West,PRD-TEC-1479,Technology,Accessories,Accessories Item 433,7421.2,4,0,2452.79
1337,CA-2021-694411,2021-11-14,2021-11-19,Same Day,CU-1046,Robert Harris,Home Office,Pennsylvania,East,PRD-OFF-2234,Office Supplies,Envelopes,Envelopes Item 755,344.32,3,0.4,89.43
1338,CA-2024-250861,2024-02-07,2024-02-12,First Class,CU-1077,Mary Martin,Consumer,Pennsylvania,East,PRD-TEC-9850,Technology,Accessories,Accessories Item 308,7667.03,6,0.1,1956.69
1339,CA-2022-538174,2022-09-23,2022-09-26,Same Day,CU-1081,Jessica Young,Home Office,Mississippi,South,PRD-TEC-1320,Technology,Copiers,Copiers Item 684,2288.59,8,0.4,69.64
1340,CA-2022-950147,2022-06-04,2022-06-09,Second Class,CU-1085,Omar Williams,Consumer,Michigan,Central,PRD-FUR-3856,Furniture,Chairs,Chairs Item 550,3669.2,8,0.5,-362.48
1341,CA-2021-358462,2021-04-24,2021-04-27,Same Day,CU-1017,William White,Home Office,Georgia,South,PRD-OFF-9502,Office Supplies,Appliances,Appliances Item 348,65.49,2,0.3,-2.47
1342,CA-2021-808020,2021-02-27,2021-03-06,First Class,CU-1033,Lisa Williams,Corporate,Ohio,Central,PRD-TEC-3838,Technology,Accessories,Accessories Item 138,10303.65,7,0,1510.42
1343,CA-2024-736045,2024-02-10,2024-02-14,Same Day,CU-1011,Lisa Wilson,Consumer,Michigan,Central,PRD-OFF-6855,Office Supplies,Appliances,Appliances Item 289,580.86,6,0.3,116.35
1344,CA-2023-937489,2023-03-19,2023-03-20,Standard Class,CU-1060,Susan Jackson,Corporate,Wisconsin,Central,PRD-TEC-2343,Technology,Accessories,Accessories Item 934,8806.86,5,0.1,2775.44
1345,CA-2022-582570,2022-10-19,2022-10-20,Second Class,CU-1146,Wei Thompson,Corporate,North Carolina,East,PRD-TEC-3444,Technology,Machines,Machines Item 758,7001.64,4,0,-628.2
1346,CA-2024-465164,2024-04-16,2024-04-22,Standard Class,CU-1147,Ahmed Harris,Corporate,Georgia,South,PRD-OFF-9378,Office Supplies,Binders,Binders Item 297,175.08,5,0.2,34.0
1347,CA-2022-704555,2022-02-07,2022-02-08,Standard Class,CU-1014,Charles Miller,Home Office,Arizona,West,PRD-FUR-2886,Furniture,Furnishings,Furnishings Item 248,2079.12,4,0.5,-120.97
1348,CA-2024-867301,2024-07-20,2024-07-22,Second Class,CU-1101,Priya Jones,Home Office,California,West,PRD-TEC-3287,Technology,Phones,Phones Item 154,420.38,3,0.5,35.54
1349,CA-2024-221565,2024-10-11,2024-10-12,Same Day,CU-1029,Ahmed Young,Corporate,Wisconsin,Central,PRD-TEC-1522,Technology,Copiers,Copiers Item 557,605.06,2,0,-49.11
1350,CA-2024-654859,2024-09-17,2024-09-23,Second Class,CU-1034,Lisa White,Home Office,Tennessee,South,PRD-FUR-4153,Furniture,Tables,Tables Item 541,10149.84,10,0.1,-845.88
1351,CA-2022-114060,2022-03-03,2022-03-08,Same Day,CU-1097,John Jackson,Corporate,Oregon,West,PRD-OFF-5621,Office Supplies,Fasteners,Fasteners Item 280,782.25,5,0,-25.55
1352,CA-2022-928204,2022-08-06,2022-08-07,Second Class,CU-1025,John Miller,Home Office,Texas,South,PRD-OFF-3459,Office Supplies,Art,Art Item 710,725.21,6,0.3,247.94
1353,CA-2021-980794,2021-09-21,2021-09-22,First Class,CU-1073,Robert Miller,Corporate,Florida,East,PRD-OFF-1020,Office Supplies,Envelopes,Envelopes Item 924,874.26,6,0,231.42
1354,CA-2024-234430,2024-05-06,2024-05-09,Standard Class,CU-1054,Maria Johnson,Consumer,Arizona,West,PRD-OFF-5513,Office Supplies,Appliances,Appliances Item 295,49.63,2,0.5,-2.31
1355,CA-2024-665852,2024-01-31,2024-02-03,First Class,CU-1108,Priya Jackson,Consumer,Virginia,East,PRD-FUR-2227,Furniture,Furnishings,Furnishings Item 860,1024.98,3,0,17.13
1356,CA-2021-605258,2021-02-22,2021-02-24,Standard Class,CU-1199,John Davis,Home Office,Ohio,Central,PRD-TEC-9107,Technology,Copiers,Copiers Item 384,3743.37,6,0.5,14.46
1357,CA-2024-164506,2024-05-11,2024-05-16,Same Day,CU-1015,Mary Davis,Corporate,Washington,West,PRD-FUR-3129,Furniture,Chairs,Chairs Item 229,9079.63,7,0,776.79
1358,CA-2024-459022,2024-08-24,2024-08-25,Second Class,CU-1072,Barbara Jackson,Home Office,Wisconsin,Central,PRD-FUR-1960,Furniture,Bookcases,Bookcases Item 227,284.88,1,0.2,-24.34
1359,CA-2023-620499,2023-01-14,2023-01-18,First Class,CU-1004,Linda Martin,Home Office,Arizona,West,PRD-OFF-7076,Office Supplies,Appliances,Appliances Item 553,1003.18,7,0.2,180.88
1360,CA-2023-545823,2023-02-01,2023-02-04,First Class,CU-1151,Linda Wilson,Corporate,Tennessee,South,PRD-TEC-5114,Technology,Accessories,Accessories Item 572,13528.64,8,0,3741.3
1361,CA-2021-681898,2021-08-15,2021-08-16,Standard Class,CU-1111,Richard Johnson,Corporate,New York,East,PRD-TEC-2644,Technology,Phones,Phones Item 560,272.45,1,0.4,40.66
1362,CA-2021-269737,2021-07-04,2021-07-08,Standard Class,CU-1102,Wei Anderson,Home Office,Virginia,East,PRD-FUR-3426,Furniture,Chairs,Chairs Item 706,1091.29,9,0.3,110.76
1363,CA-2022-163755,2022-12-03,2022-12-09,Second Class,CU-1007,Chen Smith,Consumer,Illinois,Central,PRD-FUR-1882,Furniture,Chairs,Chairs Item 573,415.8,9,0.5,-22.56
1364,CA-2022-150120,2022-11-12,2022-11-13,First Class,CU-1182,Chen Young,Consumer,Georgia,South,PRD-FUR-4220,Furniture,Bookcases,Bookcases Item 125,2262.48,8,0.4,-48.1
1365,CA-2023-465883,2023-06-11,2023-06-13,Same Day,CU-1004,Linda Martin,Home Office,Arizona,West,PRD-OFF-4351,Office Supplies,Storage,Storage Item 223,796.1,7,0.2,98.14
1366,CA-2022-803647,2022-11-15,2022-11-17,Second Class,CU-1143,Karen Davis,Consumer,Illinois,Central,PRD-TEC-8156,Technology,Copiers,Copiers Item 942,8869.63,8,0.4,2663.87
1367,CA-2022-167187,2022-12-25,2022-12-30,Second Class,CU-1038,Joseph Smith,Home Office,Texas,South,PRD-OFF-7602,Office Supplies,Envelopes,Envelopes Item 524,69.6,8,0,23.73
1368,CA-2022-757286,2022-09-29,2022-10-02,Standard Class,CU-1108,Priya Jackson,Consumer,New York,East,PRD-OFF-3036,Office Supplies,Binders,Binders Item 358,14.86,2,0.5,2.97
1369,CA-2024-714008,2024-09-03,2024-09-06,First Class,CU-1009,Fatima Taylor,Consumer,California,West,PRD-TEC-2077,Technology,Phones,Phones Item 424,503.1,10,0.1,100.86
1370,CA-2022-738424,2022-06-08,2022-06-13,First Class,CU-1044,Mary Davis,Home Office,California,West,PRD-OFF-9670,Office Supplies,Binders,Binders Item 604,991.38,10,0.4,250.32
1371,CA-2024-308314,2024-08-20,2024-08-21,Standard Class,CU-1163,Carlos Thomas,Home Office,Pennsylvania,East,PRD-FUR-7258,Furniture,Furnishings,Furnishings Item 201,3314.47,7,0.2,-179.23
1372,CA-2023-151489,2023-09-21,2023-09-24,First Class,CU-1038,Joseph Smith,Home Office,Georgia,South,PRD-FUR-8158,Furniture,Furnishings,Furnishings Item 287,1491.8,4,0,362.49
1373,CA-2024-724029,2024-10-03,2024-10-08,Same Day,CU-1053,Charles Davis,Consumer,Arizona,West,PRD-FUR-8058,Furniture,Chairs,Chairs Item 968,102.78,1,0.2,-2.64
1374,CA-2021-589966,2021-02-23,2021-02-25,Second Class,CU-1169,David Thomas,Corporate,Ohio,Central,PRD-TEC-1449,Technology,Copiers,Copiers Item 745,447.18,2,0,124.52
1375,CA-2021-672257,2021-07-14,2021-07-21,First Class,CU-1169,David Thomas,Corporate,Michigan,Central,PRD-TEC-2834,Technology,Accessories,Accessories Item 185,5822.75,10,0.5,1778.12
1376,CA-2024-756367,2024-01-06,2024-01-11,Standard Class,CU-1113,Wei Davis,Consumer,California,West,PRD-OFF-5982,Office Supplies,Labels,Labels Item 647,233.1,2,0.4,70.48
1377,CA-2021-473346,2021-09-04,2021-09-08,Same Day,CU-1035,Karen Smith,Home Office,Washington,West,PRD-OFF-2011,Office Supplies,Envelopes,Envelopes Item 931,701.01,9,0,99.96
1378,CA-2024-539130,2024-01-12,2024-01-13,Same Day,CU-1006,Linda White,Home Office,Tennessee,South,PRD-FUR-7230,Furniture,Bookcases,Bookcases Item 676,2496.7,2,0,696.46
1379,CA-2024-195948,2024-05-04,2024-05-08,Second Class,CU-1021,Jennifer White,Corporate,Tennessee,South,PRD-OFF-7938,Office Supplies,Paper,Paper Item 673,1286.93,9,0.2,329.66
1380,CA-2023-888693,2023-08-07,2023-08-13,Standard Class,CU-1129,Carlos Garcia,Home Office,Georgia,South,PRD-FUR-2931,Furniture,Furnishings,Furnishings Item 364,326.93,5,0.3,1.05
1381,CA-2023-471835,2023-05-18,2023-05-19,Same Day,CU-1022,Omar Thompson,Consumer,Mississippi,South,PRD-FUR-4672,Furniture,Chairs,Chairs Item 441,8767.98,9,0,1046.7
1382,CA-2022-916872,2022-12-27,2022-12-28,Second Class,CU-1185,James Jackson,Corporate,Nevada,West,PRD-FUR-5637,Furniture,Furnishings,Furnishings Item 955,2912.4,5,0.4,628.8
1383,CA-2023-360733,2023-02-25,2023-03-02,Same Day,CU-1156,Jessica Johnson,Consumer,Minnesota,Central,PRD-OFF-8273,Office Supplies,Labels,Labels Item 111,45.44,1,0.2,-1.44
1384,CA-2022-504682,2022-11-24,2022-11-25,First Class,CU-1039,Thomas Garcia,Home Office,Arizona,West,PRD-TEC-9957,Technology,Accessories,Accessories Item 228,9192.6,10,0.4,219.22
1385,CA-2024-916489,2024-03-21,2024-03-28,Same Day,CU-1000,Anna Brown,Consumer,Mississippi,South,PRD-TEC-8141,Technology,Machines,Machines Item 240,11409.17,9,0.1,2011.85
1386,CA-2023-889467,2023-09-10,2023-09-12,Standard Class,CU-1066,Linda Williams,Corporate,Nevada,West,PRD-OFF-2210,Office Supplies,Appliances,Appliances Item 319,65.1,7,0,-3.9
1387,CA-2022-793298,2022-05-24,2022-05-27,Second Class,CU-1028,Ahmed Thompson,Home Office,Mississippi,South,PRD-OFF-7678,Office Supplies,Fasteners,Fasteners Item 100,164.12,7,0.1,18.68
1388,CA-2022-366875,2022-05-25,2022-05-26,Same Day,CU-1087,Karen Miller,Home Office,Georgia,South,PRD-FUR-6903,Furniture,Chairs,Chairs Item 385,7057.5,6,0,2184.33
1389,CA-2023-374918,2023-10-12,2023-10-14,Same Day,CU-1192,Priya White,Consumer,Michigan,Central,PRD-TEC-5482,Technology,Phones,Phones Item 128,7117.52,6,0.1,1520.7
1390,CA-2023-166248,2023-04-04,2023-04-11,Standard Class,CU-1145,Fatima White,Home Office,Minnesota,Central,PRD-FUR-9955,Furniture,Furnishings,Furnishings Item 745,1557.79,9,0.2,261.0
1391,CA-2024-102990,2024-01-14,2024-01-20,Second Class,CU-1010,Richard Brown,Corporate,Mississippi,South,PRD-FUR-9470,Furniture,Furnishings,Furnishings Item 968,429.1,2,0.5,9.39
1392,CA-2022-293680,2022-10-31,2022-11-05,First Class,CU-1026,Michael Harris,Corporate,Ohio,Central,PRD-FUR-7485,Furniture,Furnishings,Furnishings Item 813,5269.94,9,0.1,1130.38
1393,CA-2023-631337,2023-06-21,2023-06-24,Standard Class,CU-1158,Yuki Young,Corporate,Wisconsin,Central,PRD-FUR-1807,Furniture,Bookcases,Bookcases Item 213,2545.06,6,0.2,866.6
1394,CA-2021-728210,2021-10-04,2021-10-10,Standard Class,CU-1031,John Johnson,Consumer,North Carolina,East,PRD-OFF-7250,Office Supplies,Fasteners,Fasteners Item 811,1432.51,8,0.1,306.05
1395,CA-2021-597529,2021-08-21,2021-08-22,Standard Class,CU-1011,Lisa Wilson,Consumer,Michigan,Central,PRD-TEC-6150,Technology,Copiers,Copiers Item 354,4016.21,4,0.4,-27.26
1396,CA-2021-707407,2021-07-24,2021-07-29,First Class,CU-1105,Carlos Davis,Home Office,Washington,West,PRD-FUR-1405,Furniture,Bookcases,Bookcases Item 708,560.2,10,0.5,-54.08
1397,CA-2022-242487,2022-09-09,2022-09-16,Second Class,CU-1167,Jennifer Johnson,Corporate,Wisconsin,Central,PRD-FUR-5488,Furniture,Bookcases,Bookcases Item 904,276.71,1,0.4,96.68
1398,CA-2024-552292,2024-06-10,2024-06-14,Standard Class,CU-1189,Lisa Thompson,Corporate,Wisconsin,Central,PRD-FUR-6091,Furniture,Furnishings,Furnishings Item 422,5712.43,6,0.2,-155.25
1399,CA-2023-564619,2023-10-01,2023-10-08,Same Day,CU-1108,Priya Jackson,Consumer,Virginia,East,PRD-FUR-9297,Furniture,Chairs,Chairs Item 924,5215.37,5,0.1,-70.25
1400,CA-2023-354297,2023-05-21,2023-05-23,Same Day,CU-1155,Jessica Taylor,Home Office,Illinois,Central,PRD-FUR-6513,Furniture,Bookcases,Bookcases Item 817,8269.94,7,0,2040.12
1401,CA-2021-763354,2021-08-11,2021-08-15,Second Class,CU-1074,Mary Young,Home Office,California,West,PRD-FUR-4059,Furniture,Bookcases,Bookcases Item 221,26.08,1,0.4,-0.73
1402,CA-2022-899053,2022-08-26,2022-08-28,Same Day,CU-1044,Mary Davis,Home Office,Washington,West,PRD-FUR-2103,Furniture,Furnishings,Furnishings Item 499,3892.88,8,0,948.75
1403,CA-2021-394577,2021-06-11,2021-06-13,Standard Class,CU-1007,Chen Smith,Consumer,Illinois,Central,PRD-OFF-9471,Office Supplies,Paper,Paper Item 754,876.43,6,0.2,122.73
1404,CA-2021-662928,2021-01-13,2021-01-20,Same Day,CU-1099,Jennifer White,Home Office,Illinois,Central,PRD-TEC-9102,Technology,Phones,Phones Item 672,6340.38,10,0.4,738.91
1405,CA-2021-705908,2021-06-12,2021-06-14,Same Day,CU-1032,Anna Garcia,Home Office,Ohio,Central,PRD-OFF-7693,Office Supplies,Storage,Storage Item 911,149.23,1,0.2,15.04
1406,CA-2024-545632,2024-07-31,2024-08-07,Standard Class,CU-1067,Mary Thompson,Consumer,Washington,West,PRD-TEC-8843,Technology,Accessories,Accessories Item 450,370.25,3,0.2,1.1
1407,CA-2022-717340,2022-12-10,2022-12-16,Standard Class,CU-1058,Linda Harris,Corporate,Florida,East,PRD-OFF-5337,Office Supplies,Art,Art Item 626,904.4,8,0,59.53
1408,CA-2021-804380,2021-09-19,2021-09-20,First Class,CU-1044,Mary Davis,Home Office,Oregon,West,PRD-OFF-8032,Office Supplies,Envelopes,Envelopes Item 360,302.4,5,0.2,-23.82
1409,CA-2022-589919,2022-08-08,2022-08-14,Second Class,CU-1078,John Lee,Consumer,Virginia,East,PRD-FUR-8331,Furniture,Tables,Tables Item 392,348.77,2,0.1,-10.68
1410,CA-2024-872254,2024-06-13,2024-06-20,Standard Class,CU-1197,Priya Lee,Home Office,Mississippi,South,PRD-OFF-4979,Office Supplies,Appliances,Appliances Item 780,434.35,8,0.4,105.93
1411,CA-2023-132196,2023-09-30,2023-10-02,Second Class,CU-1075,Ahmed Taylor,Consumer,Washington,West,PRD-TEC-9894,Technology,Copiers,Copiers Item 162,2520.83,2,0.3,558.11
1412,CA-2023-966859,2023-03-04,2023-03-06,First Class,CU-1017,William White,Home Office,Mississippi,South,PRD-TEC-9934,Technology,Machines,Machines Item 615,413.06,4,0.1,19.1
1413,CA-2024-447103,2024-07-02,2024-07-04,Standard Class,CU-1037,Patricia Moore,Corporate,Virginia,East,PRD-TEC-7493,Technology,Machines,Machines Item 551,1722.79,1,0,226.75
1414,CA-2022-170213,2022-08-10,2022-08-15,Second Class,CU-1121,Richard Young,Consumer,Mississippi,South,PRD-FUR-8004,Furniture,Bookcases,Bookcases Item 154,1412.35,5,0.3,25.06
1415,CA-2024-821875,2024-01-01,2024-01-04,Second Class,CU-1136,Linda Miller,Consumer,Washington,West,PRD-TEC-6251,Technology,Copiers,Copiers Item 346,11391.36,8,0,-1059.32
1416,CA-2021-662698,2021-09-10,2021-09-12,Same Day,CU-1164,Wei White,Consumer,Arizona,West,PRD-FUR-9645,Furniture,Bookcases,Bookcases Item 626,5188.86,10,0.4,1788.48
1417,CA-2024-163880,2024-11-15,2024-11-20,Same Day,CU-1198,Karen Smith,Home Office,Pennsylvania,East,PRD-FUR-8363,Furniture,Bookcases,Bookcases Item 797,5317.6,10,0.5,-281.33
1418,CA-2023-138198,2023-02-11,2023-02-13,First Class,CU-1035,Karen Smith,Home Office,Oregon,West,PRD-TEC-4709,Technology,Copiers,Copiers Item 706,1544.97,3,0.1,423.69
1419,CA-2023-349841,2023-12-04,2023-12-06,Second Class,CU-1115,William Williams,Corporate,Georgia,South,PRD-OFF-3574,Office Supplies,Paper,Paper Item 680,197.14,2,0.5,-17.05
1420,CA-2023-639685,2023-11-25,2023-12-02,Second Class,CU-1053,Charles Davis,Consumer,Washington,West,PRD-TEC-4768,Technology,Accessories,Accessories Item 279,858.6,3,0,-80.1
1421,CA-2021-647379,2021-05-10,2021-05-16,Same Day,CU-1000,Anna Brown,Consumer,Texas,South,PRD-FUR-8878,Furniture,Furnishings,Furnishings Item 832,1389.36,7,0,178.62
1422,CA-2021-187672,2021-01-23,2021-01-28,First Class,CU-1098,James Taylor,Consumer,Texas,South,PRD-FUR-4854,Furniture,Tables,Tables Item 666,6727.73,7,0.2,-485.94
1423,CA-2024-772297,2024-08-23,2024-08-25,Same Day,CU-1074,Mary Young,Home Office,Oregon,West,PRD-TEC-6068,Technology,Phones,Phones Item 518,4356.1,5,0,-53.39
1424,CA-2024-202401,2024-10-17,2024-10-24,Second Class,CU-1150,William White,Consumer,Tennessee,South,PRD-TEC-1057,Technology,Phones,Phones Item 478,564.74,1,0.4,176.31
1425,CA-2024-558788,2024-04-19,2024-04-23,Standard Class,CU-1071,James Thomas,Corporate,Michigan,Central,PRD-TEC-2507,Technology,Machines,Machines Item 175,540.02,1,0.4,48.57
1426,CA-2023-190745,2023-01-30,2023-02-02,Second Class,CU-1003,Mary Smith,Consumer,Florida,East,PRD-OFF-2647,Office Supplies,Paper,Paper Item 508,13.27,5,0.5,1.91
1427,CA-2022-748663,2022-07-05,2022-07-12,Standard Class,CU-1157,Richard Young,Home Office,Arizona,West,PRD-FUR-9982,Furniture,Chairs,Chairs Item 307,6298.13,6,0.1,588.58
1428,CA-2021-660249,2021-10-16,2021-10-20,Second Class,CU-1075,Ahmed Taylor,Consumer,Arizona,West,PRD-OFF-9846,Office Supplies,Art,Art Item 543,863.45,7,0,118.79
1429,CA-2023-693234,2023-12-02,2023-12-08,Same Day,CU-1142,Jennifer Martin,Corporate,Arizona,West,PRD-TEC-8024,Technology,Copiers,Copiers Item 284,1916.6,10,0,128.31
1430,CA-2021-576547,2021-06-08,2021-06-13,Second Class,CU-1092,Omar Brown,Consumer,Alabama,South,PRD-FUR-6873,Furniture,Chairs,Chairs Item 565,188.25,3,0,-7.58
1431,CA-2024-971405,2024-03-28,2024-04-02,Standard Class,CU-1161,Sarah Davis,Corporate,Wisconsin,Central,PRD-TEC-7038,Technology,Copiers,Copiers Item 242,9783.35,5,0,2372.2
1432,CA-2023-635294,2023-01-10,2023-01-13,Same Day,CU-1018,Jennifer Anderson,Corporate,Florida,East,PRD-FUR-3260,Furniture,Chairs,Chairs Item 599,5613.36,8,0,1133.53
1433,CA-2024-922144,2024-05-18,2024-05-20,Second Class,CU-1075,Ahmed Taylor,Consumer,Nevada,West,PRD-TEC-8139,Technology,Phones,Phones Item 372,687.63,5,0.4,222.09
1434,CA-2021-600724,2021-10-16,2021-10-21,Same Day,CU-1045,John Harris,Consumer,Pennsylvania,East,PRD-FUR-7003,Furniture,Chairs,Chairs Item 372,977.93,1,0.2,219.5
1435,CA-2024-814096,2024-02-08,2024-02-11,Same Day,CU-1033,Lisa Williams,Corporate,Illinois,Central,PRD-FUR-3318,Furniture,Bookcases,Bookcases Item 229,498.87,1,0,-49.24
1436,CA-2021-702430,2021-01-01,2021-01-07,Standard Class,CU-1093,Patricia Brown,Home Office,Florida,East,PRD-TEC-1865,Technology,Phones,Phones Item 570,2342.89,7,0.3,197.98
1437,CA-2021-988792,2021-10-06,2021-10-09,Second Class,CU-1043,Patricia Anderson,Corporate,Pennsylvania,East,PRD-FUR-2457,Furniture,Tables,Tables Item 597,6683.11,9,0.2,-653.1
1438,CA-2022-822308,2022-01-10,2022-01-12,Second Class,CU-1133,Thomas Harris,Home Office,North Carolina,East,PRD-FUR-9884,Furniture,Furnishings,Furnishings Item 913,276.35,2,0.4,-18.62
1439,CA-2021-169112,2021-01-13,2021-01-17,Standard Class,CU-1197,Priya Lee,Home Office,Tennessee,South,PRD-TEC-3916,Technology,Machines,Machines Item 964,387.14,2,0.3,131.1
1440,CA-2024-430284,2024-09-07,2024-09-08,Standard Class,CU-1118,Charles Wilson,Consumer,California,West,PRD-TEC-8218,Technology,Copiers,Copiers Item 154,1350.49,1,0.1,440.46
1441,CA-2022-134422,2022-02-13,2022-02-14,Same Day,CU-1145,Fatima White,Home Office,Ohio,Central,PRD-FUR-8927,Furniture,Chairs,Chairs Item 362,4914.5,10,0,-481.27
1442,CA-2023-923349,2023-10-30,2023-11-04,First Class,CU-1179,Charles Smith,Corporate,Illinois,Central,PRD-FUR-9550,Furniture,Bookcases,Bookcases Item 579,4887.08,4,0,1265.03
1443,CA-2024-323701,2024-02-12,2024-02-17,Second Class,CU-1105,Carlos Davis,Home Office,Arizona,West,PRD-FUR-7773,Furniture,Bookcases,Bookcases Item 956,2039.6,10,0.5,499.08
1444,CA-2024-855971,2024-07-02,2024-07-09,Same Day,CU-1187,Maria Jones,Corporate,New York,East,PRD-OFF-2158,Office Supplies,Fasteners,Fasteners Item 136,647.72,4,0,-2.62
1445,CA-2021-468883,2021-04-03,2021-04-05,Second Class,CU-1066,Linda Williams,Corporate,Oregon,West,PRD-OFF-6897,Office Supplies,Art,Art Item 548,44.16,3,0.2,-0.18
1446,CA-2022-258737,2022-05-11,2022-05-14,Same Day,CU-1065,Jessica Garcia,Corporate,Wisconsin,Central,PRD-FUR-8033,Furniture,Chairs,Chairs Item 558,4407.45,5,0.4,-363.56
1447,CA-2024-852613,2024-01-28,2024-01-30,Second Class,CU-1049,Maria Moore,Corporate,Mississippi,South,PRD-FUR-4733,Furniture,Bookcases,Bookcases Item 491,4287.15,9,0,184.62
1448,CA-2023-666432,2023-04-12,2023-04-14,First Class,CU-1161,Sarah Davis,Corporate,Michigan,Central,PRD-TEC-1821,Technology,Machines,Machines Item 502,459.38,1,0.5,145.69
1449,CA-2024-469559,2024-06-23,2024-06-26,Same Day,CU-1092,Omar Brown,Consumer,Alabama,South,PRD-TEC-1159,Technology,Machines,Machines Item 708,1355.04,3,0,309.13
1450,CA-2022-440317,2022-11-14,2022-11-21,Same Day,CU-1008,David Wilson,Consumer,North Carolina,East,PRD-TEC-2633,Technology,Phones,Phones Item 185,7373.55,5,0,2214.04
1451,CA-2023-199357,2023-11-06,2023-11-10,Second Class,CU-1025,John Miller,Home Office,Alabama,South,PRD-OFF-1884,Office Supplies,Binders,Binders Item 803,486.18,6,0.5,100.59
1452,CA-2021-124948,2021-12-11,2021-12-17,Second Class,CU-1179,Charles Smith,Corporate,Ohio,Central,PRD-FUR-2362,Furniture,Bookcases,Bookcases Item 798,5912.78,6,0.2,1267.61
1453,CA-2021-241802,2021-06-19,2021-06-25,First Class,CU-1045,John Harris,Consumer,New York,East,PRD-TEC-7843,Technology,Copiers,Copiers Item 877,7468.2,10,0,-711.28
1454,CA-2021-216385,2021-06-11,2021-06-14,Second Class,CU-1179,Charles Smith,Corporate,Illinois,Central,PRD-FUR-6567,Furniture,Tables,Tables Item 132,6964.42,6,0.2,683.0
1455,CA-2021-616227,2021-03-31,2021-04-07,Second Class,CU-1112,Michael White,Corporate,Tennessee,South,PRD-TEC-6999,Technology,Copiers,Copiers Item 759,2862.63,3,0,912.71
1456,CA-2024-969514,2024-09-26,2024-10-03,Standard Class,CU-1007,Chen Smith,Consumer,Ohio,Central,PRD-TEC-1199,Technology,Phones,Phones Item 308,3851.19,7,0.1,1295.64
1457,CA-2021-390910,2021-08-31,2021-09-01,Standard Class,CU-1176,Charles Miller,Corporate,Mississippi,South,PRD-FUR-9892,Furniture,Tables,Tables Item 407,2111.23,4,0.2,-149.93
1458,CA-2021-785707,2021-07-12,2021-07-14,First Class,CU-1160,Yuki Jackson,Home Office,North Carolina,East,PRD-FUR-6578,Furniture,Tables,Tables Item 250,6194.61,6,0.1,1915.29
1459,CA-2023-134873,2023-03-06,2023-03-07,Same Day,CU-1011,Lisa Wilson,Consumer,Michigan,Central,PRD-TEC-7517,Technology,Copiers,Copiers Item 684,18841.1,10,0,3577.1
1460,CA-2021-673293,2021-05-01,2021-05-02,Same Day,CU-1109,Ahmed Taylor,Corporate,North Carolina,East,PRD-FUR-9207,Furniture,Furnishings,Furnishings Item 373,426.65,5,0.1,148.58
1461,CA-2022-303261,2022-03-23,2022-03-29,First Class,CU-1177,Fatima Anderson,Consumer,Washington,West,PRD-OFF-1336,Office Supplies,Labels,Labels Item 102,988.96,10,0.3,284.67
1462,CA-2023-895620,2023-07-28,2023-08-01,First Class,CU-1100,Karen Smith,Consumer,Nevada,West,PRD-TEC-2194,Technology,Machines,Machines Item 605,332.52,1,0.3,90.71
1463,CA-2022-236323,2022-10-04,2022-10-07,First Class,CU-1054,Maria Johnson,Consumer,Nevada,West,PRD-FUR-2001,Furniture,Tables,Tables Item 742,1128.46,2,0.2,-19.53
1464,CA-2024-256711,2024-12-09,2024-12-16,First Class,CU-1047,William Martin,Home Office,Wisconsin,Central,PRD-TEC-1523,Technology,Accessories,Accessories Item 685,10315.32,6,0,-960.82
1465,CA-2024-473470,2024-10-18,2024-10-19,Same Day,CU-1010,Richard Brown,Corporate,Alabama,South,PRD-TEC-2911,Technology,Phones,Phones Item 190,4895.01,9,0,-155.86
1466,CA-2023-933175,2023-06-29,2023-07-01,First Class,CU-1098,James Taylor,Consumer,Alabama,South,PRD-TEC-9897,Technology,Phones,Phones Item 561,5752.47,6,0.5,289.56
1467,CA-2022-279298,2022-01-17,2022-01-18,First Class,CU-1082,Omar Wilson,Consumer,Mississippi,South,PRD-OFF-4936,Office Supplies,Art,Art Item 529,221.59,3,0.1,72.89
1468,CA-2021-248337,2021-01-18,2021-01-24,First Class,CU-1171,Ahmed Thompson,Consumer,Georgia,South,PRD-FUR-8591,Furniture,Bookcases,Bookcases Item 125,2190.31,9,0.2,236.28
1469,CA-2021-566529,2021-09-16,2021-09-17,First Class,CU-1177,Fatima Anderson,Consumer,Arizona,West,PRD-TEC-8068,Technology,Phones,Phones Item 817,1470.06,3,0,-27.31
1470,CA-2024-737528,2024-08-18,2024-08-25,Standard Class,CU-1043,Patricia Anderson,Corporate,New York,East,PRD-OFF-9009,Office Supplies,Fasteners,Fasteners Item 840,1091.1,6,0,147.31
1471,CA-2024-554803,2024-03-04,2024-03-05,Same Day,CU-1001,Linda Davis,Consumer,Oregon,West,PRD-TEC-2336,Technology,Phones,Phones Item 847,3063.98,4,0.3,452.27
1472,CA-2024-586277,2024-03-11,2024-03-17,Second Class,CU-1150,William White,Consumer,Tennessee,South,PRD-OFF-6565,Office Supplies,Appliances,Appliances Item 342,158.88,2,0,34.79
1473,CA-2024-999762,2024-12-03,2024-12-08,Same Day,CU-1122,Mary Jackson,Consumer,North Carolina,East,PRD-TEC-9340,Technology,Phones,Phones Item 382,9440.4,10,0.5,2875.99
1474,CA-2021-200636,2021-04-20,2021-04-26,Second Class,CU-1084,Carlos Moore,Corporate,Tennessee,South,PRD-OFF-4502,Office Supplies,Fasteners,Fasteners Item 729,293.52,8,0,-5.89
1475,CA-2021-979422,2021-09-19,2021-09-25,Second Class,CU-1075,Ahmed Taylor,Consumer,Arizona,West,PRD-TEC-5567,Technology,Accessories,Accessories Item 770,433.06,1,0.2,11.01
1476,CA-2023-215035,2023-12-11,2023-12-17,First Class,CU-1054,Maria Johnson,Consumer,Washington,West,PRD-TEC-3073,Technology,Copiers,Copiers Item 853,11022.84,10,0.1,2375.37
1477,CA-2021-764843,2021-09-19,2021-09-20,First Class,CU-1160,Yuki Jackson,Home Office,New York,East,PRD-TEC-8191,Technology,Phones,Phones Item 609,1431.24,3,0,-59.02
1478,CA-2024-355537,2024-11-25,2024-11-26,Standard Class,CU-1091,Lisa Martin,Consumer,Georgia,South,PRD-FUR-1770,Furniture,Tables,Tables Item 516,1385.84,3,0.4,70.62
1479,CA-2022-815319,2022-02-08,2022-02-09,Second Class,CU-1064,Michael Thompson,Corporate,Florida,East,PRD-TEC-2572,Technology,Machines,Machines Item 725,5269.54,8,0.3,416.54
1480,CA-2021-174488,2021-09-28,2021-10-05,Second Class,CU-1137,Mary Davis,Corporate,Washington,West,PRD-OFF-7195,Office Supplies,Binders,Binders Item 985,224.8,10,0,25.03
1481,CA-2021-885461,2021-11-22,2021-11-27,Standard Class,CU-1155,Jessica Taylor,Home Office,Illinois,Central,PRD-OFF-7342,Office Supplies,Envelopes,Envelopes Item 501,45.14,1,0.2,-3.16
1482,CA-2024-940390,2024-03-08,2024-03-09,Same Day,CU-1041,Robert Anderson,Consumer,Washington,West,PRD-TEC-7038,Technology,Phones,Phones Item 961,618.24,8,0,40.25
1483,CA-2023-142550,2023-08-02,2023-08-09,Same Day,CU-1106,Susan Thompson,Corporate,Florida,East,PRD-FUR-1990,Furniture,Tables,Tables Item 410,276.57,3,0.4,17.4
1484,CA-2022-787894,2022-06-06,2022-06-09,Same Day,CU-1148,Fatima Davis,Home Office,Tennessee,South,PRD-TEC-4089,Technology,Copiers,Copiers Item 834,10978.3,7,0.2,1889.33
1485,CA-2023-108950,2023-05-04,2023-05-07,Second Class,CU-1057,Michael Thompson,Consumer,Wisconsin,Central,PRD-FUR-8108,Furniture,Furnishings,Furnishings Item 954,2471.76,8,0,181.43
1486,CA-2022-368148,2022-08-29,2022-08-31,Second Class,CU-1030,Susan Davis,Consumer,Illinois,Central,PRD-TEC-3478,Technology,Copiers,Copiers Item 203,7915.45,6,0.3,157.91
1487,CA-2023-141199,2023-11-18,2023-11-24,Standard Class,CU-1173,Fatima Smith,Consumer,North Carolina,East,PRD-OFF-6097,Office Supplies,Appliances,Appliances Item 940,1864.1,10,0,350.01
1488,CA-2024-698625,2024-09-09,2024-09-14,First Class,CU-1182,Chen Young,Consumer,Texas,South,PRD-OFF-3195,Office Supplies,Art,Art Item 837,123.76,4,0.3,32.46
1489,CA-2022-799096,2022-01-18,2022-01-21,Second Class,CU-1072,Barbara Jackson,Home Office,Minnesota,Central,PRD-TEC-1569,Technology,Machines,Machines Item 928,1903.57,4,0.1,622.87
1490,CA-2021-840720,2021-06-08,2021-06-09,Same Day,CU-1176,Charles Miller,Corporate,Georgia,South,PRD-FUR-8649,Furniture,Furnishings,Furnishings Item 897,463.66,1,0.2,30.79
1491,CA-2024-807935,2024-11-13,2024-11-18,First Class,CU-1186,Jessica Anderson,Home Office,Minnesota,Central,PRD-FUR-6496,Furniture,Furnishings,Furnishings Item 304,3968.13,8,0.2,891.98
1492,CA-2023-691729,2023-06-14,2023-06-17,Same Day,CU-1092,Omar Brown,Consumer,Georgia,South,PRD-FUR-2041,Furniture,Bookcases,Bookcases Item 541,5875.17,7,0.4,1956.57
1493,CA-2021-285685,2021-09-17,2021-09-18,First Class,CU-1053,Charles Davis,Consumer,Oregon,West,PRD-FUR-6019,Furniture,Bookcases,Bookcases Item 620,817.17,1,0,128.88
1494,CA-2022-518487,2022-01-15,2022-01-22,First Class,CU-1022,Omar Thompson,Consumer,Tennessee,South,PRD-OFF-8318,Office Supplies,Fasteners,Fasteners Item 286,422.14,6,0.4,15.17
1495,CA-2021-389599,2021-01-28,2021-02-01,First Class,CU-1028,Ahmed Thompson,Home Office,Georgia,South,PRD-TEC-3007,Technology,Accessories,Accessories Item 933,15801.84,10,0.2,-288.91
1496,CA-2024-782271,2024-09-29,2024-10-02,Second Class,CU-1073,Robert Miller,Corporate,New York,East,PRD-OFF-6189,Office Supplies,Envelopes,Envelopes Item 416,565.47,3,0,20.05
1497,CA-2023-532694,2023-07-17,2023-07-22,Second Class,CU-1054,Maria Johnson,Consumer,California,West,PRD-TEC-2998,Technology,Copiers,Copiers Item 607,3848.1,2,0,-332.88
1498,CA-2021-226088,2021-12-09,2021-12-11,Same Day,CU-1135,John Davis,Home Office,Tennessee,South,PRD-TEC-4426,Technology,Machines,Machines Item 471,2938.38,2,0.2,127.09
1499,CA-2021-630040,2021-12-27,2021-12-31,First Class,CU-1168,David Miller,Corporate,Tennessee,South,PRD-FUR-3680,Furniture,Bookcases,Bookcases Item 990,405.84,8,0.5,-5.15
1500,CA-2024-530883,2024-11-17,2024-11-22,Second Class,CU-1165,Omar Thomas,Home Office,California,West,PRD-FUR-7558,Furniture,Tables,Tables Item 798,5682.48,8,0,907.99
1501,CA-2022-590765,2022-01-21,2022-01-23,First Class,CU-1082,Omar Wilson,Consumer,Alabama,South,PRD-TEC-6850,Technology,Phones,Phones Item 934,1309.13,1,0,414.01
1502,CA-2024-125780,2024-01-05,2024-01-06,Standard Class,CU-1039,Thomas Garcia,Home Office,Nevada,West,PRD-FUR-3919,Furniture,Bookcases,Bookcases Item 846,67.22,1,0,7.91
1503,CA-2022-435322,2022-09-26,2022-09-28,Standard Class,CU-1032,Anna Garcia,Home Office,Illinois,Central,PRD-FUR-3022,Furniture,Tables,Tables Item 887,385.9,7,0.2,0.78
1504,CA-2023-758030,2023-12-20,2023-12-27,Same Day,CU-1055,Priya Johnson,Corporate,Nevada,West,PRD-OFF-7194,Office Supplies,Paper,Paper Item 737,491.78,3,0.1,-22.26
1505,CA-2024-643264,2024-12-23,2024-12-25,Standard Class,CU-1088,Robert Anderson,Consumer,Virginia,East,PRD-FUR-6635,Furniture,Tables,Tables Item 230,4889.85,10,0.5,1236.36
1506,CA-2024-967431,2024-06-14,2024-06-17,Second Class,CU-1184,John Martin,Home Office,Tennessee,South,PRD-OFF-4114,Office Supplies,Envelopes,Envelopes Item 634,56.93,3,0.5,0.12
1507,CA-2021-401286,2021-12-23,2021-12-24,Second Class,CU-1154,Maria Miller,Consumer,Wisconsin,Central,PRD-FUR-2427,Furniture,Furnishings,Furnishings Item 619,1952.05,6,0.1,176.57
1508,CA-2023-196089,2023-08-20,2023-08-24,Standard Class,CU-1089,Susan Moore,Consumer,Illinois,Central,PRD-TEC-2979,Technology,Copiers,Copiers Item 882,1869.75,9,0.5,475.96
1509,CA-2022-140448,2022-02-14,2022-02-18,Same Day,CU-1129,Carlos Garcia,Home Office,Georgia,South,PRD-TEC-4641,Technology,Phones,Phones Item 671,708.28,2,0,42.07
1510,CA-2024-840385,2024-07-18,2024-07-20,Same Day,CU-1173,Fatima Smith,Consumer,North Carolina,East,PRD-TEC-8839,Technology,Copiers,Copiers Item 305,4366.24,5,0.2,1094.65
1511,CA-2022-252199,2022-06-22,2022-06-24,Second Class,CU-1083,Linda Wilson,Corporate,Florida,East,PRD-TEC-5784,Technology,Accessories,Accessories Item 359,5720.85,3,0,1061.98
1512,CA-2024-999745,2024-02-22,2024-02-28,Second Class,CU-1039,Thomas Garcia,Home Office,Oregon,West,PRD-OFF-7177,Office Supplies,Fasteners,Fasteners Item 287,311.18,3,0.3,25.6
1513,CA-2022-787959,2022-03-09,2022-03-12,Second Class,CU-1158,Yuki Young,Corporate,Michigan,Central,PRD-TEC-2879,Technology,Copiers,Copiers Item 644,12497.47,8,0.1,-874.81
1514,CA-2023-931502,2023-03-24,2023-03-30,Standard Class,CU-1014,Charles Miller,Home Office,Oregon,West,PRD-FUR-5995,Furniture,Bookcases,Bookcases Item 890,109.98,4,0.3,0.34
1515,CA-2022-114210,2022-10-26,2022-10-28,Second Class,CU-1031,John Johnson,Consumer,North Carolina,East,PRD-OFF-5699,Office Supplies,Paper,Paper Item 779,273.21,7,0,35.22
1516,CA-2024-855074,2024-03-15,2024-03-22,Same Day,CU-1102,Wei Anderson,Home Office,Pennsylvania,East,PRD-FUR-1737,Furniture,Bookcases,Bookcases Item 470,786.13,2,0.2,201.12
1517,CA-2024-938108,2024-03-10,2024-03-11,First Class,CU-1081,Jessica Young,Home Office,Tennessee,South,PRD-TEC-6606,Technology,Phones,Phones Item 437,1415.73,2,0.2,-95.69
1518,CA-2021-803096,2021-02-04,2021-02-09,Second Class,CU-1109,Ahmed Taylor,Corporate,Virginia,East,PRD-TEC-4028,Technology,Copiers,Copiers Item 161,3380.15,10,0.5,206.15
1519,CA-2021-365940,2021-10-08,2021-10-09,Second Class,CU-1122,Mary Jackson,Consumer,New York,East,PRD-TEC-2471,Technology,Copiers,Copiers Item 253,94.34,1,0.5,-5.35
1520,CA-2022-355486,2022-02-18,2022-02-23,Same Day,CU-1078,John Lee,Consumer,New York,East,PRD-OFF-9572,Office Supplies,Art,Art Item 585,434.96,8,0.5,35.97
1521,CA-2021-614378,2021-12-04,2021-12-08,Standard Class,CU-1055,Priya Johnson,Corporate,California,West,PRD-FUR-7379,Furniture,Tables,Tables Item 791,14780.8,10,0,-601.09
1522,CA-2023-829235,2023-08-01,2023-08-04,Same Day,CU-1195,Jennifer Harris,Consumer,Texas,South,PRD-OFF-6058,Office Supplies,Appliances,Appliances Item 307,276.8,6,0.1,89.49
1523,CA-2021-907365,2021-07-07,2021-07-13,First Class,CU-1029,Ahmed Young,Corporate,Wisconsin,Central,PRD-FUR-3042,Furniture,Bookcases,Bookcases Item 248,211.09,4,0.3,-3.85
1524,CA-2021-172617,2021-09-05,2021-09-10,First Class,CU-1011,Lisa Wilson,Consumer,Ohio,Central,PRD-FUR-8472,Furniture,Chairs,Chairs Item 918,7789.44,8,0.2,2702.42
1525,CA-2021-152367,2021-01-15,2021-01-21,Same Day,CU-1072,Barbara Jackson,Home Office,Minnesota,Central,PRD-TEC-8131,Technology,Accessories,Accessories Item 608,6878.3,9,0.2,269.18
1526,CA-2024-721895,2024-03-18,2024-03-22,Standard Class,CU-1102,Wei Anderson,Home Office,Virginia,East,PRD-FUR-7989,Furniture,Bookcases,Bookcases Item 807,5165.33,7,0.4,1553.41
1527,CA-2022-124173,2022-11-09,2022-11-10,First Class,CU-1008,David Wilson,Consumer,Virginia,East,PRD-FUR-7326,Furniture,Tables,Tables Item 378,3172.74,6,0.5,-32.9
1528,CA-2024-586961,2024-06-16,2024-06-18,Standard Class,CU-1144,Robert White,Home Office,Alabama,South,PRD-FUR-7228,Furniture,Chairs,Chairs Item 328,9856.1,10,0,1539.42
1529,CA-2021-488981,2021-04-12,2021-04-18,Standard Class,CU-1082,Omar Wilson,Consumer,Georgia,South,PRD-OFF-3639,Office Supplies,Appliances,Appliances Item 573,230.28,3,0,-6.29
1530,CA-2023-346174,2023-05-24,2023-05-27,First Class,CU-1105,Carlos Davis,Home Office,Washington,West,PRD-TEC-6712,Technology,Machines,Machines Item 388,7941.09,9,0.3,1391.88
1531,CA-2022-446457,2022-05-23,2022-05-26,Second Class,CU-1105,Carlos Davis,Home Office,Nevada,West,PRD-FUR-6002,Furniture,Bookcases,Bookcases Item 726,5361.4,5,0,1373.96
1532,CA-2024-717703,2024-03-12,2024-03-17,First Class,CU-1031,John Johnson,Consumer,Florida,East,PRD-TEC-5417,Technology,Accessories,Accessories Item 998,4710.88,5,0.2,8.89
1533,CA-2021-895943,2021-02-05,2021-02-10,Second Class,CU-1104,Susan Johnson,Corporate,Virginia,East,PRD-OFF-3102,Office Supplies,Fasteners,Fasteners Item 719,40.07,4,0.3,5.02
1534,CA-2022-801505,2022-03-24,2022-03-29,Standard Class,CU-1185,James Jackson,Corporate,Nevada,West,PRD-OFF-8299,Office Supplies,Labels,Labels Item 232,143.0,4,0,49.9
1535,CA-2021-601992,2021-08-24,2021-08-31,First Class,CU-1015,Mary Davis,Corporate,Washington,West,PRD-TEC-7763,Technology,Copiers,Copiers Item 479,6312.28,5,0.3,-83.81
1536,CA-2024-915525,2024-04-14,2024-04-16,Second Class,CU-1086,Lisa Young,Consumer,Nevada,West,PRD-TEC-5987,Technology,Phones,Phones Item 490,106.94,1,0.2,16.58
1537,CA-2024-694095,2024-06-05,2024-06-07,Second Class,CU-1016,Yuki Davis,Consumer,Ohio,Central,PRD-TEC-8560,Technology,Phones,Phones Item 441,1547.64,6,0,-12.66
1538,CA-2023-723803,2023-12-19,2023-12-25,First Class,CU-1100,Karen Smith,Consumer,Oregon,West,PRD-FUR-8049,Furniture,Tables,Tables Item 925,2629.75,10,0.5,877.62
1539,CA-2024-172125,2024-06-02,2024-06-04,First Class,CU-1020,Lisa Garcia,Home Office,North Carolina,East,PRD-FUR-4625,Furniture,Bookcases,Bookcases Item 186,1151.58,4,0.3,90.34
1540,CA-2024-489007,2024-01-16,2024-01-21,First Class,CU-1018,Jennifer Anderson,Corporate,Pennsylvania,East,PRD-TEC-3223,Technology,Accessories,Accessories Item 134,758.63,3,0.4,-22.07
1541,CA-2022-406975,2022-09-27,2022-10-01,Same Day,CU-1063,Chen Brown,Consumer,Pennsylvania,East,PRD-TEC-8385,Technology,Machines,Machines Item 831,5317.0,4,0,189.1
1542,CA-2023-826816,2023-10-31,2023-11-06,Standard Class,CU-1148,Fatima Davis,Home Office,Alabama,South,PRD-OFF-3307,Office Supplies,Art,Art Item 682,78.87,1,0.3,17.34
1543,CA-2024-260422,2024-04-08,2024-04-09,Same Day,CU-1071,James Thomas,Corporate,Minnesota,Central,PRD-OFF-4085,Office Supplies,Paper,Paper Item 138,1427.28,8,0,156.45
1544,CA-2022-262703,2022-10-15,2022-10-16,Standard Class,CU-1077,Mary Martin,Consumer,Pennsylvania,East,PRD-TEC-6543,Technology,Machines,Machines Item 285,878.09,3,0.2,78.99
1545,CA-2021-310807,2021-11-23,2021-11-25,Second Class,CU-1114,Carlos Miller,Corporate,Tennessee,South,PRD-TEC-2766,Technology,Accessories,Accessories Item 320,315.77,1,0,15.34
1546,CA-2022-330120,2022-04-16,2022-04-17,Same Day,CU-1052,James Young,Home Office,New York,East,PRD-TEC-8008,Technology,Machines,Machines Item 902,7279.2,8,0,1467.83
1547,CA-2021-997479,2021-01-22,2021-01-26,Same Day,CU-1116,Anna Martin,Corporate,Tennessee,South,PRD-FUR-1928,Furniture,Tables,Tables Item 277,6486.48,10,0.3,78.52
1548,CA-2022-182042,2022-03-08,2022-03-09,First Class,CU-1071,James Thomas,Corporate,Michigan,Central,PRD-TEC-3159,Technology,Accessories,Accessories Item 147,3061.76,8,0,-7.49
1549,CA-2022-171409,2022-08-30,2022-09-03,Standard Class,CU-1032,Anna Garcia,Home Office,Wisconsin,Central,PRD-OFF-3169,Office Supplies,Binders,Binders Item 399,1159.6,8,0,229.44
1550,CA-2021-953880,2021-04-30,2021-05-04,First Class,CU-1013,Karen Moore,Home Office,Tennessee,South,PRD-OFF-8803,Office Supplies,Art,Art Item 757,856.8,9,0,234.99
1551,CA-2022-373101,2022-10-20,2022-10-27,Second Class,CU-1162,Sarah Smith,Corporate,Alabama,South,PRD-FUR-4725,Furniture,Chairs,Chairs Item 649,362.49,5,0.3,68.12
1552,CA-2024-759472,2024-10-19,2024-10-23,Standard Class,CU-1112,Michael White,Corporate,Georgia,South,PRD-TEC-6623,Technology,Machines,Machines Item 494,1059.99,3,0,276.87
1553,CA-2022-367095,2022-08-01,2022-08-07,Second Class,CU-1100,Karen Smith,Consumer,Arizona,West,PRD-OFF-2250,Office Supplies,Fasteners,Fasteners Item 913,385.78,8,0.1,39.78
1554,CA-2021-190127,2021-09-24,2021-09-25,Same Day,CU-1047,William Martin,Home Office,Illinois,Central,PRD-TEC-7814,Technology,Phones,Phones Item 926,830.53,9,0.3,284.15
1555,CA-2021-177525,2021-04-13,2021-04-19,Same Day,CU-1190,Jessica Young,Corporate,Mississippi,South,PRD-FUR-6775,Furniture,Chairs,Chairs Item 206,4723.06,5,0.1,799.23
1556,CA-2024-828178,2024-06-18,2024-06-21,First Class,CU-1150,William White,Consumer,Mississippi,South,PRD-FUR-9064,Furniture,Tables,Tables Item 497,1512.34,2,0,-31.79
1557,CA-2022-684640,2022-05-27,2022-05-29,Second Class,CU-1191,Yuki Davis,Consumer,Tennessee,South,PRD-FUR-2851,Furniture,Tables,Tables Item 484,448.2,1,0.2,-14.64
1558,CA-2024-818378,2024-10-22,2024-10-25,Second Class,CU-1045,John Harris,Consumer,Florida,East,PRD-FUR-4203,Furniture,Furnishings,Furnishings Item 307,4471.44,4,0,945.98
1559,CA-2022-974002,2022-09-11,2022-09-15,Same Day,CU-1074,Mary Young,Home Office,Oregon,West,PRD-TEC-8612,Technology,Machines,Machines Item 121,7676.42,9,0.3,-727.08
1560,CA-2023-816299,2023-02-06,2023-02-11,Standard Class,CU-1042,Lisa Taylor,Corporate,California,West,PRD-FUR-8343,Furniture,Bookcases,Bookcases Item 608,8093.05,10,0.3,-119.29
1561,CA-2024-516558,2024-12-08,2024-12-10,Second Class,CU-1065,Jessica Garcia,Corporate,Wisconsin,Central,PRD-FUR-4030,Furniture,Tables,Tables Item 563,6716.34,10,0.4,33.09
1562,CA-2022-278778,2022-10-16,2022-10-23,Second Class,CU-1127,Maria Moore,Home Office,Florida,East,PRD-TEC-2371,Technology,Machines,Machines Item 245,519.48,1,0.4,29.7
1563,CA-2021-486804,2021-02-26,2021-03-04,Second Class,CU-1154,Maria Miller,Consumer,Ohio,Central,PRD-OFF-7725,Office Supplies,Fasteners,Fasteners Item 323,607.4,10,0,27.43
1564,CA-2024-431145,2024-04-26,2024-04-29,Second Class,CU-1010,Richard Brown,Corporate,Georgia,South,PRD-OFF-3823,Office Supplies,Art,Art Item 946,368.55,7,0,70.24
1565,CA-2024-288623,2024-09-22,2024-09-29,Same Day,CU-1159,James Anderson,Corporate,Michigan,Central,PRD-TEC-1443,Technology,Copiers,Copiers Item 761,1125.9,2,0.2,203.31
1566,CA-2022-303981,2022-11-27,2022-11-28,Second Class,CU-1171,Ahmed Thompson,Consumer,Mississippi,South,PRD-TEC-9756,Technology,Phones,Phones Item 972,13792.95,9,0,-1108.62
1567,CA-2021-773569,2021-05-12,2021-05-19,Second Class,CU-1057,Michael Thompson,Consumer,Ohio,Central,PRD-TEC-7096,Technology,Accessories,Accessories Item 867,3804.06,2,0,958.43
1568,CA-2024-845777,2024-09-19,2024-09-20,Same Day,CU-1075,Ahmed Taylor,Consumer,Arizona,West,PRD-FUR-5881,Furniture,Tables,Tables Item 108,2894.49,9,0.5,1001.91
1569,CA-2021-442587,2021-08-13,2021-08-18,Same Day,CU-1026,Michael Harris,Corporate,Wisconsin,Central,PRD-FUR-1015,Furniture,Chairs,Chairs Item 143,7417.85,5,0,2052.72
1570,CA-2024-622010,2024-03-13,2024-03-18,Second Class,CU-1099,Jennifer White,Home Office,Ohio,Central,PRD-FUR-5616,Furniture,Furnishings,Furnishings Item 991,2863.98,6,0.4,535.6
1571,CA-2021-556491,2021-09-01,2021-09-06,Second Class,CU-1102,Wei Anderson,Home Office,Virginia,East,PRD-OFF-8145,Office Supplies,Fasteners,Fasteners Item 928,667.05,5,0,116.55
1572,CA-2021-291912,2021-06-03,2021-06-05,Standard Class,CU-1037,Patricia Moore,Corporate,Pennsylvania,East,PRD-TEC-2847,Technology,Machines,Machines Item 388,483.54,1,0.2,67.38
1573,CA-2023-910009,2023-11-13,2023-11-18,Standard Class,CU-1187,Maria Jones,Corporate,Florida,East,PRD-OFF-7656,Office Supplies,Paper,Paper Item 702,692.92,8,0.5,-21.45
1574,CA-2024-703316,2024-06-09,2024-06-12,Second Class,CU-1156,Jessica Johnson,Consumer,Wisconsin,Central,PRD-OFF-1326,Office Supplies,Paper,Paper Item 158,1270.53,9,0,293.38
1575,CA-2023-121953,2023-05-15,2023-05-19,Standard Class,CU-1056,Thomas Davis,Corporate,Minnesota,Central,PRD-OFF-9834,Office Supplies,Fasteners,Fasteners Item 444,5.45,1,0.1,1.29
1576,CA-2023-201042,2023-03-23,2023-03-25,Standard Class,CU-1049,Maria Moore,Corporate,Mississippi,South,PRD-TEC-9674,Technology,Machines,Machines Item 340,7818.0,6,0.2,77.57
1577,CA-2022-822586,2022-12-29,2023-01-03,Second Class,CU-1140,Linda Jones,Home Office,California,West,PRD-TEC-7522,Technology,Copiers,Copiers Item 646,15462.5,10,0,-1131.26
1578,CA-2021-579606,2021-12-02,2021-12-09,Second Class,CU-1178,Fatima Garcia,Corporate,Nevada,West,PRD-FUR-9218,Furniture,Tables,Tables Item 724,3430.19,3,0.1,1018.45
1579,CA-2022-607146,2022-03-16,2022-03-23,First Class,CU-1098,James Taylor,Consumer,Georgia,South,PRD-FUR-8452,Furniture,Chairs,Chairs Item 207,1594.09,2,0.4,-32.42
1580,CA-2024-914713,2024-02-05,2024-02-08,Standard Class,CU-1063,Chen Brown,Consumer,Florida,East,PRD-TEC-4696,Technology,Phones,Phones Item 834,1409.4,4,0,-13.38
1581,CA-2021-666822,2021-07-23,2021-07-29,First Class,CU-1155,Jessica Taylor,Home Office,Ohio,Central,PRD-OFF-6330,Office Supplies,Envelopes,Envelopes Item 825,284.73,3,0,39.22
1582,CA-2023-616956,2023-04-12,2023-04-16,Standard Class,CU-1195,Jennifer Harris,Consumer,Texas,South,PRD-FUR-3736,Furniture,Chairs,Chairs Item 106,5588.99,7,0.3,1517.33
1583,CA-2023-997896,2023-12-07,2023-12-08,Second Class,CU-1162,Sarah Smith,Corporate,Mississippi,South,PRD-OFF-7713,Office Supplies,Labels,Labels Item 219,126.13,2,0.5,21.82
1584,CA-2024-469458,2024-11-23,2024-11-24,Second Class,CU-1117,James Brown,Corporate,North Carolina,East,PRD-OFF-3919,Office Supplies,Art,Art Item 852,882.57,9,0.3,174.16
1585,CA-2021-509772,2021-11-05,2021-11-11,Same Day,CU-1172,Linda Williams,Home Office,California,West,PRD-FUR-6798,Furniture,Bookcases,Bookcases Item 688,5356.53,9,0,938.66
1586,CA-2022-314056,2022-10-25,2022-10-29,First Class,CU-1024,Chen Taylor,Corporate,Georgia,South,PRD-FUR-1147,Furniture,Tables,Tables Item 882,1721.14,6,0.2,347.71
1587,CA-2021-737355,2021-10-07,2021-10-12,First Class,CU-1113,Wei Davis,Consumer,Oregon,West,PRD-TEC-5989,Technology,Copiers,Copiers Item 164,1575.84,8,0.4,142.41
1588,CA-2024-946432,2024-03-21,2024-03-26,Standard Class,CU-1195,Jennifer Harris,Consumer,Alabama,South,PRD-FUR-9159,Furniture,Furnishings,Furnishings Item 361,160.47,9,0.5,6.12
1589,CA-2024-991927,2024-11-05,2024-11-10,Same Day,CU-1143,Karen Davis,Consumer,Michigan,Central,PRD-OFF-9258,Office Supplies,Labels,Labels Item 967,88.56,5,0.1,23.13
1590,CA-2023-354313,2023-04-22,2023-04-26,First Class,CU-1077,Mary Martin,Consumer,New York,East,PRD-FUR-5799,Furniture,Furnishings,Furnishings Item 895,2464.16,4,0,859.4
1591,CA-2021-404103,2021-02-27,2021-03-02,Second Class,CU-1149,Fatima Martin,Corporate,North Carolina,East,PRD-FUR-3800,Furniture,Chairs,Chairs Item 221,10936.08,9,0,514.0
1592,CA-2023-580961,2023-03-28,2023-03-30,Same Day,CU-1008,David Wilson,Consumer,Pennsylvania,East,PRD-TEC-9918,Technology,Copiers,Copiers Item 283,5640.55,5,0,-518.17
1593,CA-2022-645347,2022-06-02,2022-06-05,Standard Class,CU-1069,Sarah Harris,Consumer,Wisconsin,Central,PRD-TEC-1674,Technology,Accessories,Accessories Item 437,14261.35,9,0.1,4188.85
1594,CA-2024-667129,2024-09-27,2024-10-04,Same Day,CU-1123,Susan Jackson,Consumer,Tennessee,South,PRD-OFF-7815,Office Supplies,Envelopes,Envelopes Item 986,837.55,5,0,124.79
1595,CA-2021-926595,2021-11-02,2021-11-06,Standard Class,CU-1060,Susan Jackson,Corporate,Illinois,Central,PRD-FUR-7607,Furniture,Chairs,Chairs Item 204,240.03,1,0.3,53.79
1596,CA-2022-313181,2022-12-30,2023-01-05,Same Day,CU-1151,Linda Wilson,Corporate,Mississippi,South,PRD-TEC-4138,Technology,Machines,Machines Item 945,957.32,5,0.2,234.8
1597,CA-2024-408480,2024-09-23,2024-09-30,Standard Class,CU-1112,Michael White,Corporate,Mississippi,South,PRD-FUR-9696,Furniture,Furnishings,Furnishings Item 583,10340.28,9,0,2007.38
1598,CA-2024-136615,2024-08-09,2024-08-16,Second Class,CU-1041,Robert Anderson,Consumer,Nevada,West,PRD-TEC-5446,Technology,Phones,Phones Item 402,5432.7,7,0,-426.89
1599,CA-2021-724223,2021-09-27,2021-10-02,Same Day,CU-1077,Mary Martin,Consumer,Virginia,East,PRD-TEC-7567,Technology,Copiers,Copiers Item 938,4041.81,5,0.4,611.86
1600,CA-2022-496183,2022-09-09,2022-09-10,Standard Class,CU-1095,Maria Taylor,Consumer,Georgia,South,PRD-TEC-3243,Technology,Accessories,Accessories Item 422,6569.32,6,0.4,1921.59
1601,CA-2022-289582,2022-01-13,2022-01-20,First Class,CU-1108,Priya Jackson,Consumer,Pennsylvania,East,PRD-TEC-1481,Technology,Phones,Phones Item 364,1504.45,4,0.2,147.15
1602,CA-2023-418320,2023-09-11,2023-09-15,First Class,CU-1127,Maria Moore,Home Office,Virginia,East,PRD-OFF-2579,Office Supplies,Labels,Labels Item 968,437.29,6,0.4,20.47
1603,CA-2022-106403,2022-04-07,2022-04-10,Second Class,CU-1059,Patricia Brown,Home Office,Wisconsin,Central,PRD-FUR-3723,Furniture,Chairs,Chairs Item 818,1818.35,5,0.3,-3.32
1604,CA-2021-361238,2021-01-07,2021-01-13,Second Class,CU-1152,Priya Thompson,Consumer,New York,East,PRD-FUR-8738,Furniture,Tables,Tables Item 342,2795.72,2,0,889.55
1605,CA-2024-618681,2024-07-21,2024-07-25,First Class,CU-1199,John Davis,Home Office,Ohio,Central,PRD-TEC-6259,Technology,Copiers,Copiers Item 829,10553.9,9,0.1,1877.21
1606,CA-2024-279274,2024-02-09,2024-02-12,Second Class,CU-1172,Linda Williams,Home Office,Oregon,West,PRD-TEC-2894,Technology,Machines,Machines Item 614,1356.14,6,0.3,-73.73
1607,CA-2023-188115,2023-01-25,2023-01-30,Standard Class,CU-1083,Linda Wilson,Corporate,Florida,East,PRD-FUR-2519,Furniture,Chairs,Chairs Item 364,8261.22,6,0,524.36
1608,CA-2022-594525,2022-09-22,2022-09-25,Second Class,CU-1114,Carlos Miller,Corporate,Alabama,South,PRD-TEC-9665,Technology,Machines,Machines Item 849,7469.47,6,0.2,726.5
1609,CA-2021-927820,2021-08-18,2021-08-25,First Class,CU-1190,Jessica Young,Corporate,Tennessee,South,PRD-FUR-5741,Furniture,Chairs,Chairs Item 967,2357.05,10,0.5,-24.17
1610,CA-2021-342606,2021-03-17,2021-03-20,Second Class,CU-1154,Maria Miller,Consumer,Ohio,Central,PRD-FUR-2124,Furniture,Chairs,Chairs Item 804,768.49,4,0.1,68.84
1611,CA-2024-730063,2024-08-12,2024-08-17,Standard Class,CU-1051,Linda Davis,Consumer,Georgia,South,PRD-TEC-2119,Technology,Copiers,Copiers Item 461,8776.35,9,0,2329.58
1612,CA-2024-305834,2024-01-18,2024-01-22,Same Day,CU-1044,Mary Davis,Home Office,Nevada,West,PRD-TEC-3002,Technology,Machines,Machines Item 555,1998.42,3,0,82.05
1613,CA-2023-972134,2023-04-17,2023-04-20,First Class,CU-1177,Fatima Anderson,Consumer,Oregon,West,PRD-OFF-2759,Office Supplies,Envelopes,Envelopes Item 464,396.44,4,0,-21.53
1614,CA-2022-392779,2022-01-21,2022-01-24,Standard Class,CU-1108,Priya Jackson,Consumer,Florida,East,PRD-FUR-7512,Furniture,Furnishings,Furnishings Item 702,3267.65,8,0.4,1045.92
1615,CA-2022-953155,2022-04-05,2022-04-07,First Class,CU-1016,Yuki Davis,Consumer,Michigan,Central,PRD-FUR-6594,Furniture,Tables,Tables Item 153,4010.08,7,0.4,71.77
1616,CA-2024-928686,2024-03-23,2024-03-28,Standard Class,CU-1156,Jessica Johnson,Consumer,Wisconsin,Central,PRD-TEC-1277,Technology,Phones,Phones Item 644,761.54,1,0.3,88.23
1617,CA-2021-838482,2021-12-02,2021-12-03,First Class,CU-1059,Patricia Brown,Home Office,Michigan,Central,PRD-TEC-9431,Technology,Copiers,Copiers Item 895,1527.56,5,0.2,115.24
1618,CA-2024-980145,2024-06-22,2024-06-29,First Class,CU-1132,Joseph White,Corporate,Virginia,East,PRD-OFF-9032,Office Supplies,Appliances,Appliances Item 436,214.42,8,0.3,58.05
1619,CA-2022-645153,2022-12-15,2022-12-22,Standard Class,CU-1162,Sarah Smith,Corporate,Mississippi,South,PRD-TEC-8581,Technology,Phones,Phones Item 848,494.62,3,0.5,116.4
1620,CA-2024-986810,2024-09-14,2024-09-20,Second Class,CU-1137,Mary Davis,Corporate,Arizona,West,PRD-OFF-8403,Office Supplies,Paper,Paper Item 183,486.54,5,0.1,91.32
1621,CA-2022-708802,2022-11-04,2022-11-11,First Class,CU-1118,Charles Wilson,Consumer,California,West,PRD-OFF-4376,Office Supplies,Labels,Labels Item 535,782.98,6,0.2,201.74
1622,CA-2023-648793,2023-12-08,2023-12-12,Second Class,CU-1127,Maria Moore,Home Office,Pennsylvania,East,PRD-TEC-6598,Technology,Phones,Phones Item 870,4660.13,4,0.1,641.58
1623,CA-2021-185895,2021-08-22,2021-08-29,Same Day,CU-1111,Richard Johnson,Corporate,North Carolina,East,PRD-OFF-1371,Office Supplies,Envelopes,Envelopes Item 855,129.53,9,0.3,20.65
1624,CA-2024-275032,2024-07-14,2024-07-21,Same Day,CU-1158,Yuki Young,Corporate,Wisconsin,Central,PRD-TEC-7966,Technology,Copiers,Copiers Item 533,991.48,10,0.3,-33.2
1625,CA-2022-927660,2022-03-29,2022-04-05,First Class,CU-1149,Fatima Martin,Corporate,Pennsylvania,East,PRD-FUR-8613,Furniture,Chairs,Chairs Item 866,7393.86,9,0,1771.16
1626,CA-2022-806042,2022-02-04,2022-02-06,Standard Class,CU-1003,Mary Smith,Consumer,Virginia,East,PRD-FUR-9726,Furniture,Chairs,Chairs Item 228,1752.48,2,0,-167.02
1627,CA-2022-777713,2022-09-22,2022-09-24,Standard Class,CU-1146,Wei Thompson,Corporate,Florida,East,PRD-FUR-9701,Furniture,Bookcases,Bookcases Item 435,4374.24,4,0,692.38
1628,CA-2023-228992,2023-10-26,2023-11-01,First Class,CU-1136,Linda Miller,Consumer,California,West,PRD-TEC-8553,Technology,Machines,Machines Item 311,1411.74,1,0.2,-6.38
1629,CA-2022-933696,2022-12-04,2022-12-10,Second Class,CU-1102,Wei Anderson,Home Office,New York,East,PRD-OFF-2292,Office Supplies,Appliances,Appliances Item 322,1069.04,7,0,333.28
1630,CA-2023-728709,2023-11-10,2023-11-16,Second Class,CU-1176,Charles Miller,Corporate,Tennessee,South,PRD-FUR-6470,Furniture,Tables,Tables Item 657,2314.38,6,0,502.09
1631,CA-2021-763611,2021-07-05,2021-07-08,Second Class,CU-1082,Omar Wilson,Consumer,Alabama,South,PRD-FUR-4922,Furniture,Furnishings,Furnishings Item 698,1183.76,2,0.4,318.65
1632,CA-2022-463559,2022-01-16,2022-01-19,Same Day,CU-1124,Lisa Taylor,Home Office,Arizona,West,PRD-TEC-9324,Technology,Phones,Phones Item 345,2649.45,5,0,521.97
1633,CA-2022-129541,2022-01-08,2022-01-12,Same Day,CU-1120,Jessica Lee,Home Office,Nevada,West,PRD-TEC-9539,Technology,Copiers,Copiers Item 184,372.58,7,0.1,12.2
1634,CA-2022-956686,2022-06-10,2022-06-11,Standard Class,CU-1096,Thomas Harris,Corporate,Oregon,West,PRD-OFF-6297,Office Supplies,Art,Art Item 749,89.59,1,0.5,29.7
1635,CA-2024-957877,2024-01-02,2024-01-09,Same Day,CU-1052,James Young,Home Office,Virginia,East,PRD-OFF-1613,Office Supplies,Labels,Labels Item 293,46.76,5,0.3,15.59
1636,CA-2024-241944,2024-01-25,2024-01-26,Standard Class,CU-1171,Ahmed Thompson,Consumer,Mississippi,South,PRD-FUR-3200,Furniture,Tables,Tables Item 977,719.34,5,0.4,-4.43
1637,CA-2022-371752,2022-06-24,2022-06-30,Same Day,CU-1130,Richard Thompson,Consumer,Texas,South,PRD-OFF-4463,Office Supplies,Labels,Labels Item 122,194.63,2,0.1,32.38
1638,CA-2024-147084,2024-03-23,2024-03-30,Same Day,CU-1147,Ahmed Harris,Corporate,Alabama,South,PRD-FUR-3836,Furniture,Furnishings,Furnishings Item 617,5259.5,5,0,822.33
1639,CA-2024-576414,2024-06-10,2024-06-15,First Class,CU-1137,Mary Davis,Corporate,Oregon,West,PRD-FUR-6384,Furniture,Bookcases,Bookcases Item 650,2318.13,2,0.1,635.22
1640,CA-2021-614808,2021-10-06,2021-10-13,First Class,CU-1191,Yuki Davis,Consumer,Alabama,South,PRD-TEC-2963,Technology,Copiers,Copiers Item 907,219.55,4,0.4,57.68
1641,CA-2022-855858,2022-07-09,2022-07-16,First Class,CU-1027,Robert Wilson,Consumer,Florida,East,PRD-TEC-4367,Technology,Accessories,Accessories Item 661,4807.04,4,0,616.58
1642,CA-2024-476590,2024-08-28,2024-09-03,Second Class,CU-1120,Jessica Lee,Home Office,Nevada,West,PRD-OFF-5113,Office Supplies,Envelopes,Envelopes Item 196,167.84,4,0.5,17.17
1643,CA-2024-752936,2024-05-24,2024-05-25,Second Class,CU-1059,Patricia Brown,Home Office,Illinois,Central,PRD-TEC-4052,Technology,Machines,Machines Item 658,8966.75,9,0.4,3014.59
1644,CA-2021-377356,2021-09-30,2021-10-03,First Class,CU-1032,Anna Garcia,Home Office,Minnesota,Central,PRD-TEC-4811,Technology,Phones,Phones Item 187,2655.32,2,0,764.89
1645,CA-2024-572079,2024-08-29,2024-09-01,Standard Class,CU-1156,Jessica Johnson,Consumer,Illinois,Central,PRD-FUR-9105,Furniture,Tables,Tables Item 806,5721.0,5,0,-521.43
1646,CA-2021-325539,2021-07-24,2021-07-29,First Class,CU-1151,Linda Wilson,Corporate,Tennessee,South,PRD-TEC-8908,Technology,Machines,Machines Item 831,6753.48,4,0,-494.53
1647,CA-2021-251459,2021-07-22,2021-07-28,Same Day,CU-1157,Richard Young,Home Office,Oregon,West,PRD-TEC-7386,Technology,Machines,Machines Item 361,597.7,1,0.5,-19.15
1648,CA-2022-286076,2022-02-24,2022-02-26,Same Day,CU-1147,Ahmed Harris,Corporate,Alabama,South,PRD-FUR-5342,Furniture,Chairs,Chairs Item 952,5981.85,5,0,181.4
1649,CA-2021-204520,2021-12-20,2021-12-24,Standard Class,CU-1177,Fatima Anderson,Consumer,Washington,West,PRD-TEC-7250,Technology,Phones,Phones Item 320,1549.63,4,0.4,-85.78
1650,CA-2021-672685,2021-01-25,2021-01-27,Second Class,CU-1012,Karen Brown,Corporate,Nevada,West,PRD-FUR-1520,Furniture,Furnishings,Furnishings Item 708,1403.35,1,0,351.63
1651,CA-2023-534220,2023-03-12,2023-03-19,Standard Class,CU-1085,Omar Williams,Consumer,Ohio,Central,PRD-OFF-1510,Office Supplies,Fasteners,Fasteners Item 110,451.68,10,0.4,149.64
1652,CA-2023-428192,2023-09-02,2023-09-07,Standard Class,CU-1086,Lisa Young,Consumer,Nevada,West,PRD-TEC-1201,Technology,Phones,Phones Item 126,2937.87,8,0.3,969.18
1653,CA-2024-193821,2024-06-14,2024-06-18,Same Day,CU-1118,Charles Wilson,Consumer,Washington,West,PRD-TEC-7236,Technology,Phones,Phones Item 679,1087.44,3,0,-8.82
1654,CA-2023-786907,2023-08-26,2023-08-27,Second Class,CU-1010,Richard Brown,Corporate,Mississippi,South,PRD-FUR-5576,Furniture,Furnishings,Furnishings Item 861,495.19,3,0.2,20.94
1655,CA-2023-697142,2023-10-13,2023-10-14,Same Day,CU-1104,Susan Johnson,Corporate,New York,East,PRD-TEC-1881,Technology,Phones,Phones Item 248,749.47,1,0.2,7.64
1656,CA-2022-924724,2022-08-24,2022-08-31,First Class,CU-1057,Michael Thompson,Consumer,Michigan,Central,PRD-TEC-6608,Technology,Accessories,Accessories Item 285,415.87,3,0.4,-38.71
1657,CA-2022-186279,2022-07-07,2022-07-14,First Class,CU-1054,Maria Johnson,Consumer,Arizona,West,PRD-TEC-8773,Technology,Phones,Phones Item 284,3741.8,5,0.5,969.22
1658,CA-2021-807162,2021-02-16,2021-02-18,First Class,CU-1096,Thomas Harris,Corporate,Arizona,West,PRD-TEC-2292,Technology,Copiers,Copiers Item 767,1404.18,6,0,156.77
1659,CA-2022-684257,2022-09-07,2022-09-13,First Class,CU-1119,Lisa Jackson,Corporate,Mississippi,South,PRD-TEC-6746,Technology,Accessories,Accessories Item 214,6984.43,6,0.3,1138.15
1660,CA-2021-211464,2021-09-27,2021-09-28,First Class,CU-1097,John Jackson,Corporate,California,West,PRD-OFF-8042,Office Supplies,Paper,Paper Item 653,1065.42,9,0,-24.69
1661,CA-2024-661890,2024-05-27,2024-06-03,Same Day,CU-1103,Jessica Jones,Consumer,Tennessee,South,PRD-FUR-8595,Furniture,Bookcases,Bookcases Item 488,3559.14,9,0.4,-152.67
1662,CA-2023-382312,2023-10-22,2023-10-27,First Class,CU-1015,Mary Davis,Corporate,California,West,PRD-FUR-2451,Furniture,Furnishings,Furnishings Item 678,703.28,1,0.1,68.39
1663,CA-2021-405739,2021-03-08,2021-03-12,Standard Class,CU-1028,Ahmed Thompson,Home Office,Mississippi,South,PRD-OFF-9668,Office Supplies,Fasteners,Fasteners Item 943,445.55,7,0,36.38
1664,CA-2023-865840,2023-03-16,2023-03-21,Second Class,CU-1196,Chen Wilson,Corporate,Georgia,South,PRD-OFF-9353,Office Supplies,Fasteners,Fasteners Item 547,940.94,6,0.2,134.7
1665,CA-2021-265381,2021-03-22,2021-03-27,Same Day,CU-1069,Sarah Harris,Consumer,Minnesota,Central,PRD-TEC-1159,Technology,Accessories,Accessories Item 272,3509.58,6,0,-117.17
1666,CA-2022-862160,2022-02-13,2022-02-19,Standard Class,CU-1016,Yuki Davis,Consumer,Ohio,Central,PRD-FUR-4568,Furniture,Tables,Tables Item 102,8141.46,6,0,2404.92
1667,CA-2021-644207,2021-02-07,2021-02-12,First Class,CU-1015,Mary Davis,Corporate,California,West,PRD-FUR-1055,Furniture,Tables,Tables Item 628,4875.85,7,0,855.63
1668,CA-2024-227211,2024-03-09,2024-03-10,Same Day,CU-1133,Thomas Harris,Home Office,North Carolina,East,PRD-FUR-3494,Furniture,Chairs,Chairs Item 940,64.02,1,0,4.67
1669,CA-2024-311331,2024-11-04,2024-11-08,Standard Class,CU-1060,Susan Jackson,Corporate,Ohio,Central,PRD-FUR-2346,Furniture,Furnishings,Furnishings Item 975,211.14,7,0.3,7.41
1670,CA-2023-507380,2023-09-11,2023-09-14,Standard Class,CU-1140,Linda Jones,Home Office,Nevada,West,PRD-TEC-5080,Technology,Phones,Phones Item 544,1477.32,1,0.2,307.18
1671,CA-2022-186488,2022-05-16,2022-05-20,First Class,CU-1030,Susan Davis,Consumer,Illinois,Central,PRD-TEC-6402,Technology,Phones,Phones Item 613,1877.68,2,0.3,398.89
1672,CA-2022-119053,2022-09-25,2022-09-27,Standard Class,CU-1036,Carlos Thompson,Corporate,Mississippi,South,PRD-TEC-5550,Technology,Machines,Machines Item 522,1061.05,2,0.3,258.03
1673,CA-2023-493280,2023-07-04,2023-07-07,First Class,CU-1105,Carlos Davis,Home Office,California,West,PRD-OFF-8076,Office Supplies,Labels,Labels Item 552,1429.28,10,0.2,412.28
1674,CA-2021-677279,2021-07-15,2021-07-16,Standard Class,CU-1037,Patricia Moore,Corporate,New York,East,PRD-TEC-3493,Technology,Machines,Machines Item 241,4282.08,3,0,898.91
1675,CA-2023-725437,2023-11-18,2023-11-22,Second Class,CU-1167,Jennifer Johnson,Corporate,Ohio,Central,PRD-FUR-2147,Furniture,Chairs,Chairs Item 608,1160.76,7,0.3,145.51
1676,CA-2021-338447,2021-10-06,2021-10-10,Same Day,CU-1067,Mary Thompson,Consumer,Oregon,West,PRD-FUR-8445,Furniture,Tables,Tables Item 117,1191.87,5,0.1,65.55
1677,CA-2021-749860,2021-06-28,2021-06-30,First Class,CU-1002,Carlos Thompson,Consumer,Michigan,Central,PRD-TEC-3894,Technology,Accessories,Accessories Item 905,1344.55,2,0.4,433.24
1678,CA-2022-118768,2022-12-10,2022-12-15,Standard Class,CU-1161,Sarah Davis,Corporate,Michigan,Central,PRD-FUR-5333,Furniture,Furnishings,Furnishings Item 536,119.42,1,0,-0.17
1679,CA-2021-233994,2021-04-21,2021-04-22,Second Class,CU-1104,Susan Johnson,Corporate,New York,East,PRD-OFF-3879,Office Supplies,Envelopes,Envelopes Item 305,175.2,8,0,39.51
1680,CA-2024-171978,2024-07-08,2024-07-12,Second Class,CU-1032,Anna Garcia,Home Office,Wisconsin,Central,PRD-FUR-7131,Furniture,Chairs,Chairs Item 111,794.12,1,0.2,258.82
1681,CA-2023-440894,2023-06-11,2023-06-18,First Class,CU-1127,Maria Moore,Home Office,Florida,East,PRD-TEC-3364,Technology,Machines,Machines Item 550,8201.42,7,0.2,1597.56
1682,CA-2024-501415,2024-07-22,2024-07-25,Standard Class,CU-1107,Omar Davis,Consumer,Pennsylvania,East,PRD-TEC-4358,Technology,Phones,Phones Item 849,2147.75,6,0.3,267.72
1683,CA-2021-346287,2021-11-01,2021-11-04,Standard Class,CU-1079,Richard Brown,Home Office,Florida,East,PRD-FUR-6207,Furniture,Furnishings,Furnishings Item 875,11990.24,8,0,-318.56
1684,CA-2023-292175,2023-07-29,2023-08-04,Standard Class,CU-1025,John Miller,Home Office,Georgia,South,PRD-FUR-7347,Furniture,Furnishings,Furnishings Item 459,3273.59,9,0.4,709.11
1685,CA-2021-236337,2021-11-09,2021-11-16,Same Day,CU-1178,Fatima Garcia,Corporate,Nevada,West,PRD-FUR-5416,Furniture,Chairs,Chairs Item 909,4490.08,7,0.5,582.75
1686,CA-2023-970181,2023-08-28,2023-09-01,Standard Class,CU-1159,James Anderson,Corporate,Michigan,Central,PRD-TEC-2783,Technology,Accessories,Accessories Item 925,3020.52,4,0,259.01
1687,CA-2023-606852,2023-10-23,2023-10-28,Second Class,CU-1130,Richard Thompson,Consumer,Tennessee,South,PRD-FUR-6039,Furniture,Tables,Tables Item 154,1569.31,4,0.2,416.28
1688,CA-2023-259761,2023-02-14,2023-02-19,Standard Class,CU-1078,John Lee,Consumer,Florida,East,PRD-TEC-6837,Technology,Accessories,Accessories Item 267,5730.23,6,0.4,1601.97
1689,CA-2024-280425,2024-03-23,2024-03-30,First Class,CU-1091,Lisa Martin,Consumer,Tennessee,South,PRD-TEC-2656,Technology,Copiers,Copiers Item 786,6517.5,5,0,1596.05
1690,CA-2023-305064,2023-10-07,2023-10-14,Second Class,CU-1181,Patricia Moore,Home Office,Arizona,West,PRD-OFF-4692,Office Supplies,Paper,Paper Item 445,257.14,8,0.4,1.31
1691,CA-2022-627108,2022-08-12,2022-08-17,First Class,CU-1173,Fatima Smith,Consumer,North Carolina,East,PRD-TEC-7638,Technology,Phones,Phones Item 365,16126.7,10,0,5594.07
1692,CA-2022-203116,2022-12-13,2022-12-20,Second Class,CU-1198,Karen Smith,Home Office,New York,East,PRD-TEC-5570,Technology,Phones,Phones Item 184,509.53,2,0.3,20.36
1693,CA-2022-130731,2022-05-22,2022-05-29,Standard Class,CU-1185,James Jackson,Corporate,Washington,West,PRD-TEC-4927,Technology,Copiers,Copiers Item 608,3726.12,5,0.4,-365.58
1694,CA-2024-629778,2024-08-07,2024-08-14,Standard Class,CU-1036,Carlos Thompson,Corporate,Texas,South,PRD-FUR-8319,Furniture,Chairs,Chairs Item 663,971.42,4,0.1,-51.23
1695,CA-2024-184076,2024-05-22,2024-05-23,Standard Class,CU-1151,Linda Wilson,Corporate,Mississippi,South,PRD-TEC-4943,Technology,Machines,Machines Item 209,229.61,1,0.5,61.07
1696,CA-2021-962596,2021-07-22,2021-07-27,Standard Class,CU-1192,Priya White,Consumer,Minnesota,Central,PRD-FUR-3549,Furniture,Furnishings,Furnishings Item 878,1596.48,2,0.4,475.51
1697,CA-2021-631970,2021-04-15,2021-04-21,First Class,CU-1090,Wei Thompson,Home Office,Mississippi,South,PRD-FUR-1154,Furniture,Chairs,Chairs Item 743,6930.39,8,0.3,2011.9
1698,CA-2022-457277,2022-02-26,2022-03-02,Second Class,CU-1030,Susan Davis,Consumer,Illinois,Central,PRD-TEC-8268,Technology,Machines,Machines Item 635,188.28,2,0,28.46
1699,CA-2023-917249,2023-08-24,2023-08-26,Second Class,CU-1190,Jessica Young,Corporate,Texas,South,PRD-FUR-1450,Furniture,Chairs,Chairs Item 665,933.94,8,0.4,-48.94
1700,CA-2021-745471,2021-08-16,2021-08-23,Second Class,CU-1176,Charles Miller,Corporate,Mississippi,South,PRD-FUR-9034,Furniture,Tables,Tables Item 893,2459.9,4,0.4,32.2
1701,CA-2022-455307,2022-02-10,2022-02-14,Same Day,CU-1030,Susan Davis,Consumer,Wisconsin,Central,PRD-TEC-1114,Technology,Phones,Phones Item 286,7989.31,7,0,2435.55
1702,CA-2021-857905,2021-01-31,2021-02-06,First Class,CU-1073,Robert Miller,Corporate,North Carolina,East,PRD-OFF-5208,Office Supplies,Storage,Storage Item 785,1392.72,8,0,-130.04
1703,CA-2021-514461,2021-10-04,2021-10-06,Standard Class,CU-1075,Ahmed Taylor,Consumer,Washington,West,PRD-TEC-7265,Technology,Accessories,Accessories Item 664,5001.82,7,0.4,855.86
1704,CA-2022-798751,2022-06-16,2022-06-20,Same Day,CU-1090,Wei Thompson,Home Office,Alabama,South,PRD-FUR-2939,Furniture,Chairs,Chairs Item 351,5784.18,8,0.3,-405.86
1705,CA-2024-248937,2024-11-28,2024-12-04,Standard Class,CU-1147,Ahmed Harris,Corporate,Tennessee,South,PRD-TEC-7363,Technology,Machines,Machines Item 174,2696.83,2,0.2,729.64
1706,CA-2021-307224,2021-01-20,2021-01-22,First Class,CU-1001,Linda Davis,Consumer,Nevada,West,PRD-FUR-2843,Furniture,Chairs,Chairs Item 734,1200.53,3,0.1,259.64
1707,CA-2024-402575,2024-03-29,2024-03-31,Standard Class,CU-1137,Mary Davis,Corporate,Washington,West,PRD-OFF-7964,Office Supplies,Labels,Labels Item 715,30.72,4,0.2,9.55
1708,CA-2022-339739,2022-10-10,2022-10-17,Standard Class,CU-1019,Carlos Wilson,Home Office,California,West,PRD-TEC-6975,Technology,Accessories,Accessories Item 881,6579.36,6,0.4,752.17
1709,CA-2023-404927,2023-03-06,2023-03-12,Second Class,CU-1182,Chen Young,Consumer,Mississippi,South,PRD-FUR-2486,Furniture,Tables,Tables Item 195,11680.92,10,0.1,460.65
1710,CA-2021-224247,2021-02-04,2021-02-11,Same Day,CU-1000,Anna Brown,Consumer,Tennessee,South,PRD-FUR-7954,Furniture,Furnishings,Furnishings Item 976,5800.0,5,0,700.42
1711,CA-2023-678614,2023-08-26,2023-08-28,Standard Class,CU-1031,John Johnson,Consumer,Virginia,East,PRD-FUR-9072,Furniture,Bookcases,Bookcases Item 437,2497.89,3,0,768.41
1712,CA-2022-490191,2022-04-25,2022-04-30,Standard Class,CU-1025,John Miller,Home Office,Georgia,South,PRD-OFF-1747,Office Supplies,Appliances,Appliances Item 880,453.84,6,0,31.48
1713,CA-2023-338113,2023-08-04,2023-08-06,Standard Class,CU-1171,Ahmed Thompson,Consumer,Mississippi,South,PRD-OFF-7058,Office Supplies,Art,Art Item 890,150.36,3,0.2,14.41
1714,CA-2023-248212,2023-08-06,2023-08-10,Standard Class,CU-1071,James Thomas,Corporate,Minnesota,Central,PRD-TEC-9192,Technology,Machines,Machines Item 574,993.6,8,0.5,-8.34
1715,CA-2023-376377,2023-02-26,2023-03-05,Second Class,CU-1031,John Johnson,Consumer,Virginia,East,PRD-OFF-8973,Office Supplies,Appliances,Appliances Item 425,1076.72,8,0,-2.77
1716,CA-2023-914027,2023-12-22,2023-12-23,First Class,CU-1078,John Lee,Consumer,Pennsylvania,East,PRD-TEC-3966,Technology,Copiers,Copiers Item 492,2364.67,2,0.3,514.45
1717,CA-2024-448474,2024-02-27,2024-02-29,Same Day,CU-1012,Karen Brown,Corporate,Washington,West,PRD-FUR-5919,Furniture,Furnishings,Furnishings Item 146,4030.35,3,0,603.55
1718,CA-2023-242718,2023-05-28,2023-05-31,Same Day,CU-1114,Carlos Miller,Corporate,Alabama,South,PRD-TEC-4383,Technology,Copiers,Copiers Item 446,1321.76,4,0,379.15
1719,CA-2023-537852,2023-04-02,2023-04-06,First Class,CU-1053,Charles Davis,Consumer,Arizona,West,PRD-OFF-8785,Office Supplies,Fasteners,Fasteners Item 721,176.7,10,0.4,39.74
1720,CA-2024-131677,2024-10-07,2024-10-13,Second Class,CU-1013,Karen Moore,Home Office,Alabama,South,PRD-FUR-4855,Furniture,Furnishings,Furnishings Item 365,240.62,3,0.3,60.41
1721,CA-2021-650320,2021-02-22,2021-02-28,Same Day,CU-1001,Linda Davis,Consumer,Oregon,West,PRD-OFF-6363,Office Supplies,Fasteners,Fasteners Item 710,470.6,4,0,155.6
1722,CA-2022-109263,2022-06-12,2022-06-19,First Class,CU-1115,William Williams,Corporate,Alabama,South,PRD-FUR-8591,Furniture,Tables,Tables Item 611,2421.44,7,0.5,302.89
1723,CA-2022-266498,2022-12-07,2022-12-10,Standard Class,CU-1181,Patricia Moore,Home Office,Oregon,West,PRD-FUR-3964,Furniture,Chairs,Chairs Item 588,4005.86,4,0.2,-135.31
1724,CA-2021-864037,2021-09-24,2021-09-28,Standard Class,CU-1053,Charles Davis,Consumer,Nevada,West,PRD-TEC-2743,Technology,Accessories,Accessories Item 879,1176.33,3,0,137.59
1725,CA-2023-613902,2023-01-30,2023-02-05,Same Day,CU-1019,Carlos Wilson,Home Office,Nevada,West,PRD-FUR-3582,Furniture,Chairs,Chairs Item 731,1303.42,2,0,326.83
1726,CA-2021-381233,2021-08-22,2021-08-25,Second Class,CU-1139,Maria Thomas,Corporate,Michigan,Central,PRD-OFF-1128,Office Supplies,Art,Art Item 312,78.09,1,0,21.55
1727,CA-2022-288935,2022-01-19,2022-01-20,Standard Class,CU-1149,Fatima Martin,Corporate,Pennsylvania,East,PRD-OFF-7512,Office Supplies,Art,Art Item 375,319.02,2,0.2,-5.43
1728,CA-2021-672907,2021-05-05,2021-05-09,Same Day,CU-1126,Carlos Jackson,Corporate,Illinois,Central,PRD-TEC-2317,Technology,Phones,Phones Item 509,14183.2,8,0,4463.68
1729,CA-2021-818537,2021-03-22,2021-03-25,First Class,CU-1049,Maria Moore,Corporate,Alabama,South,PRD-TEC-8517,Technology,Phones,Phones Item 287,4366.5,10,0,375.39
1730,CA-2023-334751,2023-02-11,2023-02-16,Second Class,CU-1064,Michael Thompson,Corporate,Virginia,East,PRD-TEC-4959,Technology,Copiers,Copiers Item 668,2966.7,10,0.5,281.7
1731,CA-2022-134090,2022-04-01,2022-04-06,First Class,CU-1001,Linda Davis,Consumer,Arizona,West,PRD-OFF-6325,Office Supplies,Art,Art Item 211,59.05,5,0.3,10.46
1732,CA-2022-734085,2022-03-25,2022-03-31,Same Day,CU-1178,Fatima Garcia,Corporate,Arizona,West,PRD-TEC-2425,Technology,Accessories,Accessories Item 263,2974.57,3,0.5,-56.27
1733,CA-2023-464969,2023-03-05,2023-03-07,First Class,CU-1146,Wei Thompson,Corporate,New York,East,PRD-OFF-8052,Office Supplies,Binders,Binders Item 835,1643.4,10,0,-71.57
1734,CA-2023-447212,2023-03-21,2023-03-27,Second Class,CU-1107,Omar Davis,Consumer,Florida,East,PRD-TEC-9015,Technology,Copiers,Copiers Item 371,8232.97,9,0.3,2797.18
1735,CA-2023-574631,2023-02-05,2023-02-06,Same Day,CU-1159,James Anderson,Corporate,Wisconsin,Central,PRD-OFF-6953,Office Supplies,Binders,Binders Item 871,492.39,5,0.4,116.54
1736,CA-2021-672145,2021-12-14,2021-12-15,Second Class,CU-1105,Carlos Davis,Home Office,California,West,PRD-TEC-7085,Technology,Phones,Phones Item 895,1405.9,10,0,347.6
1737,CA-2024-393069,2024-06-23,2024-06-24,Second Class,CU-1076,Charles Harris,Home Office,Pennsylvania,East,PRD-FUR-5051,Furniture,Chairs,Chairs Item 311,2837.46,3,0.3,938.36
1738,CA-2021-474887,2021-12-10,2021-12-12,Second Class,CU-1044,Mary Davis,Home Office,California,West,PRD-TEC-1972,Technology,Phones,Phones Item 216,7629.05,6,0.3,418.25
1739,CA-2022-444520,2022-11-23,2022-11-26,Second Class,CU-1158,Yuki Young,Corporate,Ohio,Central,PRD-OFF-4410,Office Supplies,Binders,Binders Item 738,662.31,7,0.2,140.95
1740,CA-2022-408850,2022-01-30,2022-02-01,Second Class,CU-1049,Maria Moore,Corporate,Georgia,South,PRD-TEC-1436,Technology,Copiers,Copiers Item 455,8821.7,10,0,2340.67
1741,CA-2024-228396,2024-08-14,2024-08-16,First Class,CU-1144,Robert White,Home Office,Mississippi,South,PRD-TEC-6461,Technology,Machines,Machines Item 869,730.6,2,0,73.02
1742,CA-2022-741443,2022-10-04,2022-10-11,Standard Class,CU-1153,Robert Davis,Corporate,Florida,East,PRD-OFF-2232,Office Supplies,Fasteners,Fasteners Item 592,32.82,2,0.5,2.65
1743,CA-2024-391352,2024-04-19,2024-04-22,Standard Class,CU-1117,James Brown,Corporate,Virginia,East,PRD-TEC-4328,Technology,Phones,Phones Item 558,2270.18,7,0.2,427.73
1744,CA-2021-238872,2021-07-20,2021-07-25,Same Day,CU-1087,Karen Miller,Home Office,Mississippi,South,PRD-TEC-4803,Technology,Copiers,Copiers Item 839,2841.66,2,0,331.7
1745,CA-2023-387382,2023-05-18,2023-05-25,Second Class,CU-1102,Wei Anderson,Home Office,Pennsylvania,East,PRD-FUR-2685,Furniture,Bookcases,Bookcases Item 245,5159.43,9,0.4,68.85
1746,CA-2024-226317,2024-06-25,2024-06-29,Standard Class,CU-1179,Charles Smith,Corporate,Illinois,Central,PRD-FUR-9733,Furniture,Tables,Tables Item 375,869.49,1,0,171.23
1747,CA-2022-300332,2022-07-08,2022-07-09,Standard Class,CU-1080,Charles Lee,Consumer,Washington,West,PRD-TEC-6206,Technology,Phones,Phones Item 196,5869.96,6,0.3,349.74
1748,CA-2021-710152,2021-10-13,2021-10-14,First Class,CU-1069,Sarah Harris,Consumer,Ohio,Central,PRD-OFF-8235,Office Supplies,Paper,Paper Item 596,539.64,4,0,71.69
1749,CA-2024-373603,2024-07-30,2024-08-01,First Class,CU-1151,Linda Wilson,Corporate,Alabama,South,PRD-FUR-9220,Furniture,Tables,Tables Item 658,6470.8,5,0,2179.6
1750,CA-2024-808214,2024-07-10,2024-07-17,Second Class,CU-1060,Susan Jackson,Corporate,Michigan,Central,PRD-FUR-8068,Furniture,Chairs,Chairs Item 604,237.34,1,0.5,28.88
1751,CA-2024-319120,2024-03-22,2024-03-24,Same Day,CU-1162,Sarah Smith,Corporate,Alabama,South,PRD-TEC-8655,Technology,Accessories,Accessories Item 833,1414.74,6,0,-35.84
1752,CA-2023-160114,2023-06-07,2023-06-10,First Class,CU-1138,Joseph Jackson,Home Office,Virginia,East,PRD-OFF-6253,Office Supplies,Storage,Storage Item 816,975.87,9,0,329.55
1753,CA-2021-926840,2021-10-04,2021-10-08,First Class,CU-1111,Richard Johnson,Corporate,Florida,East,PRD-TEC-4550,Technology,Phones,Phones Item 982,6932.8,7,0,437.36
1754,CA-2023-923903,2023-02-04,2023-02-05,Second Class,CU-1199,John Davis,Home Office,Michigan,Central,PRD-OFF-1141,Office Supplies,Art,Art Item 873,324.09,9,0,94.41
1755,CA-2022-864764,2022-01-11,2022-01-14,Second Class,CU-1027,Robert Wilson,Consumer,North Carolina,East,PRD-OFF-5127,Office Supplies,Art,Art Item 284,276.63,5,0.4,-4.17
1756,CA-2021-277762,2021-07-05,2021-07-12,First Class,CU-1165,Omar Thomas,Home Office,California,West,PRD-TEC-1220,Technology,Accessories,Accessories Item 720,1221.14,2,0,204.31
1757,CA-2023-971865,2023-03-19,2023-03-21,Standard Class,CU-1179,Charles Smith,Corporate,Minnesota,Central,PRD-OFF-6614,Office Supplies,Appliances,Appliances Item 947,254.79,3,0,4.59
1758,CA-2023-303639,2023-01-10,2023-01-14,Same Day,CU-1013,Karen Moore,Home Office,Mississippi,South,PRD-TEC-2226,Technology,Phones,Phones Item 151,6558.4,5,0,1460.75
1759,CA-2024-357541,2024-03-23,2024-03-25,Second Class,CU-1188,Ahmed Martin,Home Office,Texas,South,PRD-FUR-4640,Furniture,Tables,Tables Item 491,398.5,3,0.5,-23.06
1760,CA-2023-654567,2023-05-10,2023-05-11,Same Day,CU-1001,Linda Davis,Consumer,California,West,PRD-TEC-7848,Technology,Copiers,Copiers Item 950,539.78,1,0.2,43.24
1761,CA-2023-236104,2023-06-12,2023-06-19,Second Class,CU-1014,Charles Miller,Home Office,Nevada,West,PRD-FUR-6334,Furniture,Bookcases,Bookcases Item 333,6794.24,9,0.3,-647.86
1762,CA-2022-544238,2022-02-14,2022-02-17,Same Day,CU-1118,Charles Wilson,Consumer,Washington,West,PRD-TEC-4247,Technology,Copiers,Copiers Item 905,5165.73,3,0,-38.67
1763,CA-2021-931063,2021-01-26,2021-02-01,First Class,CU-1105,Carlos Davis,Home Office,California,West,PRD-OFF-4277,Office Supplies,Labels,Labels Item 832,309.07,2,0.2,-11.82
1764,CA-2022-956820,2022-12-16,2022-12-19,Second Class,CU-1025,John Miller,Home Office,Alabama,South,PRD-FUR-7362,Furniture,Chairs,Chairs Item 635,1170.64,8,0.5,229.82
1765,CA-2023-133183,2023-05-11,2023-05-18,First Class,CU-1092,Omar Brown,Consumer,Alabama,South,PRD-FUR-8021,Furniture,Tables,Tables Item 928,4597.1,10,0,1234.12
1766,CA-2022-456705,2022-11-03,2022-11-10,Standard Class,CU-1017,William White,Home Office,Alabama,South,PRD-TEC-4093,Technology,Copiers,Copiers Item 276,1679.99,2,0.5,300.51
1767,CA-2021-400973,2021-03-26,2021-03-28,Same Day,CU-1076,Charles Harris,Home Office,Pennsylvania,East,PRD-OFF-9129,Office Supplies,Envelopes,Envelopes Item 272,227.96,5,0.2,-14.82
1768,CA-2022-918838,2022-12-09,2022-12-13,Same Day,CU-1056,Thomas Davis,Corporate,Michigan,Central,PRD-FUR-5807,Furniture,Tables,Tables Item 891,4056.3,10,0,-103.52
1769,CA-2022-982970,2022-04-07,2022-04-11,Standard Class,CU-1137,Mary Davis,Corporate,Oregon,West,PRD-TEC-8108,Technology,Copiers,Copiers Item 851,6960.1,5,0,-76.3
1770,CA-2021-112675,2021-05-10,2021-05-16,Second Class,CU-1180,Richard Miller,Consumer,Virginia,East,PRD-TEC-5389,Technology,Machines,Machines Item 278,11056.94,9,0.3,1291.11
1771,CA-2022-436893,2022-07-25,2022-07-27,Standard Class,CU-1023,Wei Johnson,Consumer,Nevada,West,PRD-OFF-5290,Office Supplies,Binders,Binders Item 788,786.5,10,0.5,110.22
1772,CA-2022-987546,2022-09-17,2022-09-21,Standard Class,CU-1109,Ahmed Taylor,Corporate,New York,East,PRD-OFF-8488,Office Supplies,Art,Art Item 152,193.28,5,0.2,4.66
1773,CA-2021-888992,2021-06-18,2021-06-23,Same Day,CU-1101,Priya Jones,Home Office,Nevada,West,PRD-FUR-7352,Furniture,Bookcases,Bookcases Item 873,3368.15,5,0.5,-137.7
1774,CA-2024-920142,2024-02-08,2024-02-15,First Class,CU-1059,Patricia Brown,Home Office,Minnesota,Central,PRD-TEC-3443,Technology,Machines,Machines Item 563,2125.92,2,0,685.12
1775,CA-2024-215339,2024-03-27,2024-04-03,First Class,CU-1121,Richard Young,Consumer,Georgia,South,PRD-TEC-4869,Technology,Machines,Machines Item 472,846.08,1,0.4,-76.83
1776,CA-2021-138278,2021-03-10,2021-03-13,Same Day,CU-1105,Carlos Davis,Home Office,Nevada,West,PRD-TEC-7493,Technology,Accessories,Accessories Item 594,8252.77,5,0.1,-40.66
1777,CA-2024-123334,2024-09-25,2024-09-27,Standard Class,CU-1165,Omar Thomas,Home Office,Nevada,West,PRD-FUR-7891,Furniture,Furnishings,Furnishings Item 520,12613.77,9,0,2910.03
1778,CA-2024-913801,2024-08-08,2024-08-11,Same Day,CU-1121,Richard Young,Consumer,Mississippi,South,PRD-TEC-9231,Technology,Phones,Phones Item 878,7083.34,9,0.4,340.66
1779,CA-2021-593594,2021-04-06,2021-04-10,Second Class,CU-1084,Carlos Moore,Corporate,Mississippi,South,PRD-TEC-9252,Technology,Copiers,Copiers Item 874,6877.45,5,0,1467.43
1780,CA-2021-984824,2021-02-19,2021-02-25,Standard Class,CU-1123,Susan Jackson,Consumer,Alabama,South,PRD-FUR-8461,Furniture,Bookcases,Bookcases Item 160,4346.85,5,0,1185.8
1781,CA-2023-834169,2023-05-16,2023-05-23,Same Day,CU-1067,Mary Thompson,Consumer,Arizona,West,PRD-TEC-2002,Technology,Copiers,Copiers Item 880,759.52,1,0.1,-12.1
1782,CA-2021-809011,2021-11-30,2021-12-05,Second Class,CU-1017,William White,Home Office,Alabama,South,PRD-TEC-9790,Technology,Copiers,Copiers Item 263,11836.4,10,0,2400.5
1783,CA-2024-539017,2024-02-25,2024-02-27,Second Class,CU-1125,Ahmed Moore,Home Office,Texas,South,PRD-OFF-1099,Office Supplies,Storage,Storage Item 646,190.82,4,0.5,44.25
1784,CA-2024-279952,2024-06-04,2024-06-07,Second Class,CU-1108,Priya Jackson,Consumer,Virginia,East,PRD-FUR-2427,Furniture,Bookcases,Bookcases Item 790,299.86,1,0.1,101.24
1785,CA-2022-820463,2022-11-01,2022-11-04,Standard Class,CU-1197,Priya Lee,Home Office,Georgia,South,PRD-OFF-7232,Office Supplies,Binders,Binders Item 713,224.88,5,0.4,23.01
1786,CA-2024-959335,2024-06-17,2024-06-20,Second Class,CU-1045,John Harris,Consumer,New York,East,PRD-OFF-5449,Office Supplies,Appliances,Appliances Item 337,76.73,1,0,25.43
1787,CA-2022-924547,2022-07-24,2022-07-30,Second Class,CU-1143,Karen Davis,Consumer,Wisconsin,Central,PRD-TEC-9224,Technology,Phones,Phones Item 980,1917.04,2,0,165.69
1788,CA-2024-772025,2024-07-22,2024-07-26,Standard Class,CU-1001,Linda Davis,Consumer,Nevada,West,PRD-FUR-5138,Furniture,Tables,Tables Item 890,7968.3,6,0,-427.66
1789,CA-2024-197678,2024-09-01,2024-09-06,Second Class,CU-1148,Fatima Davis,Home Office,Georgia,South,PRD-FUR-3557,Furniture,Chairs,Chairs Item 522,9350.56,8,0,1067.64
1790,CA-2021-150252,2021-03-29,2021-04-02,Standard Class,CU-1161,Sarah Davis,Corporate,Michigan,Central,PRD-TEC-7588,Technology,Phones,Phones Item 253,11692.89,9,0,1220.94
1791,CA-2024-676997,2024-05-15,2024-05-19,First Class,CU-1135,John Davis,Home Office,Georgia,South,PRD-TEC-1315,Technology,Machines,Machines Item 568,6175.71,9,0,1218.04
1792,CA-2023-707601,2023-11-06,2023-11-12,Same Day,CU-1037,Patricia Moore,Corporate,North Carolina,East,PRD-FUR-7930,Furniture,Tables,Tables Item 706,481.68,5,0.4,68.84
1793,CA-2024-215530,2024-05-13,2024-05-17,Same Day,CU-1175,Linda Jones,Corporate,California,West,PRD-TEC-1274,Technology,Copiers,Copiers Item 345,2157.68,7,0,299.21
1794,CA-2023-766477,2023-07-24,2023-07-25,Second Class,CU-1159,James Anderson,Corporate,Illinois,Central,PRD-TEC-7250,Technology,Copiers,Copiers Item 745,2687.36,5,0.1,125.58
1795,CA-2024-450232,2024-08-07,2024-08-10,Standard Class,CU-1166,John Jackson,Consumer,Ohio,Central,PRD-OFF-3336,Office Supplies,Appliances,Appliances Item 405,63.74,2,0.2,16.87
1796,CA-2022-725654,2022-03-17,2022-03-21,Second Class,CU-1041,Robert Anderson,Consumer,Oregon,West,PRD-TEC-5362,Technology,Phones,Phones Item 683,3398.87,4,0.1,-326.19
1797,CA-2024-362065,2024-12-13,2024-12-14,Same Day,CU-1115,William Williams,Corporate,Alabama,South,PRD-OFF-6214,Office Supplies,Art,Art Item 236,24.57,1,0.2,0.22
1798,CA-2021-472097,2021-03-28,2021-03-31,First Class,CU-1195,Jennifer Harris,Consumer,Tennessee,South,PRD-TEC-5561,Technology,Copiers,Copiers Item 795,6840.45,9,0.5,1747.04
1799,CA-2023-835771,2023-03-31,2023-04-07,Standard Class,CU-1004,Linda Martin,Home Office,Washington,West,PRD-FUR-5075,Furniture,Tables,Tables Item 630,3945.57,6,0.5,1377.54
1800,CA-2024-531084,2024-12-29,2025-01-02,Second Class,CU-1094,William Moore,Home Office,Virginia,East,PRD-TEC-8595,Technology,Accessories,Accessories Item 718,2122.51,4,0.4,172.89
1801,CA-2023-397485,2023-12-20,2023-12-24,Second Class,CU-1198,Karen Smith,Home Office,North Carolina,East,PRD-OFF-3853,Office Supplies,Paper,Paper Item 238,355.17,6,0.5,119.16
1802,CA-2022-734212,2022-06-10,2022-06-12,Second Class,CU-1191,Yuki Davis,Consumer,Texas,South,PRD-OFF-7831,Office Supplies,Art,Art Item 507,577.32,3,0,-54.85
1803,CA-2024-528009,2024-03-11,2024-03-16,First Class,CU-1018,Jennifer Anderson,Corporate,Florida,East,PRD-TEC-9981,Technology,Accessories,Accessories Item 353,8680.21,7,0,1428.71
1804,CA-2024-600652,2024-02-07,2024-02-13,Same Day,CU-1055,Priya Johnson,Corporate,Oregon,West,PRD-FUR-8107,Furniture,Furnishings,Furnishings Item 112,5197.08,8,0.3,1623.38
1805,CA-2022-650703,2022-05-21,2022-05-24,First Class,CU-1077,Mary Martin,Consumer,New York,East,PRD-TEC-9648,Technology,Phones,Phones Item 863,16355.4,10,0,773.88
1806,CA-2021-232177,2021-06-23,2021-06-25,Standard Class,CU-1048,Michael Thompson,Home Office,North Carolina,East,PRD-FUR-8641,Furniture,Chairs,Chairs Item 508,1078.64,1,0.2,36.53
1807,CA-2021-419773,2021-05-18,2021-05-25,Standard Class,CU-1037,Patricia Moore,Corporate,North Carolina,East,PRD-OFF-2936,Office Supplies,Envelopes,Envelopes Item 117,737.8,5,0,-1.49
1808,CA-2024-437009,2024-03-23,2024-03-27,Second Class,CU-1052,James Young,Home Office,North Carolina,East,PRD-TEC-7287,Technology,Copiers,Copiers Item 404,721.98,1,0.4,137.17
1809,CA-2022-445512,2022-08-31,2022-09-01,Standard Class,CU-1040,Yuki Moore,Home Office,Pennsylvania,East,PRD-OFF-1507,Office Supplies,Fasteners,Fasteners Item 683,255.91,9,0.3,70.18
1810,CA-2023-939279,2023-05-27,2023-06-01,Same Day,CU-1124,Lisa Taylor,Home Office,Nevada,West,PRD-TEC-7062,Technology,Machines,Machines Item 511,5504.94,3,0,1057.31
1811,CA-2021-596876,2021-01-09,2021-01-10,Second Class,CU-1136,Linda Miller,Consumer,Washington,West,PRD-OFF-9621,Office Supplies,Storage,Storage Item 540,55.48,1,0.4,4.66
1812,CA-2023-894501,2023-09-11,2023-09-13,Standard Class,CU-1146,Wei Thompson,Corporate,Virginia,East,PRD-OFF-2974,Office Supplies,Labels,Labels Item 827,213.36,5,0.2,25.78
1813,CA-2022-788545,2022-04-07,2022-04-08,First Class,CU-1041,Robert Anderson,Consumer,Oregon,West,PRD-TEC-9124,Technology,Copiers,Copiers Item 301,1673.14,7,0,206.28
1814,CA-2021-466594,2021-05-31,2021-06-04,Same Day,CU-1164,Wei White,Consumer,Washington,West,PRD-TEC-3402,Technology,Accessories,Accessories Item 811,3054.52,2,0,1022.35
1815,CA-2024-857316,2024-04-10,2024-04-15,Same Day,CU-1085,Omar Williams,Consumer,Wisconsin,Central,PRD-TEC-4012,Technology,Accessories,Accessories Item 929,1837.76,4,0,-26.75
1816,CA-2022-570342,2022-07-18,2022-07-25,First Class,CU-1075,Ahmed Taylor,Consumer,Oregon,West,PRD-FUR-9757,Furniture,Chairs,Chairs Item 525,2655.76,8,0.5,630.49
1817,CA-2022-105387,2022-10-08,2022-10-09,Same Day,CU-1032,Anna Garcia,Home Office,Ohio,Central,PRD-OFF-1558,Office Supplies,Appliances,Appliances Item 804,119.16,6,0,30.25
1818,CA-2021-828840,2021-07-03,2021-07-07,First Class,CU-1142,Jennifer Martin,Corporate,Oregon,West,PRD-TEC-5190,Technology,Accessories,Accessories Item 137,687.08,2,0.4,-9.16
1819,CA-2024-471214,2024-02-18,2024-02-25,First Class,CU-1154,Maria Miller,Consumer,Illinois,Central,PRD-OFF-2563,Office Supplies,Binders,Binders Item 428,667.2,6,0,152.13
1820,CA-2022-939664,2022-07-10,2022-07-16,First Class,CU-1115,William Williams,Corporate,Tennessee,South,PRD-OFF-1768,Office Supplies,Art,Art Item 762,489.76,4,0,154.19
1821,CA-2021-398903,2021-01-06,2021-01-07,Standard Class,CU-1125,Ahmed Moore,Home Office,Alabama,South,PRD-TEC-5526,Technology,Accessories,Accessories Item 118,2687.68,5,0.2,-126.98
1822,CA-2024-846421,2024-05-22,2024-05-29,Second Class,CU-1194,David Smith,Corporate,Georgia,South,PRD-OFF-7268,Office Supplies,Fasteners,Fasteners Item 503,323.66,2,0,66.82
1823,CA-2021-638697,2021-03-23,2021-03-25,First Class,CU-1196,Chen Wilson,Corporate,Georgia,South,PRD-FUR-6270,Furniture,Furnishings,Furnishings Item 261,1000.31,1,0,-31.81
1824,CA-2021-396206,2021-07-05,2021-07-09,Second Class,CU-1155,Jessica Taylor,Home Office,Michigan,Central,PRD-OFF-3165,Office Supplies,Art,Art Item 304,408.41,4,0.3,91.64
1825,CA-2024-414552,2024-05-23,2024-05-27,Standard Class,CU-1014,Charles Miller,Home Office,Washington,West,PRD-FUR-1697,Furniture,Chairs,Chairs Item 710,2612.58,7,0.5,905.47
1826,CA-2024-223191,2024-10-23,2024-10-29,First Class,CU-1043,Patricia Anderson,Corporate,New York,East,PRD-OFF-3379,Office Supplies,Paper,Paper Item 930,73.37,4,0.1,15.14
1827,CA-2021-451572,2021-07-25,2021-07-26,First Class,CU-1099,Jennifer White,Home Office,Minnesota,Central,PRD-OFF-4948,Office Supplies,Labels,Labels Item 290,127.53,9,0,33.18
1828,CA-2021-788073,2021-08-17,2021-08-22,First Class,CU-1168,David Miller,Corporate,Texas,South,PRD-FUR-6137,Furniture,Chairs,Chairs Item 331,9632.96,8,0,-327.2
1829,CA-2024-599173,2024-10-20,2024-10-21,First Class,CU-1153,Robert Davis,Corporate,Florida,East,PRD-FUR-3254,Furniture,Bookcases,Bookcases Item 755,2327.55,5,0,671.72
1830,CA-2023-166609,2023-06-28,2023-07-05,Standard Class,CU-1050,Joseph Martin,Corporate,California,West,PRD-FUR-7901,Furniture,Furnishings,Furnishings Item 997,7841.43,10,0.1,1250.4
1831,CA-2023-527237,2023-04-16,2023-04-18,First Class,CU-1124,Lisa Taylor,Home Office,Nevada,West,PRD-TEC-1222,Technology,Accessories,Accessories Item 241,7830.6,10,0,497.13
1832,CA-2021-660590,2021-05-31,2021-06-06,Second Class,CU-1191,Yuki Davis,Consumer,Alabama,South,PRD-FUR-7361,Furniture,Chairs,Chairs Item 629,2233.98,6,0.5,-217.43
1833,CA-2022-154351,2022-11-09,2022-11-16,Standard Class,CU-1102,Wei Anderson,Home Office,New York,East,PRD-FUR-7077,Furniture,Tables,Tables Item 145,2569.73,7,0.4,701.94
1834,CA-2024-778407,2024-08-05,2024-08-06,First Class,CU-1033,Lisa Williams,Corporate,Wisconsin,Central,PRD-OFF-4544,Office Supplies,Art,Art Item 700,126.65,1,0,-12.04
1835,CA-2021-161553,2021-08-31,2021-09-02,Standard Class,CU-1011,Lisa Wilson,Consumer,Wisconsin,Central,PRD-OFF-6553,Office Supplies,Envelopes,Envelopes Item 261,228.42,3,0,39.69
1836,CA-2023-489050,2023-08-01,2023-08-08,First Class,CU-1176,Charles Miller,Corporate,Georgia,South,PRD-OFF-1682,Office Supplies,Appliances,Appliances Item 150,688.84,4,0,231.54
1837,CA-2023-239510,2023-06-01,2023-06-02,Same Day,CU-1159,James Anderson,Corporate,Wisconsin,Central,PRD-FUR-3245,Furniture,Bookcases,Bookcases Item 144,4010.12,5,0.2,1063.06
1838,CA-2024-395190,2024-02-15,2024-02-20,First Class,CU-1081,Jessica Young,Home Office,Tennessee,South,PRD-OFF-2978,Office Supplies,Labels,Labels Item 835,420.76,4,0,63.47
1839,CA-2023-759816,2023-03-09,2023-03-12,First Class,CU-1140,Linda Jones,Home Office,Arizona,West,PRD-FUR-3570,Furniture,Tables,Tables Item 987,3450.81,5,0.4,1177.27
1840,CA-2024-256665,2024-11-05,2024-11-08,Same Day,CU-1042,Lisa Taylor,Corporate,Arizona,West,PRD-TEC-4845,Technology,Copiers,Copiers Item 931,398.43,1,0.4,28.27
1841,CA-2023-246318,2023-05-11,2023-05-18,Standard Class,CU-1104,Susan Johnson,Corporate,New York,East,PRD-FUR-3527,Furniture,Furnishings,Furnishings Item 875,181.64,8,0.5,52.43
1842,CA-2021-306297,2021-02-02,2021-02-04,First Class,CU-1107,Omar Davis,Consumer,Florida,East,PRD-FUR-4261,Furniture,Chairs,Chairs Item 797,5101.11,9,0,349.46
1843,CA-2023-812392,2023-06-23,2023-06-25,Same Day,CU-1001,Linda Davis,Consumer,California,West,PRD-OFF-6682,Office Supplies,Paper,Paper Item 639,911.4,8,0.3,82.45
1844,CA-2021-235212,2021-05-07,2021-05-10,First Class,CU-1112,Michael White,Corporate,Mississippi,South,PRD-TEC-5347,Technology,Machines,Machines Item 157,641.09,2,0.3,24.63
1845,CA-2022-881543,2022-06-26,2022-07-02,Standard Class,CU-1181,Patricia Moore,Home Office,Nevada,West,PRD-FUR-6231,Furniture,Tables,Tables Item 840,3152.28,6,0.5,512.52
1846,CA-2024-183835,2024-03-18,2024-03-24,Same Day,CU-1117,James Brown,Corporate,New York,East,PRD-OFF-8039,Office Supplies,Art,Art Item 438,510.84,5,0.4,82.41
1847,CA-2024-304271,2024-02-09,2024-02-11,First Class,CU-1099,Jennifer White,Home Office,Illinois,Central,PRD-FUR-8679,Furniture,Furnishings,Furnishings Item 150,6355.89,9,0,434.84
1848,CA-2022-827779,2022-05-13,2022-05-19,Standard Class,CU-1197,Priya Lee,Home Office,Georgia,South,PRD-FUR-2642,Furniture,Furnishings,Furnishings Item 677,3780.72,9,0,992.7
1849,CA-2021-477362,2021-02-22,2021-02-27,Second Class,CU-1047,William Martin,Home Office,Ohio,Central,PRD-FUR-8848,Furniture,Furnishings,Furnishings Item 317,1235.16,4,0,260.11
1850,CA-2022-524539,2022-03-07,2022-03-12,Standard Class,CU-1174,Wei Smith,Home Office,Pennsylvania,East,PRD-FUR-3684,Furniture,Bookcases,Bookcases Item 935,3920.43,3,0,176.31
1851,CA-2023-722580,2023-02-10,2023-02-15,First Class,CU-1101,Priya Jones,Home Office,Nevada,West,PRD-OFF-3612,Office Supplies,Fasteners,Fasteners Item 329,244.78,3,0.1,44.03
1852,CA-2022-247525,2022-11-24,2022-11-30,Second Class,CU-1184,John Martin,Home Office,Mississippi,South,PRD-TEC-1002,Technology,Accessories,Accessories Item 166,276.9,3,0,3.63
1853,CA-2022-898118,2022-01-22,2022-01-24,First Class,CU-1108,Priya Jackson,Consumer,North Carolina,East,PRD-TEC-2156,Technology,Machines,Machines Item 719,1114.1,3,0.2,136.58
1854,CA-2021-109534,2021-11-02,2021-11-07,First Class,CU-1151,Linda Wilson,Corporate,Mississippi,South,PRD-OFF-6604,Office Supplies,Appliances,Appliances Item 229,726.98,6,0.3,203.0
1855,CA-2023-557616,2023-06-26,2023-06-29,Second Class,CU-1099,Jennifer White,Home Office,Illinois,Central,PRD-OFF-7444,Office Supplies,Paper,Paper Item 907,1728.72,9,0,-149.96
1856,CA-2022-262241,2022-03-14,2022-03-20,Second Class,CU-1072,Barbara Jackson,Home Office,Ohio,Central,PRD-TEC-4338,Technology,Copiers,Copiers Item 177,1516.34,3,0.5,166.93
1857,CA-2024-517779,2024-12-04,2024-12-05,Same Day,CU-1106,Susan Thompson,Corporate,North Carolina,East,PRD-FUR-6922,Furniture,Bookcases,Bookcases Item 153,695.25,1,0.5,-68.45
1858,CA-2021-744205,2021-03-12,2021-03-15,First Class,CU-1060,Susan Jackson,Corporate,Minnesota,Central,PRD-FUR-1615,Furniture,Tables,Tables Item 755,2869.08,3,0,652.91
1859,CA-2021-620155,2021-04-20,2021-04-22,Same Day,CU-1121,Richard Young,Consumer,Tennessee,South,PRD-FUR-8012,Furniture,Chairs,Chairs Item 564,6601.34,8,0.3,844.0
1860,CA-2023-102537,2023-01-31,2023-02-05,Standard Class,CU-1107,Omar Davis,Consumer,Pennsylvania,East,PRD-FUR-9328,Furniture,Tables,Tables Item 778,234.19,1,0.4,-3.3
1861,CA-2022-864336,2022-06-22,2022-06-26,Same Day,CU-1091,Lisa Martin,Consumer,Alabama,South,PRD-TEC-4422,Technology,Machines,Machines Item 206,1660.92,5,0.5,316.5
1862,CA-2024-907481,2024-04-17,2024-04-23,First Class,CU-1133,Thomas Harris,Home Office,Pennsylvania,East,PRD-OFF-9291,Office Supplies,Appliances,Appliances Item 537,1271.76,10,0.2,215.48
1863,CA-2024-953402,2024-06-24,2024-06-27,First Class,CU-1008,David Wilson,Consumer,North Carolina,East,PRD-FUR-7831,Furniture,Chairs,Chairs Item 893,9560.07,10,0.1,-341.15
1864,CA-2022-238189,2022-03-20,2022-03-22,First Class,CU-1111,Richard Johnson,Corporate,Virginia,East,PRD-OFF-9979,Office Supplies,Envelopes,Envelopes Item 699,173.46,7,0,-5.1
1865,CA-2024-792618,2024-08-26,2024-08-27,First Class,CU-1180,Richard Miller,Consumer,North Carolina,East,PRD-TEC-1066,Technology,Machines,Machines Item 816,15138.33,9,0.1,199.3
1866,CA-2024-558162,2024-11-03,2024-11-07,Second Class,CU-1018,Jennifer Anderson,Corporate,Pennsylvania,East,PRD-OFF-5918,Office Supplies,Fasteners,Fasteners Item 276,525.57,4,0.2,169.53
1867,CA-2022-849870,2022-11-30,2022-12-04,Standard Class,CU-1163,Carlos Thomas,Home Office,Pennsylvania,East,PRD-FUR-3109,Furniture,Furnishings,Furnishings Item 309,10514.7,9,0,3249.54
1868,CA-2024-780454,2024-08-09,2024-08-14,First Class,CU-1115,William Williams,Corporate,Mississippi,South,PRD-FUR-9555,Furniture,Chairs,Chairs Item 150,10509.26,9,0.2,-732.22
1869,CA-2022-470058,2022-02-14,2022-02-20,First Class,CU-1098,James Taylor,Consumer,Texas,South,PRD-OFF-6317,Office Supplies,Labels,Labels Item 627,362.1,7,0.2,27.57
1870,CA-2024-694929,2024-06-30,2024-07-03,Second Class,CU-1109,Ahmed Taylor,Corporate,Florida,East,PRD-FUR-7471,Furniture,Tables,Tables Item 923,644.39,1,0.5,-19.73
1871,CA-2024-701809,2024-01-18,2024-01-19,Standard Class,CU-1030,Susan Davis,Consumer,Illinois,Central,PRD-TEC-6286,Technology,Copiers,Copiers Item 464,5820.57,7,0,-322.86
1872,CA-2024-526090,2024-11-02,2024-11-07,Same Day,CU-1081,Jessica Young,Home Office,Alabama,South,PRD-FUR-6873,Furniture,Bookcases,Bookcases Item 605,8959.36,9,0.3,425.57
1873,CA-2021-593103,2021-12-19,2021-12-22,Standard Class,CU-1090,Wei Thompson,Home Office,Texas,South,PRD-FUR-7798,Furniture,Bookcases,Bookcases Item 927,53.45,1,0.5,2.77
1874,CA-2022-160282,2022-08-20,2022-08-26,Same Day,CU-1135,John Davis,Home Office,Georgia,South,PRD-FUR-3869,Furniture,Chairs,Chairs Item 362,2688.92,7,0.3,-140.01
1875,CA-2021-637177,2021-05-21,2021-05-28,First Class,CU-1077,Mary Martin,Consumer,Virginia,East,PRD-OFF-7660,Office Supplies,Appliances,Appliances Item 647,29.73,1,0.1,-0.28
1876,CA-2023-344717,2023-11-16,2023-11-23,Standard Class,CU-1109,Ahmed Taylor,Corporate,New York,East,PRD-FUR-1746,Furniture,Furnishings,Furnishings Item 737,1251.67,2,0.1,104.76
1877,CA-2021-637599,2021-11-12,2021-11-14,Standard Class,CU-1076,Charles Harris,Home Office,Virginia,East,PRD-OFF-9856,Office Supplies,Art,Art Item 726,29.02,3,0.3,6.65
1878,CA-2022-738282,2022-04-03,2022-04-04,Second Class,CU-1188,Ahmed Martin,Home Office,Mississippi,South,PRD-FUR-8098,Furniture,Chairs,Chairs Item 753,5059.6,5,0,823.43
1879,CA-2023-608340,2023-09-02,2023-09-07,Second Class,CU-1016,Yuki Davis,Consumer,Wisconsin,Central,PRD-OFF-2794,Office Supplies,Appliances,Appliances Item 314,353.2,5,0,52.93
1880,CA-2024-652208,2024-06-02,2024-06-05,First Class,CU-1092,Omar Brown,Consumer,Alabama,South,PRD-TEC-7187,Technology,Machines,Machines Item 869,668.42,1,0.3,159.81
1881,CA-2022-114848,2022-09-05,2022-09-10,Same Day,CU-1176,Charles Miller,Corporate,Alabama,South,PRD-OFF-9986,Office Supplies,Storage,Storage Item 146,466.96,4,0,139.96
1882,CA-2021-852067,2021-01-03,2021-01-05,First Class,CU-1035,Karen Smith,Home Office,Nevada,West,PRD-OFF-2474,Office Supplies,Labels,Labels Item 462,395.64,3,0,103.12
1883,CA-2021-645872,2021-10-14,2021-10-17,Same Day,CU-1135,John Davis,Home Office,Mississippi,South,PRD-FUR-2578,Furniture,Chairs,Chairs Item 677,5084.96,4,0,-414.98
1884,CA-2024-594052,2024-09-23,2024-09-27,Same Day,CU-1190,Jessica Young,Corporate,Alabama,South,PRD-FUR-2092,Furniture,Furnishings,Furnishings Item 625,5557.2,6,0,1085.53
1885,CA-2024-856688,2024-11-07,2024-11-12,Standard Class,CU-1108,Priya Jackson,Consumer,Virginia,East,PRD-TEC-6242,Technology,Accessories,Accessories Item 905,9610.83,9,0,2667.91
1886,CA-2023-639285,2023-03-23,2023-03-29,Same Day,CU-1164,Wei White,Consumer,Arizona,West,PRD-FUR-8034,Furniture,Chairs,Chairs Item 131,1052.19,3,0.1,-25.52
1887,CA-2024-851232,2024-01-29,2024-02-02,Second Class,CU-1188,Ahmed Martin,Home Office,Tennessee,South,PRD-OFF-9459,Office Supplies,Labels,Labels Item 314,347.6,8,0.5,11.0
1888,CA-2022-102608,2022-01-30,2022-02-05,Second Class,CU-1025,John Miller,Home Office,Alabama,South,PRD-FUR-9677,Furniture,Furnishings,Furnishings Item 917,3440.5,10,0,231.16
1889,CA-2023-624972,2023-08-18,2023-08-23,Second Class,CU-1195,Jennifer Harris,Consumer,Texas,South,PRD-TEC-7788,Technology,Machines,Machines Item 737,8111.9,7,0.3,1244.42
1890,CA-2021-260183,2021-02-17,2021-02-21,Same Day,CU-1140,Linda Jones,Home Office,Arizona,West,PRD-TEC-9234,Technology,Accessories,Accessories Item 693,718.68,3,0.5,-33.37
1891,CA-2021-594431,2021-12-17,2021-12-19,Standard Class,CU-1006,Linda White,Home Office,Georgia,South,PRD-OFF-9882,Office Supplies,Binders,Binders Item 742,373.46,7,0.2,109.35
1892,CA-2021-679012,2021-04-24,2021-04-30,Same Day,CU-1163,Carlos Thomas,Home Office,Florida,East,PRD-FUR-8293,Furniture,Furnishings,Furnishings Item 530,4038.0,10,0.2,-275.51
1893,CA-2022-722170,2022-10-05,2022-10-07,Standard Class,CU-1127,Maria Moore,Home Office,Virginia,East,PRD-OFF-6779,Office Supplies,Paper,Paper Item 697,604.16,8,0.5,79.38
1894,CA-2023-160899,2023-10-09,2023-10-14,First Class,CU-1016,Yuki Davis,Consumer,Michigan,Central,PRD-OFF-4442,Office Supplies,Labels,Labels Item 617,1066.93,9,0.4,-26.2
1895,CA-2023-530990,2023-11-15,2023-11-19,Second Class,CU-1067,Mary Thompson,Consumer,Arizona,West,PRD-TEC-4896,Technology,Phones,Phones Item 707,831.74,1,0.4,-53.5
1896,CA-2022-762277,2022-01-05,2022-01-06,First Class,CU-1102,Wei Anderson,Home Office,New York,East,PRD-OFF-9847,Office Supplies,Binders,Binders Item 635,223.4,2,0,-6.79
1897,CA-2024-899453,2024-09-04,2024-09-11,Standard Class,CU-1164,Wei White,Consumer,Nevada,West,PRD-TEC-1600,Technology,Accessories,Accessories Item 994,305.9,8,0.4,22.82
1898,CA-2023-238365,2023-07-21,2023-07-26,Second Class,CU-1030,Susan Davis,Consumer,Illinois,Central,PRD-TEC-4784,Technology,Copiers,Copiers Item 329,6791.58,10,0.4,1011.78
1899,CA-2024-557870,2024-09-19,2024-09-26,Same Day,CU-1070,Priya Johnson,Consumer,Wisconsin,Central,PRD-OFF-9041,Office Supplies,Labels,Labels Item 435,36.62,1,0.3,-2.93
1900,CA-2024-643754,2024-06-11,2024-06-15,Second Class,CU-1117,James Brown,Corporate,North Carolina,East,PRD-OFF-8976,Office Supplies,Envelopes,Envelopes Item 552,222.27,6,0.5,-20.9
1901,CA-2021-944514,2021-12-16,2021-12-23,Standard Class,CU-1060,Susan Jackson,Corporate,Illinois,Central,PRD-OFF-6214,Office Supplies,Envelopes,Envelopes Item 550,415.26,6,0,85.8
1902,CA-2023-774976,2023-01-03,2023-01-05,Second Class,CU-1173,Fatima Smith,Consumer,New York,East,PRD-TEC-6098,Technology,Copiers,Copiers Item 476,4204.8,9,0.2,77.93
1903,CA-2022-180058,2022-03-05,2022-03-06,First Class,CU-1130,Richard Thompson,Consumer,Mississippi,South,PRD-FUR-4716,Furniture,Chairs,Chairs Item 763,11423.44,8,0,2726.14
1904,CA-2022-661778,2022-02-11,2022-02-15,First Class,CU-1082,Omar Wilson,Consumer,Texas,South,PRD-FUR-8174,Furniture,Chairs,Chairs Item 999,8638.91,7,0,2027.07
1905,CA-2023-156032,2023-07-04,2023-07-09,First Class,CU-1115,William Williams,Corporate,Mississippi,South,PRD-TEC-8750,Technology,Accessories,Accessories Item 688,2985.84,5,0.2,55.33
1906,CA-2022-909659,2022-04-20,2022-04-27,First Class,CU-1075,Ahmed Taylor,Consumer,California,West,PRD-FUR-6231,Furniture,Furnishings,Furnishings Item 591,114.84,1,0.1,36.97
1907,CA-2023-318431,2023-11-03,2023-11-09,Same Day,CU-1055,Priya Johnson,Corporate,Nevada,West,PRD-TEC-3413,Technology,Machines,Machines Item 778,5600.16,6,0,955.61
1908,CA-2021-512617,2021-08-02,2021-08-07,Standard Class,CU-1112,Michael White,Corporate,Georgia,South,PRD-OFF-7034,Office Supplies,Envelopes,Envelopes Item 822,345.48,3,0,16.98
1909,CA-2024-961557,2024-08-08,2024-08-10,Second Class,CU-1169,David Thomas,Corporate,Michigan,Central,PRD-TEC-6684,Technology,Accessories,Accessories Item 741,792.47,5,0.3,-54.65
1910,CA-2024-711401,2024-01-06,2024-01-08,Standard Class,CU-1189,Lisa Thompson,Corporate,Michigan,Central,PRD-FUR-7296,Furniture,Furnishings,Furnishings Item 966,8756.86,8,0.2,273.53
1911,CA-2023-862477,2023-03-08,2023-03-10,First Class,CU-1120,Jessica Lee,Home Office,Oregon,West,PRD-TEC-8979,Technology,Machines,Machines Item 374,5424.3,9,0,1707.08
1912,CA-2021-166733,2021-08-24,2021-08-28,First Class,CU-1189,Lisa Thompson,Corporate,Wisconsin,Central,PRD-FUR-2540,Furniture,Chairs,Chairs Item 514,1424.01,1,0,-93.11
1913,CA-2021-974647,2021-05-28,2021-06-03,Second Class,CU-1144,Robert White,Home Office,Mississippi,South,PRD-FUR-1959,Furniture,Chairs,Chairs Item 822,3153.82,5,0.5,233.29
1914,CA-2024-827706,2024-02-26,2024-02-28,First Class,CU-1151,Linda Wilson,Corporate,Tennessee,South,PRD-FUR-3054,Furniture,Furnishings,Furnishings Item 648,1111.84,1,0,184.76
1915,CA-2024-353088,2024-09-22,2024-09-28,Second Class,CU-1103,Jessica Jones,Consumer,Tennessee,South,PRD-TEC-1484,Technology,Phones,Phones Item 688,9434.46,7,0.3,3171.49
1916,CA-2023-958962,2023-02-27,2023-03-05,Second Class,CU-1185,James Jackson,Corporate,Arizona,West,PRD-TEC-7185,Technology,Phones,Phones Item 525,2748.8,7,0.5,-122.59
1917,CA-2021-246328,2021-06-09,2021-06-10,Second Class,CU-1105,Carlos Davis,Home Office,Nevada,West,PRD-FUR-3097,Furniture,Furnishings,Furnishings Item 236,1428.15,5,0,-56.42
1918,CA-2022-716964,2022-07-05,2022-07-10,Standard Class,CU-1174,Wei Smith,Home Office,Pennsylvania,East,PRD-OFF-7897,Office Supplies,Binders,Binders Item 599,351.38,4,0.4,52.42
1919,CA-2021-597395,2021-02-03,2021-02-04,First Class,CU-1091,Lisa Martin,Consumer,Mississippi,South,PRD-FUR-2970,Furniture,Chairs,Chairs Item 380,2314.63,3,0.2,616.65
1920,CA-2024-321552,2024-06-17,2024-06-19,Standard Class,CU-1075,Ahmed Taylor,Consumer,California,West,PRD-TEC-8115,Technology,Machines,Machines Item 414,3085.87,8,0.4,952.25
1921,CA-2021-676282,2021-04-18,2021-04-19,Same Day,CU-1035,Karen Smith,Home Office,Nevada,West,PRD-FUR-6844,Furniture,Tables,Tables Item 852,1764.09,3,0,274.18
1922,CA-2024-451121,2024-06-08,2024-06-14,Second Class,CU-1164,Wei White,Consumer,Nevada,West,PRD-FUR-5304,Furniture,Tables,Tables Item 931,4979.52,8,0.4,1408.52
1923,CA-2024-127604,2024-05-29,2024-05-30,Standard Class,CU-1023,Wei Johnson,Consumer,Oregon,West,PRD-TEC-4412,Technology,Machines,Machines Item 951,3147.38,3,0.3,171.45
1924,CA-2024-676010,2024-10-31,2024-11-03,Second Class,CU-1069,Sarah Harris,Consumer,Michigan,Central,PRD-FUR-5926,Furniture,Furnishings,Furnishings Item 580,2198.23,3,0.1,346.66
1925,CA-2022-364965,2022-04-24,2022-04-25,Same Day,CU-1193,Charles Lee,Home Office,Ohio,Central,PRD-FUR-4243,Furniture,Bookcases,Bookcases Item 252,579.47,2,0.5,18.3
1926,CA-2021-830524,2021-08-23,2021-08-26,Same Day,CU-1091,Lisa Martin,Consumer,Texas,South,PRD-OFF-1132,Office Supplies,Appliances,Appliances Item 396,1490.94,10,0.1,-106.47
1927,CA-2022-355705,2022-10-22,2022-10-25,Same Day,CU-1003,Mary Smith,Consumer,North Carolina,East,PRD-FUR-9656,Furniture,Furnishings,Furnishings Item 923,1066.59,7,0.1,-81.81
1928,CA-2021-204758,2021-04-16,2021-04-17,Second Class,CU-1095,Maria Taylor,Consumer,Mississippi,South,PRD-OFF-2063,Office Supplies,Appliances,Appliances Item 356,131.68,2,0,6.06
1929,CA-2023-532592,2023-09-13,2023-09-18,Standard Class,CU-1058,Linda Harris,Corporate,Florida,East,PRD-TEC-2594,Technology,Phones,Phones Item 146,12855.52,8,0,1889.2
1930,CA-2024-435631,2024-07-16,2024-07-21,Second Class,CU-1157,Richard Young,Home Office,Nevada,West,PRD-FUR-9977,Furniture,Bookcases,Bookcases Item 767,6891.9,6,0,571.65
1931,CA-2023-706272,2023-05-27,2023-06-03,Second Class,CU-1000,Anna Brown,Consumer,Georgia,South,PRD-OFF-4214,Office Supplies,Envelopes,Envelopes Item 112,124.16,2,0.2,-2.4
1932,CA-2021-304721,2021-04-19,2021-04-21,Same Day,CU-1103,Jessica Jones,Consumer,Texas,South,PRD-TEC-1309,Technology,Accessories,Accessories Item 791,8210.03,6,0.3,2540.83
1933,CA-2021-876890,2021-12-11,2021-12-14,First Class,CU-1083,Linda Wilson,Corporate,Pennsylvania,East,PRD-TEC-2689,Technology,Phones,Phones Item 422,185.85,3,0.4,21.59
1934,CA-2022-717426,2022-10-17,2022-10-23,Standard Class,CU-1019,Carlos Wilson,Home Office,Oregon,West,PRD-OFF-5093,Office Supplies,Fasteners,Fasteners Item 310,236.05,2,0.4,21.48
1935,CA-2021-242274,2021-10-16,2021-10-18,Standard Class,CU-1189,Lisa Thompson,Corporate,Wisconsin,Central,PRD-TEC-3137,Technology,Machines,Machines Item 288,1784.58,1,0.1,519.45
1936,CA-2021-496131,2021-04-07,2021-04-10,Standard Class,CU-1170,William Williams,Corporate,Washington,West,PRD-TEC-4403,Technology,Phones,Phones Item 362,15271.4,10,0,-744.6
1937,CA-2022-703849,2022-03-05,2022-03-07,Second Class,CU-1136,Linda Miller,Consumer,Oregon,West,PRD-TEC-2912,Technology,Accessories,Accessories Item 915,1366.29,3,0.4,450.75
1938,CA-2022-726738,2022-05-14,2022-05-20,Same Day,CU-1054,Maria Johnson,Consumer,Washington,West,PRD-FUR-9201,Furniture,Bookcases,Bookcases Item 509,2339.51,5,0.1,86.39
1939,CA-2024-548996,2024-06-02,2024-06-06,First Class,CU-1076,Charles Harris,Home Office,Virginia,East,PRD-TEC-3848,Technology,Accessories,Accessories Item 863,6290.4,10,0.4,-81.79
1940,CA-2023-558506,2023-01-01,2023-01-03,Second Class,CU-1013,Karen Moore,Home Office,Mississippi,South,PRD-FUR-8731,Furniture,Furnishings,Furnishings Item 950,3510.32,5,0.3,-70.89
1941,CA-2023-912014,2023-04-09,2023-04-16,Second Class,CU-1059,Patricia Brown,Home Office,Michigan,Central,PRD-TEC-6447,Technology,Machines,Machines Item 676,8251.24,7,0.4,552.15
1942,CA-2023-509035,2023-09-27,2023-10-04,Second Class,CU-1016,Yuki Davis,Consumer,Michigan,Central,PRD-TEC-2724,Technology,Machines,Machines Item 372,907.9,9,0.4,79.37
1943,CA-2022-523960,2022-03-25,2022-03-27,Second Class,CU-1121,Richard Young,Consumer,Tennessee,South,PRD-OFF-7452,Office Supplies,Storage,Storage Item 544,704.96,5,0.2,222.56
1944,CA-2024-454485,2024-09-27,2024-09-29,Second Class,CU-1184,John Martin,Home Office,Tennessee,South,PRD-TEC-3524,Technology,Copiers,Copiers Item 396,7877.24,10,0.3,1863.53
1945,CA-2023-258056,2023-10-09,2023-10-14,First Class,CU-1051,Linda Davis,Consumer,Alabama,South,PRD-FUR-7854,Furniture,Chairs,Chairs Item 301,600.96,8,0.5,173.4
1946,CA-2022-384639,2022-04-05,2022-04-08,Same Day,CU-1190,Jessica Young,Corporate,Mississippi,South,PRD-TEC-1428,Technology,Machines,Machines Item 522,3729.35,9,0.4,40.49
1947,CA-2024-410415,2024-01-08,2024-01-10,Second Class,CU-1025,John Miller,Home Office,Alabama,South,PRD-OFF-6807,Office Supplies,Appliances,Appliances Item 981,1236.4,10,0,107.41
1948,CA-2021-512773,2021-06-20,2021-06-21,Same Day,CU-1057,Michael Thompson,Consumer,Wisconsin,Central,PRD-OFF-4411,Office Supplies,Envelopes,Envelopes Item 585,21.4,2,0,2.65
1949,CA-2021-824705,2021-05-01,2021-05-05,Standard Class,CU-1033,Lisa Williams,Corporate,Minnesota,Central,PRD-TEC-1312,Technology,Phones,Phones Item 669,3287.4,5,0.4,876.2
1950,CA-2022-318110,2022-07-18,2022-07-23,Standard Class,CU-1035,Karen Smith,Home Office,Nevada,West,PRD-TEC-5879,Technology,Accessories,Accessories Item 901,3719.47,5,0.1,619.18
1951,CA-2023-439020,2023-03-24,2023-03-26,Second Class,CU-1197,Priya Lee,Home Office,Alabama,South,PRD-OFF-5858,Office Supplies,Labels,Labels Item 452,1983.4,10,0,148.5
1952,CA-2022-300545,2022-02-25,2022-03-04,Same Day,CU-1192,Priya White,Consumer,Minnesota,Central,PRD-OFF-7478,Office Supplies,Paper,Paper Item 940,362.09,3,0.2,-34.36
1953,CA-2023-797244,2023-11-02,2023-11-09,Second Class,CU-1146,Wei Thompson,Corporate,Virginia,East,PRD-TEC-8539,Technology,Phones,Phones Item 190,5963.62,7,0.4,1332.11
1954,CA-2023-126817,2023-07-14,2023-07-20,Second Class,CU-1158,Yuki Young,Corporate,Minnesota,Central,PRD-FUR-7383,Furniture,Tables,Tables Item 210,2126.34,6,0,-181.19
1955,CA-2024-219106,2024-03-15,2024-03-16,First Class,CU-1043,Patricia Anderson,Corporate,Virginia,East,PRD-FUR-4794,Furniture,Tables,Tables Item 378,798.1,10,0,-9.89
1956,CA-2023-539628,2023-09-03,2023-09-09,First Class,CU-1069,Sarah Harris,Consumer,Ohio,Central,PRD-FUR-9937,Furniture,Tables,Tables Item 916,8625.67,9,0.2,-685.61
1957,CA-2021-165091,2021-07-01,2021-07-07,Same Day,CU-1176,Charles Miller,Corporate,Tennessee,South,PRD-TEC-9919,Technology,Copiers,Copiers Item 193,4721.9,10,0,1639.86
1958,CA-2021-706435,2021-01-22,2021-01-25,Standard Class,CU-1026,Michael Harris,Corporate,Minnesota,Central,PRD-OFF-1633,Office Supplies,Paper,Paper Item 254,170.44,1,0,51.5
1959,CA-2023-537249,2023-05-05,2023-05-12,Standard Class,CU-1135,John Davis,Home Office,Mississippi,South,PRD-TEC-3365,Technology,Copiers,Copiers Item 224,3517.06,2,0,38.34
1960,CA-2022-878796,2022-06-13,2022-06-18,First Class,CU-1197,Priya Lee,Home Office,Georgia,South,PRD-FUR-2223,Furniture,Bookcases,Bookcases Item 535,4035.77,3,0.1,176.21
1961,CA-2024-200839,2024-03-04,2024-03-10,Second Class,CU-1015,Mary Davis,Corporate,Nevada,West,PRD-FUR-8873,Furniture,Chairs,Chairs Item 201,5325.93,9,0,243.75
1962,CA-2023-313152,2023-10-12,2023-10-13,First Class,CU-1179,Charles Smith,Corporate,Illinois,Central,PRD-TEC-1070,Technology,Phones,Phones Item 265,1594.32,1,0.2,490.72
1963,CA-2024-403382,2024-09-03,2024-09-04,Second Class,CU-1133,Thomas Harris,Home Office,North Carolina,East,PRD-TEC-8939,Technology,Phones,Phones Item 813,6809.62,9,0.2,290.78
1964,CA-2022-599580,2022-03-13,2022-03-17,Same Day,CU-1019,Carlos Wilson,Home Office,Arizona,West,PRD-OFF-2175,Office Supplies,Storage,Storage Item 344,262.25,7,0.4,-4.1
1965,CA-2021-623571,2021-03-18,2021-03-24,Same Day,CU-1141,Priya Brown,Corporate,New York,East,PRD-FUR-3486,Furniture,Chairs,Chairs Item 221,1888.34,2,0.2,-44.95
1966,CA-2021-844474,2021-04-09,2021-04-10,First Class,CU-1089,Susan Moore,Consumer,Michigan,Central,PRD-TEC-8099,Technology,Phones,Phones Item 777,1671.41,4,0.4,281.74
1967,CA-2021-674480,2021-05-17,2021-05-21,First Class,CU-1047,William Martin,Home Office,Minnesota,Central,PRD-FUR-9140,Furniture,Bookcases,Bookcases Item 857,4492.68,3,0,1082.5
1968,CA-2021-763745,2021-01-05,2021-01-07,Same Day,CU-1079,Richard Brown,Home Office,New York,East,PRD-FUR-5520,Furniture,Bookcases,Bookcases Item 633,1403.33,2,0.5,228.3
1969,CA-2023-733873,2023-05-23,2023-05-27,Standard Class,CU-1134,Carlos Williams,Corporate,Tennessee,South,PRD-FUR-6699,Furniture,Tables,Tables Item 779,400.95,1,0.3,37.97
1970,CA-2023-916103,2023-01-19,2023-01-22,Second Class,CU-1102,Wei Anderson,Home Office,Pennsylvania,East,PRD-OFF-7385,Office Supplies,Labels,Labels Item 513,277.23,3,0,29.13
1971,CA-2023-127147,2023-04-10,2023-04-13,Standard Class,CU-1034,Lisa White,Home Office,Tennessee,South,PRD-FUR-5496,Furniture,Furnishings,Furnishings Item 213,505.28,8,0,-31.66
1972,CA-2023-779772,2023-02-14,2023-02-19,First Class,CU-1056,Thomas Davis,Corporate,Illinois,Central,PRD-FUR-2681,Furniture,Tables,Tables Item 997,593.78,1,0.5,148.51
1973,CA-2024-531856,2024-07-30,2024-08-06,First Class,CU-1001,Linda Davis,Consumer,California,West,PRD-FUR-7678,Furniture,Chairs,Chairs Item 272,1488.44,2,0,-143.68
1974,CA-2021-468232,2021-08-16,2021-08-17,Second Class,CU-1049,Maria Moore,Corporate,Mississippi,South,PRD-OFF-3539,Office Supplies,Fasteners,Fasteners Item 390,131.4,4,0,-2.44
1975,CA-2022-442613,2022-07-23,2022-07-27,First Class,CU-1003,Mary Smith,Consumer,North Carolina,East,PRD-TEC-5471,Technology,Accessories,Accessories Item 194,9620.48,10,0.2,-823.73
1976,CA-2022-734744,2022-07-03,2022-07-07,First Class,CU-1009,Fatima Taylor,Consumer,Arizona,West,PRD-TEC-1486,Technology,Accessories,Accessories Item 945,2562.91,2,0.1,143.94
1977,CA-2022-917646,2022-02-02,2022-02-05,Second Class,CU-1198,Karen Smith,Home Office,Virginia,East,PRD-FUR-8154,Furniture,Tables,Tables Item 396,8102.79,9,0,2075.9
1978,CA-2023-142923,2023-09-30,2023-10-05,Second Class,CU-1030,Susan Davis,Consumer,Michigan,Central,PRD-OFF-1388,Office Supplies,Appliances,Appliances Item 407,29.89,1,0,8.46
1979,CA-2022-846895,2022-08-13,2022-08-20,First Class,CU-1026,Michael Harris,Corporate,Wisconsin,Central,PRD-FUR-9364,Furniture,Tables,Tables Item 879,1863.0,2,0,473.18
1980,CA-2022-682662,2022-08-13,2022-08-17,First Class,CU-1024,Chen Taylor,Corporate,Tennessee,South,PRD-FUR-9354,Furniture,Furnishings,Furnishings Item 790,2518.17,3,0,-155.49
1981,CA-2022-504253,2022-04-03,2022-04-04,Same Day,CU-1142,Jennifer Martin,Corporate,Arizona,West,PRD-TEC-4724,Technology,Machines,Machines Item 575,11725.47,9,0,2382.14
1982,CA-2021-252996,2021-08-25,2021-08-31,Same Day,CU-1142,Jennifer Martin,Corporate,Arizona,West,PRD-TEC-7594,Technology,Accessories,Accessories Item 710,8395.97,5,0.1,2266.15
1983,CA-2022-448057,2022-10-16,2022-10-23,First Class,CU-1147,Ahmed Harris,Corporate,Texas,South,PRD-OFF-1341,Office Supplies,Storage,Storage Item 657,1010.75,8,0.2,216.34
1984,CA-2022-872350,2022-01-18,2022-01-23,Same Day,CU-1194,David Smith,Corporate,Tennessee,South,PRD-TEC-3510,Technology,Copiers,Copiers Item 632,10347.04,10,0.2,638.19
1985,CA-2023-495588,2023-05-29,2023-05-30,Same Day,CU-1155,Jessica Taylor,Home Office,Wisconsin,Central,PRD-TEC-5478,Technology,Phones,Phones Item 480,4696.6,6,0.1,23.89
1986,CA-2021-433811,2021-06-19,2021-06-23,Same Day,CU-1113,Wei Davis,Consumer,California,West,PRD-TEC-2132,Technology,Copiers,Copiers Item 406,2227.87,2,0.4,442.78
1987,CA-2021-475090,2021-04-30,2021-05-02,First Class,CU-1150,William White,Consumer,Mississippi,South,PRD-TEC-3633,Technology,Phones,Phones Item 755,2361.31,4,0.4,418.39
1988,CA-2022-415929,2022-08-29,2022-09-01,Second Class,CU-1156,Jessica Johnson,Consumer,Minnesota,Central,PRD-FUR-4017,Furniture,Furnishings,Furnishings Item 346,7259.88,6,0,1010.41
1989,CA-2022-322918,2022-05-29,2022-05-31,Standard Class,CU-1190,Jessica Young,Corporate,Georgia,South,PRD-FUR-6423,Furniture,Chairs,Chairs Item 450,738.1,5,0,28.43
1990,CA-2024-443543,2024-05-14,2024-05-15,First Class,CU-1063,Chen Brown,Consumer,Florida,East,PRD-OFF-9175,Office Supplies,Storage,Storage Item 676,479.6,8,0,34.95
1991,CA-2021-272535,2021-11-29,2021-12-02,Standard Class,CU-1096,Thomas Harris,Corporate,California,West,PRD-FUR-3365,Furniture,Furnishings,Furnishings Item 735,5382.79,4,0.1,-1.45
1992,CA-2022-290089,2022-08-20,2022-08-23,First Class,CU-1086,Lisa Young,Consumer,Arizona,West,PRD-TEC-4708,Technology,Phones,Phones Item 147,16624.44,9,0,2267.78
1993,CA-2021-556217,2021-10-14,2021-10-19,Standard Class,CU-1071,James Thomas,Corporate,Illinois,Central,PRD-FUR-3571,Furniture,Tables,Tables Item 714,1048.64,8,0.5,34.57
1994,CA-2021-191239,2021-02-24,2021-02-27,Second Class,CU-1035,Karen Smith,Home Office,Washington,West,PRD-FUR-7653,Furniture,Furnishings,Furnishings Item 491,1004.4,2,0.1,166.38
1995,CA-2023-974735,2023-08-31,2023-09-07,Second Class,CU-1154,Maria Miller,Consumer,Ohio,Central,PRD-TEC-2984,Technology,Copiers,Copiers Item 959,4943.52,3,0,1666.11
1996,CA-2021-147351,2021-11-18,2021-11-23,Standard Class,CU-1059,Patricia Brown,Home Office,Wisconsin,Central,PRD-FUR-1798,Furniture,Bookcases,Bookcases Item 208,454.14,3,0.4,-25.95
1997,CA-2024-321927,2024-08-09,2024-08-11,Same Day,CU-1147,Ahmed Harris,Corporate,Georgia,South,PRD-FUR-1355,Furniture,Tables,Tables Item 288,7462.0,10,0,-739.28
1998,CA-2024-551188,2024-08-20,2024-08-23,Second Class,CU-1181,Patricia Moore,Home Office,Arizona,West,PRD-TEC-5600,Technology,Copiers,Copiers Item 816,3044.32,3,0.4,675.82
1999,CA-2023-486364,2023-11-19,2023-11-25,Standard Class,CU-1126,Carlos Jackson,Corporate,Illinois,Central,PRD-FUR-5680,Furniture,Bookcases,Bookcases Item 912,7053.36,8,0,14.86
2000,CA-2022-878986,2022-03-21,2022-03-23,Same Day,CU-1199,John Davis,Home Office,Michigan,Central,PRD-TEC-7174,Technology,Phones,Phones Item 396,7661.36,8,0,215.96
